The following modules were not unloaded:
  (Use "module --force purge" to unload all):

  1) init-NRIS
INFO:    gocryptfs not found, will not be able to use gocryptfs
/usr/bin/rm: cannot remove '/usr/local/cuda/compat/lib': Read-only file system
rm: cannot remove '/usr/local/cuda/compat/lib': Read-only file system
2026-03-22 11:24:55,676: Arguments:
2026-03-22 11:24:55,676:   batch_size: 64
2026-03-22 11:24:55,676:   epochs: 30
2026-03-22 11:24:55,676:   fractions: 1.0
2026-03-22 11:24:55,676:   label_column: Outcome
2026-03-22 11:24:55,676:   models: Transformer,LSTM,RNNTransformer
2026-03-22 11:24:55,677:   no_search: False
2026-03-22 11:24:55,677:   number_to_use: 100
2026-03-22 11:24:55,677:   optimal: True
2026-03-22 11:24:55,677:   output_dir: /cluster/work/projects/nn12048k/michechi/results/sensitivity_stochastic/
2026-03-22 11:24:55,677:   path_csv: /cluster/home/michechi/MIMICIV/data/simulation/sensitivity_stochastic/
2026-03-22 11:24:55,677:   patience: 3
2026-03-22 11:24:55,677:   seed: 9550
2026-03-22 11:24:55,677:   sequence_column: Sequences
2026-03-22 11:24:55,678:   sequence_separator: 
2026-03-22 11:24:56,229: Using device: cuda
2026-03-22 11:24:56,229: Loading data from: /cluster/home/michechi/MIMICIV/data/simulation/sensitivity_stochastic/
2026-03-22 11:24:56,798: Data loaded - Train: 320000, Val: 40000, Test: 40000
2026-03-22 11:24:56,820: Maximum sequence length: 10
2026-03-22 11:24:56,821: Testing fractions: [1.0]
2026-03-22 11:24:56,821: Models to train: ['Transformer', 'LSTM', 'RNNTransformer']
2026-03-22 11:24:56,821: Using OPTIMAL configurations
2026-03-22 11:24:56,821: 
======================================================================
2026-03-22 11:24:56,821: MODEL: Transformer
2026-03-22 11:24:56,821: ======================================================================
2026-03-22 11:24:56,822: --------------------------------------------------
2026-03-22 11:24:56,822: Training Transformer with 100% of training data
2026-03-22 11:24:56,822: --------------------------------------------------
2026-03-22 11:24:56,822: Training subset size: 320000
2026-03-22 11:26:51,971:   Early stopping at epoch 4
2026-03-22 11:26:53,132: Transformer @ 100% - Test AUC: 0.5716, Test F1: 0.2945, Precision: 0.6794, Recall: 0.1880, Time: 116.3s
2026-03-22 11:26:53,132:   Confusion Matrix: TN=25437, FP=1187, FN=10861, TP=2515
2026-03-22 11:26:53,214: 
======================================================================
2026-03-22 11:26:53,214: MODEL: LSTM
2026-03-22 11:26:53,214: ======================================================================
2026-03-22 11:26:53,214: --------------------------------------------------
2026-03-22 11:26:53,215: Training LSTM with 100% of training data
2026-03-22 11:26:53,215: --------------------------------------------------
2026-03-22 11:26:53,215: Training subset size: 320000
2026-03-22 11:27:55,930:   Epoch [5/30] Train Loss: 0.6124, Val F1: 0.2897, Val AUC: 0.5738
2026-03-22 11:29:02,351:   Epoch [10/30] Train Loss: 0.6084, Val F1: 0.3002, Val AUC: 0.5725
2026-03-22 11:30:07,120:   Epoch [15/30] Train Loss: 0.6029, Val F1: 0.2987, Val AUC: 0.5747
2026-03-22 11:30:07,120:   Early stopping at epoch 15
2026-03-22 11:30:07,858: LSTM @ 100% - Test AUC: 0.5738, Test F1: 0.2936, Precision: 0.6691, Recall: 0.1880, Time: 194.6s
2026-03-22 11:30:07,858:   Confusion Matrix: TN=25380, FP=1244, FN=10861, TP=2515
2026-03-22 11:30:07,938: 
======================================================================
2026-03-22 11:30:07,938: MODEL: RNNTransformer
2026-03-22 11:30:07,939: ======================================================================
2026-03-22 11:30:07,939: --------------------------------------------------
2026-03-22 11:30:07,939: Training RNNTransformer with 100% of training data
2026-03-22 11:30:07,939: --------------------------------------------------
2026-03-22 11:30:07,939: Training subset size: 320000
2026-03-22 11:31:53,655:   Early stopping at epoch 4
2026-03-22 11:31:54,817: RNNTransformer @ 100% - Test AUC: 0.5719, Test F1: 0.2906, Precision: 0.6916, Recall: 0.1839, Time: 106.9s
2026-03-22 11:31:54,817:   Confusion Matrix: TN=25527, FP=1097, FN=10916, TP=2460
2026-03-22 11:31:54,909: 
Results saved to: /cluster/work/projects/nn12048k/michechi/results/sensitivity_stochastic/dl_fraction_experiment_100_OPTIMAL_20260322_113154.csv
2026-03-22 11:31:54,911: Detailed results saved to: /cluster/work/projects/nn12048k/michechi/results/sensitivity_stochastic/dl_fraction_experiment_100_OPTIMAL_20260322_113154.json
2026-03-22 11:31:54,911: 
======================================================================
2026-03-22 11:31:54,911: EXPERIMENT SUMMARY
2026-03-22 11:31:54,911: ======================================================================
2026-03-22 11:31:54,912: 
Transformer:
2026-03-22 11:31:54,912: Fraction   Train N    Test AUC   Test F1    Precision  Recall    
2026-03-22 11:31:54,912: ------------------------------------------------------------
2026-03-22 11:31:54,912:    100%    320000     0.5716     0.2945     0.6794     0.1880    
2026-03-22 11:31:54,912: 
LSTM:
2026-03-22 11:31:54,912: Fraction   Train N    Test AUC   Test F1    Precision  Recall    
2026-03-22 11:31:54,912: ------------------------------------------------------------
2026-03-22 11:31:54,912:    100%    320000     0.5738     0.2936     0.6691     0.1880    
2026-03-22 11:31:54,912: 
RNNTransformer:
2026-03-22 11:31:54,913: Fraction   Train N    Test AUC   Test F1    Precision  Recall    
2026-03-22 11:31:54,913: ------------------------------------------------------------
2026-03-22 11:31:54,913:    100%    320000     0.5719     0.2906     0.6916     0.1839    
INFO:    gocryptfs not found, will not be able to use gocryptfs
/usr/bin/rm: cannot remove '/usr/local/cuda/compat/lib': Read-only file system
rm: cannot remove '/usr/local/cuda/compat/lib': Read-only file system
2026-03-22 11:32:01,043: Arguments:
2026-03-22 11:32:01,043:   batch_size: 64
2026-03-22 11:32:01,043:   epochs: 30
2026-03-22 11:32:01,043:   fractions: 1.0
2026-03-22 11:32:01,044:   label_column: Outcome
2026-03-22 11:32:01,044:   models: Transformer,LSTM,RNNTransformer
2026-03-22 11:32:01,044:   no_search: False
2026-03-22 11:32:01,044:   number_to_use: 101
2026-03-22 11:32:01,044:   optimal: True
2026-03-22 11:32:01,044:   output_dir: /cluster/work/projects/nn12048k/michechi/results/sensitivity_stochastic/
2026-03-22 11:32:01,044:   path_csv: /cluster/home/michechi/MIMICIV/data/simulation/sensitivity_stochastic/
2026-03-22 11:32:01,044:   patience: 3
2026-03-22 11:32:01,044:   seed: 9550
2026-03-22 11:32:01,045:   sequence_column: Sequences
2026-03-22 11:32:01,045:   sequence_separator: 
2026-03-22 11:32:01,603: Using device: cuda
2026-03-22 11:32:01,604: Loading data from: /cluster/home/michechi/MIMICIV/data/simulation/sensitivity_stochastic/
2026-03-22 11:32:02,336: Data loaded - Train: 320000, Val: 40000, Test: 40000
2026-03-22 11:32:02,359: Maximum sequence length: 15
2026-03-22 11:32:02,360: Testing fractions: [1.0]
2026-03-22 11:32:02,360: Models to train: ['Transformer', 'LSTM', 'RNNTransformer']
2026-03-22 11:32:02,360: Using OPTIMAL configurations
2026-03-22 11:32:02,360: 
======================================================================
2026-03-22 11:32:02,360: MODEL: Transformer
2026-03-22 11:32:02,360: ======================================================================
2026-03-22 11:32:02,360: --------------------------------------------------
2026-03-22 11:32:02,360: Training Transformer with 100% of training data
2026-03-22 11:32:02,361: --------------------------------------------------
2026-03-22 11:32:02,361: Training subset size: 320000
2026-03-22 11:34:18,537:   Epoch [5/30] Train Loss: 0.6171, Val F1: 0.7842, Val AUC: 0.6475
2026-03-22 11:35:12,695:   Early stopping at epoch 7
2026-03-22 11:35:13,855: Transformer @ 100% - Test AUC: 0.6403, Test F1: 0.7841, Precision: 0.7021, Recall: 0.8879, Time: 191.5s
2026-03-22 11:35:13,856:   Confusion Matrix: TN=6026, FP=9297, FN=2766, TP=21911
2026-03-22 11:35:13,940: 
======================================================================
2026-03-22 11:35:13,940: MODEL: LSTM
2026-03-22 11:35:13,940: ======================================================================
2026-03-22 11:35:13,940: --------------------------------------------------
2026-03-22 11:35:13,941: Training LSTM with 100% of training data
2026-03-22 11:35:13,941: --------------------------------------------------
2026-03-22 11:35:13,941: Training subset size: 320000
2026-03-22 11:36:15,679:   Epoch [5/30] Train Loss: 0.6261, Val F1: 0.7734, Val AUC: 0.6406
2026-03-22 11:37:05,351:   Early stopping at epoch 9
2026-03-22 11:37:06,084: LSTM @ 100% - Test AUC: 0.6378, Test F1: 0.7746, Precision: 0.6873, Recall: 0.8874, Time: 112.1s
2026-03-22 11:37:06,084:   Confusion Matrix: TN=5359, FP=9964, FN=2779, TP=21898
2026-03-22 11:37:06,167: 
======================================================================
2026-03-22 11:37:06,167: MODEL: RNNTransformer
2026-03-22 11:37:06,167: ======================================================================
2026-03-22 11:37:06,167: --------------------------------------------------
2026-03-22 11:37:06,168: Training RNNTransformer with 100% of training data
2026-03-22 11:37:06,168: --------------------------------------------------
2026-03-22 11:37:06,168: Training subset size: 320000
2026-03-22 11:39:10,288:   Epoch [5/30] Train Loss: 0.6208, Val F1: 0.7825, Val AUC: 0.6474
2026-03-22 11:39:35,225:   Early stopping at epoch 6
2026-03-22 11:39:36,375: RNNTransformer @ 100% - Test AUC: 0.6426, Test F1: 0.7840, Precision: 0.6975, Recall: 0.8952, Time: 150.2s
2026-03-22 11:39:36,375:   Confusion Matrix: TN=5741, FP=9582, FN=2587, TP=22090
2026-03-22 11:39:36,459: 
Results saved to: /cluster/work/projects/nn12048k/michechi/results/sensitivity_stochastic/dl_fraction_experiment_101_OPTIMAL_20260322_113936.csv
2026-03-22 11:39:36,460: Detailed results saved to: /cluster/work/projects/nn12048k/michechi/results/sensitivity_stochastic/dl_fraction_experiment_101_OPTIMAL_20260322_113936.json
2026-03-22 11:39:36,460: 
======================================================================
2026-03-22 11:39:36,460: EXPERIMENT SUMMARY
2026-03-22 11:39:36,461: ======================================================================
2026-03-22 11:39:36,461: 
Transformer:
2026-03-22 11:39:36,461: Fraction   Train N    Test AUC   Test F1    Precision  Recall    
2026-03-22 11:39:36,461: ------------------------------------------------------------
2026-03-22 11:39:36,461:    100%    320000     0.6403     0.7841     0.7021     0.8879    
2026-03-22 11:39:36,461: 
LSTM:
2026-03-22 11:39:36,461: Fraction   Train N    Test AUC   Test F1    Precision  Recall    
2026-03-22 11:39:36,461: ------------------------------------------------------------
2026-03-22 11:39:36,462:    100%    320000     0.6378     0.7746     0.6873     0.8874    
2026-03-22 11:39:36,462: 
RNNTransformer:
2026-03-22 11:39:36,462: Fraction   Train N    Test AUC   Test F1    Precision  Recall    
2026-03-22 11:39:36,462: ------------------------------------------------------------
2026-03-22 11:39:36,462:    100%    320000     0.6426     0.7840     0.6975     0.8952    
INFO:    gocryptfs not found, will not be able to use gocryptfs
/usr/bin/rm: cannot remove '/usr/local/cuda/compat/lib': Read-only file system
rm: cannot remove '/usr/local/cuda/compat/lib': Read-only file system
2026-03-22 11:39:42,647: Arguments:
2026-03-22 11:39:42,647:   batch_size: 64
2026-03-22 11:39:42,647:   epochs: 30
2026-03-22 11:39:42,647:   fractions: 1.0
2026-03-22 11:39:42,647:   label_column: Outcome
2026-03-22 11:39:42,647:   models: Transformer,LSTM,RNNTransformer
2026-03-22 11:39:42,647:   no_search: False
2026-03-22 11:39:42,648:   number_to_use: 102
2026-03-22 11:39:42,648:   optimal: True
2026-03-22 11:39:42,648:   output_dir: /cluster/work/projects/nn12048k/michechi/results/sensitivity_stochastic/
2026-03-22 11:39:42,648:   path_csv: /cluster/home/michechi/MIMICIV/data/simulation/sensitivity_stochastic/
2026-03-22 11:39:42,648:   patience: 3
2026-03-22 11:39:42,648:   seed: 9550
2026-03-22 11:39:42,648:   sequence_column: Sequences
2026-03-22 11:39:42,648:   sequence_separator: 
2026-03-22 11:39:43,200: Using device: cuda
2026-03-22 11:39:43,201: Loading data from: /cluster/home/michechi/MIMICIV/data/simulation/sensitivity_stochastic/
2026-03-22 11:39:44,037: Data loaded - Train: 320000, Val: 40000, Test: 40000
2026-03-22 11:39:44,059: Maximum sequence length: 20
2026-03-22 11:39:44,060: Testing fractions: [1.0]
2026-03-22 11:39:44,060: Models to train: ['Transformer', 'LSTM', 'RNNTransformer']
2026-03-22 11:39:44,060: Using OPTIMAL configurations
2026-03-22 11:39:44,061: 
======================================================================
2026-03-22 11:39:44,061: MODEL: Transformer
2026-03-22 11:39:44,061: ======================================================================
2026-03-22 11:39:44,061: --------------------------------------------------
2026-03-22 11:39:44,061: Training Transformer with 100% of training data
2026-03-22 11:39:44,061: --------------------------------------------------
2026-03-22 11:39:44,061: Training subset size: 320000
2026-03-22 11:42:09,801:   Epoch [5/30] Train Loss: 0.6230, Val F1: 0.5542, Val AUC: 0.6705
2026-03-22 11:42:09,801:   Early stopping at epoch 5
2026-03-22 11:42:11,010: Transformer @ 100% - Test AUC: 0.6703, Test F1: 0.5683, Precision: 0.6584, Recall: 0.4999, Time: 146.9s
2026-03-22 11:42:11,010:   Confusion Matrix: TN=18993, FP=4326, FN=8342, TP=8339
2026-03-22 11:42:11,092: 
======================================================================
2026-03-22 11:42:11,093: MODEL: LSTM
2026-03-22 11:42:11,093: ======================================================================
2026-03-22 11:42:11,093: --------------------------------------------------
2026-03-22 11:42:11,093: Training LSTM with 100% of training data
2026-03-22 11:42:11,093: --------------------------------------------------
2026-03-22 11:42:11,094: Training subset size: 320000
2026-03-22 11:43:14,934:   Epoch [5/30] Train Loss: 0.6312, Val F1: 0.5367, Val AUC: 0.6616
2026-03-22 11:44:06,599:   Early stopping at epoch 9
2026-03-22 11:44:07,376: LSTM @ 100% - Test AUC: 0.6606, Test F1: 0.5534, Precision: 0.6341, Recall: 0.4909, Time: 116.3s
2026-03-22 11:44:07,376:   Confusion Matrix: TN=18595, FP=4724, FN=8493, TP=8188
2026-03-22 11:44:07,457: 
======================================================================
2026-03-22 11:44:07,458: MODEL: RNNTransformer
2026-03-22 11:44:07,458: ======================================================================
2026-03-22 11:44:07,458: --------------------------------------------------
2026-03-22 11:44:07,458: Training RNNTransformer with 100% of training data
2026-03-22 11:44:07,458: --------------------------------------------------
2026-03-22 11:44:07,458: Training subset size: 320000
2026-03-22 11:46:19,350:   Epoch [5/30] Train Loss: 0.6315, Val F1: 0.5728, Val AUC: 0.6710
2026-03-22 11:47:38,922:   Early stopping at epoch 8
2026-03-22 11:47:40,126: RNNTransformer @ 100% - Test AUC: 0.6704, Test F1: 0.5712, Precision: 0.6648, Recall: 0.5007, Time: 212.7s
2026-03-22 11:47:40,126:   Confusion Matrix: TN=19108, FP=4211, FN=8329, TP=8352
2026-03-22 11:47:40,212: 
Results saved to: /cluster/work/projects/nn12048k/michechi/results/sensitivity_stochastic/dl_fraction_experiment_102_OPTIMAL_20260322_114740.csv
2026-03-22 11:47:40,213: Detailed results saved to: /cluster/work/projects/nn12048k/michechi/results/sensitivity_stochastic/dl_fraction_experiment_102_OPTIMAL_20260322_114740.json
2026-03-22 11:47:40,213: 
======================================================================
2026-03-22 11:47:40,213: EXPERIMENT SUMMARY
2026-03-22 11:47:40,213: ======================================================================
2026-03-22 11:47:40,214: 
Transformer:
2026-03-22 11:47:40,214: Fraction   Train N    Test AUC   Test F1    Precision  Recall    
2026-03-22 11:47:40,214: ------------------------------------------------------------
2026-03-22 11:47:40,214:    100%    320000     0.6703     0.5683     0.6584     0.4999    
2026-03-22 11:47:40,214: 
LSTM:
2026-03-22 11:47:40,214: Fraction   Train N    Test AUC   Test F1    Precision  Recall    
2026-03-22 11:47:40,214: ------------------------------------------------------------
2026-03-22 11:47:40,214:    100%    320000     0.6606     0.5534     0.6341     0.4909    
2026-03-22 11:47:40,215: 
RNNTransformer:
2026-03-22 11:47:40,215: Fraction   Train N    Test AUC   Test F1    Precision  Recall    
2026-03-22 11:47:40,215: ------------------------------------------------------------
2026-03-22 11:47:40,215:    100%    320000     0.6704     0.5712     0.6648     0.5007    
INFO:    gocryptfs not found, will not be able to use gocryptfs
/usr/bin/rm: cannot remove '/usr/local/cuda/compat/lib': Read-only file system
rm: cannot remove '/usr/local/cuda/compat/lib': Read-only file system
2026-03-22 11:47:46,340: Arguments:
2026-03-22 11:47:46,340:   batch_size: 64
2026-03-22 11:47:46,340:   epochs: 30
2026-03-22 11:47:46,340:   fractions: 1.0
2026-03-22 11:47:46,340:   label_column: Outcome
2026-03-22 11:47:46,341:   models: Transformer,LSTM,RNNTransformer
2026-03-22 11:47:46,341:   no_search: False
2026-03-22 11:47:46,341:   number_to_use: 103
2026-03-22 11:47:46,341:   optimal: True
2026-03-22 11:47:46,341:   output_dir: /cluster/work/projects/nn12048k/michechi/results/sensitivity_stochastic/
2026-03-22 11:47:46,341:   path_csv: /cluster/home/michechi/MIMICIV/data/simulation/sensitivity_stochastic/
2026-03-22 11:47:46,341:   patience: 3
2026-03-22 11:47:46,341:   seed: 9550
2026-03-22 11:47:46,341:   sequence_column: Sequences
2026-03-22 11:47:46,342:   sequence_separator: 
2026-03-22 11:47:46,902: Using device: cuda
2026-03-22 11:47:46,903: Loading data from: /cluster/home/michechi/MIMICIV/data/simulation/sensitivity_stochastic/
2026-03-22 11:47:47,982: Data loaded - Train: 320000, Val: 40000, Test: 40000
2026-03-22 11:47:48,006: Maximum sequence length: 30
2026-03-22 11:47:48,007: Testing fractions: [1.0]
2026-03-22 11:47:48,007: Models to train: ['Transformer', 'LSTM', 'RNNTransformer']
2026-03-22 11:47:48,007: Using OPTIMAL configurations
2026-03-22 11:47:48,007: 
======================================================================
2026-03-22 11:47:48,007: MODEL: Transformer
2026-03-22 11:47:48,007: ======================================================================
2026-03-22 11:47:48,007: --------------------------------------------------
2026-03-22 11:47:48,007: Training Transformer with 100% of training data
2026-03-22 11:47:48,007: --------------------------------------------------
2026-03-22 11:47:48,008: Training subset size: 320000
2026-03-22 11:50:12,832:   Epoch [5/30] Train Loss: 0.6470, Val F1: 0.6418, Val AUC: 0.6782
2026-03-22 11:52:36,835:   Epoch [10/30] Train Loss: 0.6389, Val F1: 0.6581, Val AUC: 0.6872
2026-03-22 11:55:01,626:   Epoch [15/30] Train Loss: 0.6354, Val F1: 0.6487, Val AUC: 0.6891
2026-03-22 11:55:01,626:   Early stopping at epoch 15
2026-03-22 11:55:02,891: Transformer @ 100% - Test AUC: 0.6929, Test F1: 0.6630, Precision: 0.6486, Recall: 0.6781, Time: 434.9s
2026-03-22 11:55:02,891:   Confusion Matrix: TN=14250, FP=6919, FN=6062, TP=12769
2026-03-22 11:55:02,978: 
======================================================================
2026-03-22 11:55:02,979: MODEL: LSTM
2026-03-22 11:55:02,979: ======================================================================
2026-03-22 11:55:02,979: --------------------------------------------------
2026-03-22 11:55:02,979: Training LSTM with 100% of training data
2026-03-22 11:55:02,979: --------------------------------------------------
2026-03-22 11:55:02,979: Training subset size: 320000
2026-03-22 11:56:09,169:   Epoch [5/30] Train Loss: 0.6537, Val F1: 0.5736, Val AUC: 0.6559
2026-03-22 11:56:22,464:   Early stopping at epoch 6
2026-03-22 11:56:23,302: LSTM @ 100% - Test AUC: 0.6533, Test F1: 0.5992, Precision: 0.5998, Recall: 0.5985, Time: 80.3s
2026-03-22 11:56:23,302:   Confusion Matrix: TN=13648, FP=7521, FN=7560, TP=11271
2026-03-22 11:56:23,385: 
======================================================================
2026-03-22 11:56:23,386: MODEL: RNNTransformer
2026-03-22 11:56:23,386: ======================================================================
2026-03-22 11:56:23,386: --------------------------------------------------
2026-03-22 11:56:23,386: Training RNNTransformer with 100% of training data
2026-03-22 11:56:23,386: --------------------------------------------------
2026-03-22 11:56:23,386: Training subset size: 320000
2026-03-22 11:58:32,653:   Epoch [5/30] Train Loss: 0.6533, Val F1: 0.5876, Val AUC: 0.6563
2026-03-22 12:00:43,772:   Epoch [10/30] Train Loss: 0.6456, Val F1: 0.6035, Val AUC: 0.6634
2026-03-22 12:02:55,901:   Epoch [15/30] Train Loss: 0.6413, Val F1: 0.6216, Val AUC: 0.6705
2026-03-22 12:03:22,259:   Early stopping at epoch 16
2026-03-22 12:03:23,478: RNNTransformer @ 100% - Test AUC: 0.6702, Test F1: 0.6291, Precision: 0.6281, Recall: 0.6300, Time: 420.1s
2026-03-22 12:03:23,479:   Confusion Matrix: TN=14145, FP=7024, FN=6967, TP=11864
2026-03-22 12:03:23,570: 
Results saved to: /cluster/work/projects/nn12048k/michechi/results/sensitivity_stochastic/dl_fraction_experiment_103_OPTIMAL_20260322_120323.csv
2026-03-22 12:03:23,572: Detailed results saved to: /cluster/work/projects/nn12048k/michechi/results/sensitivity_stochastic/dl_fraction_experiment_103_OPTIMAL_20260322_120323.json
2026-03-22 12:03:23,572: 
======================================================================
2026-03-22 12:03:23,572: EXPERIMENT SUMMARY
2026-03-22 12:03:23,572: ======================================================================
2026-03-22 12:03:23,572: 
Transformer:
2026-03-22 12:03:23,572: Fraction   Train N    Test AUC   Test F1    Precision  Recall    
2026-03-22 12:03:23,573: ------------------------------------------------------------
2026-03-22 12:03:23,573:    100%    320000     0.6929     0.6630     0.6486     0.6781    
2026-03-22 12:03:23,573: 
LSTM:
2026-03-22 12:03:23,573: Fraction   Train N    Test AUC   Test F1    Precision  Recall    
2026-03-22 12:03:23,573: ------------------------------------------------------------
2026-03-22 12:03:23,573:    100%    320000     0.6533     0.5992     0.5998     0.5985    
2026-03-22 12:03:23,573: 
RNNTransformer:
2026-03-22 12:03:23,573: Fraction   Train N    Test AUC   Test F1    Precision  Recall    
2026-03-22 12:03:23,573: ------------------------------------------------------------
2026-03-22 12:03:23,574:    100%    320000     0.6702     0.6291     0.6281     0.6300    
INFO:    gocryptfs not found, will not be able to use gocryptfs
/usr/bin/rm: cannot remove '/usr/local/cuda/compat/lib': Read-only file system
rm: cannot remove '/usr/local/cuda/compat/lib': Read-only file system
2026-03-22 12:03:29,837: Arguments:
2026-03-22 12:03:29,838:   batch_size: 64
2026-03-22 12:03:29,838:   epochs: 30
2026-03-22 12:03:29,838:   fractions: 1.0
2026-03-22 12:03:29,838:   label_column: Outcome
2026-03-22 12:03:29,838:   models: Transformer,LSTM,RNNTransformer
2026-03-22 12:03:29,838:   no_search: False
2026-03-22 12:03:29,839:   number_to_use: 110
2026-03-22 12:03:29,839:   optimal: True
2026-03-22 12:03:29,839:   output_dir: /cluster/work/projects/nn12048k/michechi/results/sensitivity_stochastic/
2026-03-22 12:03:29,839:   path_csv: /cluster/home/michechi/MIMICIV/data/simulation/sensitivity_stochastic/
2026-03-22 12:03:29,839:   patience: 3
2026-03-22 12:03:29,839:   seed: 9550
2026-03-22 12:03:29,839:   sequence_column: Sequences
2026-03-22 12:03:29,839:   sequence_separator: 
2026-03-22 12:03:30,386: Using device: cuda
2026-03-22 12:03:30,387: Loading data from: /cluster/home/michechi/MIMICIV/data/simulation/sensitivity_stochastic/
2026-03-22 12:03:31,210: Data loaded - Train: 320000, Val: 40000, Test: 40000
2026-03-22 12:03:31,232: Maximum sequence length: 20
2026-03-22 12:03:31,233: Testing fractions: [1.0]
2026-03-22 12:03:31,233: Models to train: ['Transformer', 'LSTM', 'RNNTransformer']
2026-03-22 12:03:31,234: Using OPTIMAL configurations
2026-03-22 12:03:31,234: 
======================================================================
2026-03-22 12:03:31,234: MODEL: Transformer
2026-03-22 12:03:31,234: ======================================================================
2026-03-22 12:03:31,234: --------------------------------------------------
2026-03-22 12:03:31,234: Training Transformer with 100% of training data
2026-03-22 12:03:31,234: --------------------------------------------------
2026-03-22 12:03:31,234: Training subset size: 320000
2026-03-22 12:06:02,035:   Epoch [5/30] Train Loss: 0.6371, Val F1: 0.0040, Val AUC: 0.5540
2026-03-22 12:06:32,183:   Early stopping at epoch 6
2026-03-22 12:06:33,450: Transformer @ 100% - Test AUC: 0.5572, Test F1: 0.0357, Precision: 0.5365, Recall: 0.0185, Time: 182.2s
2026-03-22 12:06:33,451:   Confusion Matrix: TN=26249, FP=216, FN=13285, TP=250
2026-03-22 12:06:33,607: 
======================================================================
2026-03-22 12:06:33,608: MODEL: LSTM
2026-03-22 12:06:33,608: ======================================================================
2026-03-22 12:06:33,608: --------------------------------------------------
2026-03-22 12:06:33,609: Training LSTM with 100% of training data
2026-03-22 12:06:33,609: --------------------------------------------------
2026-03-22 12:06:33,609: Training subset size: 320000
2026-03-22 12:07:38,664:   Epoch [5/30] Train Loss: 0.6182, Val F1: 0.2626, Val AUC: 0.5823
2026-03-22 12:07:38,665:   Early stopping at epoch 5
2026-03-22 12:07:39,441: LSTM @ 100% - Test AUC: 0.5723, Test F1: 0.2710, Precision: 0.6262, Recall: 0.1729, Time: 65.8s
2026-03-22 12:07:39,441:   Confusion Matrix: TN=25068, FP=1397, FN=11195, TP=2340
2026-03-22 12:07:39,521: 
======================================================================
2026-03-22 12:07:39,522: MODEL: RNNTransformer
2026-03-22 12:07:39,522: ======================================================================
2026-03-22 12:07:39,522: --------------------------------------------------
2026-03-22 12:07:39,522: Training RNNTransformer with 100% of training data
2026-03-22 12:07:39,522: --------------------------------------------------
2026-03-22 12:07:39,522: Training subset size: 320000
2026-03-22 12:09:53,699:   Epoch [5/30] Train Loss: 0.6173, Val F1: 0.3225, Val AUC: 0.5852
2026-03-22 12:11:14,951:   Early stopping at epoch 8
2026-03-22 12:11:16,175: RNNTransformer @ 100% - Test AUC: 0.5853, Test F1: 0.3236, Precision: 0.6799, Recall: 0.2123, Time: 216.7s
2026-03-22 12:11:16,175:   Confusion Matrix: TN=25112, FP=1353, FN=10661, TP=2874
2026-03-22 12:11:16,260: 
Results saved to: /cluster/work/projects/nn12048k/michechi/results/sensitivity_stochastic/dl_fraction_experiment_110_OPTIMAL_20260322_121116.csv
2026-03-22 12:11:16,262: Detailed results saved to: /cluster/work/projects/nn12048k/michechi/results/sensitivity_stochastic/dl_fraction_experiment_110_OPTIMAL_20260322_121116.json
2026-03-22 12:11:16,262: 
======================================================================
2026-03-22 12:11:16,262: EXPERIMENT SUMMARY
2026-03-22 12:11:16,262: ======================================================================
2026-03-22 12:11:16,262: 
Transformer:
2026-03-22 12:11:16,263: Fraction   Train N    Test AUC   Test F1    Precision  Recall    
2026-03-22 12:11:16,263: ------------------------------------------------------------
2026-03-22 12:11:16,263:    100%    320000     0.5572     0.0357     0.5365     0.0185    
2026-03-22 12:11:16,263: 
LSTM:
2026-03-22 12:11:16,263: Fraction   Train N    Test AUC   Test F1    Precision  Recall    
2026-03-22 12:11:16,263: ------------------------------------------------------------
2026-03-22 12:11:16,263:    100%    320000     0.5723     0.2710     0.6262     0.1729    
2026-03-22 12:11:16,263: 
RNNTransformer:
2026-03-22 12:11:16,263: Fraction   Train N    Test AUC   Test F1    Precision  Recall    
2026-03-22 12:11:16,263: ------------------------------------------------------------
2026-03-22 12:11:16,264:    100%    320000     0.5853     0.3236     0.6799     0.2123    
INFO:    gocryptfs not found, will not be able to use gocryptfs
/usr/bin/rm: cannot remove '/usr/local/cuda/compat/lib': Read-only file system
rm: cannot remove '/usr/local/cuda/compat/lib': Read-only file system
2026-03-22 12:11:22,398: Arguments:
2026-03-22 12:11:22,399:   batch_size: 64
2026-03-22 12:11:22,399:   epochs: 30
2026-03-22 12:11:22,399:   fractions: 1.0
2026-03-22 12:11:22,399:   label_column: Outcome
2026-03-22 12:11:22,399:   models: Transformer,LSTM,RNNTransformer
2026-03-22 12:11:22,399:   no_search: False
2026-03-22 12:11:22,400:   number_to_use: 112
2026-03-22 12:11:22,400:   optimal: True
2026-03-22 12:11:22,400:   output_dir: /cluster/work/projects/nn12048k/michechi/results/sensitivity_stochastic/
2026-03-22 12:11:22,400:   path_csv: /cluster/home/michechi/MIMICIV/data/simulation/sensitivity_stochastic/
2026-03-22 12:11:22,400:   patience: 3
2026-03-22 12:11:22,400:   seed: 9550
2026-03-22 12:11:22,400:   sequence_column: Sequences
2026-03-22 12:11:22,400:   sequence_separator: 
2026-03-22 12:11:22,947: Using device: cuda
2026-03-22 12:11:22,948: Loading data from: /cluster/home/michechi/MIMICIV/data/simulation/sensitivity_stochastic/
2026-03-22 12:11:23,767: Data loaded - Train: 320000, Val: 40000, Test: 40000
2026-03-22 12:11:23,790: Maximum sequence length: 20
2026-03-22 12:11:23,791: Testing fractions: [1.0]
2026-03-22 12:11:23,791: Models to train: ['Transformer', 'LSTM', 'RNNTransformer']
2026-03-22 12:11:23,791: Using OPTIMAL configurations
2026-03-22 12:11:23,791: 
======================================================================
2026-03-22 12:11:23,791: MODEL: Transformer
2026-03-22 12:11:23,791: ======================================================================
2026-03-22 12:11:23,791: --------------------------------------------------
2026-03-22 12:11:23,792: Training Transformer with 100% of training data
2026-03-22 12:11:23,792: --------------------------------------------------
2026-03-22 12:11:23,792: Training subset size: 320000
2026-03-22 12:13:47,980:   Epoch [5/30] Train Loss: 0.6768, Val F1: 0.6189, Val AUC: 0.5997
2026-03-22 12:14:16,635:   Early stopping at epoch 6
2026-03-22 12:14:17,858: Transformer @ 100% - Test AUC: 0.6062, Test F1: 0.6583, Precision: 0.5687, Recall: 0.7815, Time: 174.1s
2026-03-22 12:14:17,858:   Confusion Matrix: TN=6751, FP=12374, FN=4561, TP=16314
2026-03-22 12:14:17,940: 
======================================================================
2026-03-22 12:14:17,940: MODEL: LSTM
2026-03-22 12:14:17,941: ======================================================================
2026-03-22 12:14:17,941: --------------------------------------------------
2026-03-22 12:14:17,941: Training LSTM with 100% of training data
2026-03-22 12:14:17,941: --------------------------------------------------
2026-03-22 12:14:17,941: Training subset size: 320000
2026-03-22 12:15:22,638:   Epoch [5/30] Train Loss: 0.6585, Val F1: 0.6641, Val AUC: 0.6492
2026-03-22 12:16:28,119:   Epoch [10/30] Train Loss: 0.6397, Val F1: 0.6685, Val AUC: 0.6710
2026-03-22 12:17:34,085:   Epoch [15/30] Train Loss: 0.6243, Val F1: 0.6729, Val AUC: 0.6743
2026-03-22 12:18:00,469:   Early stopping at epoch 17
2026-03-22 12:18:01,249: LSTM @ 100% - Test AUC: 0.6730, Test F1: 0.6740, Precision: 0.6517, Recall: 0.6979, Time: 223.3s
2026-03-22 12:18:01,250:   Confusion Matrix: TN=11338, FP=7787, FN=6306, TP=14569
2026-03-22 12:18:01,332: 
======================================================================
2026-03-22 12:18:01,332: MODEL: RNNTransformer
2026-03-22 12:18:01,332: ======================================================================
2026-03-22 12:18:01,332: --------------------------------------------------
2026-03-22 12:18:01,332: Training RNNTransformer with 100% of training data
2026-03-22 12:18:01,333: --------------------------------------------------
2026-03-22 12:18:01,333: Training subset size: 320000
2026-03-22 12:20:13,134:   Epoch [5/30] Train Loss: 0.6645, Val F1: 0.6267, Val AUC: 0.6425
2026-03-22 12:21:58,477:   Early stopping at epoch 9
2026-03-22 12:21:59,689: RNNTransformer @ 100% - Test AUC: 0.6512, Test F1: 0.6575, Precision: 0.6212, Recall: 0.6984, Time: 238.4s
2026-03-22 12:21:59,689:   Confusion Matrix: TN=10234, FP=8891, FN=6296, TP=14579
2026-03-22 12:21:59,780: 
Results saved to: /cluster/work/projects/nn12048k/michechi/results/sensitivity_stochastic/dl_fraction_experiment_112_OPTIMAL_20260322_122159.csv
2026-03-22 12:21:59,782: Detailed results saved to: /cluster/work/projects/nn12048k/michechi/results/sensitivity_stochastic/dl_fraction_experiment_112_OPTIMAL_20260322_122159.json
2026-03-22 12:21:59,782: 
======================================================================
2026-03-22 12:21:59,782: EXPERIMENT SUMMARY
2026-03-22 12:21:59,782: ======================================================================
2026-03-22 12:21:59,782: 
Transformer:
2026-03-22 12:21:59,782: Fraction   Train N    Test AUC   Test F1    Precision  Recall    
2026-03-22 12:21:59,782: ------------------------------------------------------------
2026-03-22 12:21:59,783:    100%    320000     0.6062     0.6583     0.5687     0.7815    
2026-03-22 12:21:59,783: 
LSTM:
2026-03-22 12:21:59,783: Fraction   Train N    Test AUC   Test F1    Precision  Recall    
2026-03-22 12:21:59,783: ------------------------------------------------------------
2026-03-22 12:21:59,783:    100%    320000     0.6730     0.6740     0.6517     0.6979    
2026-03-22 12:21:59,783: 
RNNTransformer:
2026-03-22 12:21:59,783: Fraction   Train N    Test AUC   Test F1    Precision  Recall    
2026-03-22 12:21:59,783: ------------------------------------------------------------
2026-03-22 12:21:59,783:    100%    320000     0.6512     0.6575     0.6212     0.6984    
INFO:    gocryptfs not found, will not be able to use gocryptfs
/usr/bin/rm: cannot remove '/usr/local/cuda/compat/lib': Read-only file system
rm: cannot remove '/usr/local/cuda/compat/lib': Read-only file system
2026-03-22 12:22:05,886: Arguments:
2026-03-22 12:22:05,887:   batch_size: 64
2026-03-22 12:22:05,887:   epochs: 30
2026-03-22 12:22:05,887:   fractions: 1.0
2026-03-22 12:22:05,887:   label_column: Outcome
2026-03-22 12:22:05,887:   models: Transformer,LSTM,RNNTransformer
2026-03-22 12:22:05,887:   no_search: False
2026-03-22 12:22:05,887:   number_to_use: 120
2026-03-22 12:22:05,887:   optimal: True
2026-03-22 12:22:05,888:   output_dir: /cluster/work/projects/nn12048k/michechi/results/sensitivity_stochastic/
2026-03-22 12:22:05,888:   path_csv: /cluster/home/michechi/MIMICIV/data/simulation/sensitivity_stochastic/
2026-03-22 12:22:05,888:   patience: 3
2026-03-22 12:22:05,888:   seed: 9550
2026-03-22 12:22:05,888:   sequence_column: Sequences
2026-03-22 12:22:05,888:   sequence_separator: 
2026-03-22 12:22:06,456: Using device: cuda
2026-03-22 12:22:06,457: Loading data from: /cluster/home/michechi/MIMICIV/data/simulation/sensitivity_stochastic/
2026-03-22 12:22:07,293: Data loaded - Train: 320000, Val: 40000, Test: 40000
2026-03-22 12:22:07,315: Maximum sequence length: 20
2026-03-22 12:22:07,316: Testing fractions: [1.0]
2026-03-22 12:22:07,316: Models to train: ['Transformer', 'LSTM', 'RNNTransformer']
2026-03-22 12:22:07,316: Using OPTIMAL configurations
2026-03-22 12:22:07,316: 
======================================================================
2026-03-22 12:22:07,316: MODEL: Transformer
2026-03-22 12:22:07,317: ======================================================================
2026-03-22 12:22:07,317: --------------------------------------------------
2026-03-22 12:22:07,317: Training Transformer with 100% of training data
2026-03-22 12:22:07,317: --------------------------------------------------
2026-03-22 12:22:07,317: Training subset size: 320000
2026-03-22 12:24:32,400:   Epoch [5/30] Train Loss: 0.6663, Val F1: 0.5507, Val AUC: 0.6314
2026-03-22 12:26:57,373:   Epoch [10/30] Train Loss: 0.6517, Val F1: 0.5910, Val AUC: 0.6637
2026-03-22 12:27:55,656:   Early stopping at epoch 12
2026-03-22 12:27:56,888: Transformer @ 100% - Test AUC: 0.6640, Test F1: 0.6043, Precision: 0.5922, Recall: 0.6169, Time: 349.6s
2026-03-22 12:27:56,889:   Confusion Matrix: TN=15192, FP=7396, FN=6670, TP=10742
2026-03-22 12:27:56,973: 
======================================================================
2026-03-22 12:27:56,973: MODEL: LSTM
2026-03-22 12:27:56,973: ======================================================================
2026-03-22 12:27:56,973: --------------------------------------------------
2026-03-22 12:27:56,973: Training LSTM with 100% of training data
2026-03-22 12:27:56,974: --------------------------------------------------
2026-03-22 12:27:56,974: Training subset size: 320000
2026-03-22 12:29:01,507:   Epoch [5/30] Train Loss: 0.6106, Val F1: 0.6190, Val AUC: 0.6848
2026-03-22 12:29:27,437:   Early stopping at epoch 7
2026-03-22 12:29:28,215: LSTM @ 100% - Test AUC: 0.6838, Test F1: 0.6175, Precision: 0.6968, Recall: 0.5543, Time: 91.2s
2026-03-22 12:29:28,215:   Confusion Matrix: TN=18389, FP=4199, FN=7760, TP=9652
2026-03-22 12:29:28,295: 
======================================================================
2026-03-22 12:29:28,295: MODEL: RNNTransformer
2026-03-22 12:29:28,295: ======================================================================
2026-03-22 12:29:28,296: --------------------------------------------------
2026-03-22 12:29:28,296: Training RNNTransformer with 100% of training data
2026-03-22 12:29:28,296: --------------------------------------------------
2026-03-22 12:29:28,296: Training subset size: 320000
2026-03-22 12:31:12,995:   Early stopping at epoch 4
2026-03-22 12:31:14,200: RNNTransformer @ 100% - Test AUC: 0.6878, Test F1: 0.6174, Precision: 0.7005, Recall: 0.5519, Time: 105.9s
2026-03-22 12:31:14,200:   Confusion Matrix: TN=18480, FP=4108, FN=7802, TP=9610
2026-03-22 12:31:14,287: 
Results saved to: /cluster/work/projects/nn12048k/michechi/results/sensitivity_stochastic/dl_fraction_experiment_120_OPTIMAL_20260322_123114.csv
2026-03-22 12:31:14,288: Detailed results saved to: /cluster/work/projects/nn12048k/michechi/results/sensitivity_stochastic/dl_fraction_experiment_120_OPTIMAL_20260322_123114.json
2026-03-22 12:31:14,288: 
======================================================================
2026-03-22 12:31:14,288: EXPERIMENT SUMMARY
2026-03-22 12:31:14,289: ======================================================================
2026-03-22 12:31:14,289: 
Transformer:
2026-03-22 12:31:14,289: Fraction   Train N    Test AUC   Test F1    Precision  Recall    
2026-03-22 12:31:14,289: ------------------------------------------------------------
2026-03-22 12:31:14,289:    100%    320000     0.6640     0.6043     0.5922     0.6169    
2026-03-22 12:31:14,289: 
LSTM:
2026-03-22 12:31:14,289: Fraction   Train N    Test AUC   Test F1    Precision  Recall    
2026-03-22 12:31:14,289: ------------------------------------------------------------
2026-03-22 12:31:14,290:    100%    320000     0.6838     0.6175     0.6968     0.5543    
2026-03-22 12:31:14,290: 
RNNTransformer:
2026-03-22 12:31:14,290: Fraction   Train N    Test AUC   Test F1    Precision  Recall    
2026-03-22 12:31:14,290: ------------------------------------------------------------
2026-03-22 12:31:14,290:    100%    320000     0.6878     0.6174     0.7005     0.5519    
INFO:    gocryptfs not found, will not be able to use gocryptfs
/usr/bin/rm: cannot remove '/usr/local/cuda/compat/lib': Read-only file system
rm: cannot remove '/usr/local/cuda/compat/lib': Read-only file system
2026-03-22 12:31:20,907: Arguments:
2026-03-22 12:31:20,908:   batch_size: 64
2026-03-22 12:31:20,908:   epochs: 30
2026-03-22 12:31:20,908:   fractions: 1.0
2026-03-22 12:31:20,908:   label_column: Outcome
2026-03-22 12:31:20,908:   models: Transformer,LSTM,RNNTransformer
2026-03-22 12:31:20,908:   no_search: False
2026-03-22 12:31:20,909:   number_to_use: 121
2026-03-22 12:31:20,909:   optimal: True
2026-03-22 12:31:20,909:   output_dir: /cluster/work/projects/nn12048k/michechi/results/sensitivity_stochastic/
2026-03-22 12:31:20,909:   path_csv: /cluster/home/michechi/MIMICIV/data/simulation/sensitivity_stochastic/
2026-03-22 12:31:20,909:   patience: 3
2026-03-22 12:31:20,909:   seed: 9550
2026-03-22 12:31:20,909:   sequence_column: Sequences
2026-03-22 12:31:20,909:   sequence_separator: 
2026-03-22 12:31:21,480: Using device: cuda
2026-03-22 12:31:21,480: Loading data from: /cluster/home/michechi/MIMICIV/data/simulation/sensitivity_stochastic/
2026-03-22 12:31:22,282: Data loaded - Train: 320000, Val: 40000, Test: 40000
2026-03-22 12:31:22,304: Maximum sequence length: 20
2026-03-22 12:31:22,305: Testing fractions: [1.0]
2026-03-22 12:31:22,305: Models to train: ['Transformer', 'LSTM', 'RNNTransformer']
2026-03-22 12:31:22,305: Using OPTIMAL configurations
2026-03-22 12:31:22,306: 
======================================================================
2026-03-22 12:31:22,306: MODEL: Transformer
2026-03-22 12:31:22,306: ======================================================================
2026-03-22 12:31:22,306: --------------------------------------------------
2026-03-22 12:31:22,306: Training Transformer with 100% of training data
2026-03-22 12:31:22,306: --------------------------------------------------
2026-03-22 12:31:22,306: Training subset size: 320000
2026-03-22 12:33:45,546:   Epoch [5/30] Train Loss: 0.6329, Val F1: 0.5689, Val AUC: 0.6824
2026-03-22 12:34:41,805:   Early stopping at epoch 7
2026-03-22 12:34:43,013: Transformer @ 100% - Test AUC: 0.6731, Test F1: 0.5951, Precision: 0.6310, Recall: 0.5630, Time: 200.7s
2026-03-22 12:34:43,013:   Confusion Matrix: TN=17208, FP=5646, FN=7492, TP=9654
2026-03-22 12:34:43,095: 
======================================================================
2026-03-22 12:34:43,095: MODEL: LSTM
2026-03-22 12:34:43,095: ======================================================================
2026-03-22 12:34:43,096: --------------------------------------------------
2026-03-22 12:34:43,096: Training LSTM with 100% of training data
2026-03-22 12:34:43,096: --------------------------------------------------
2026-03-22 12:34:43,096: Training subset size: 320000
2026-03-22 12:35:46,439:   Epoch [5/30] Train Loss: 0.6134, Val F1: 0.6000, Val AUC: 0.6834
2026-03-22 12:36:12,060:   Early stopping at epoch 7
2026-03-22 12:36:12,829: LSTM @ 100% - Test AUC: 0.6811, Test F1: 0.5979, Precision: 0.6863, Recall: 0.5297, Time: 89.7s
2026-03-22 12:36:12,829:   Confusion Matrix: TN=18702, FP=4152, FN=8064, TP=9082
2026-03-22 12:36:12,907: 
======================================================================
2026-03-22 12:36:12,908: MODEL: RNNTransformer
2026-03-22 12:36:12,908: ======================================================================
2026-03-22 12:36:12,908: --------------------------------------------------
2026-03-22 12:36:12,908: Training RNNTransformer with 100% of training data
2026-03-22 12:36:12,908: --------------------------------------------------
2026-03-22 12:36:12,908: Training subset size: 320000
2026-03-22 12:38:21,960:   Epoch [5/30] Train Loss: 0.6166, Val F1: 0.6005, Val AUC: 0.6861
2026-03-22 12:39:40,122:   Early stopping at epoch 8
2026-03-22 12:39:41,331: RNNTransformer @ 100% - Test AUC: 0.6790, Test F1: 0.5935, Precision: 0.6765, Recall: 0.5286, Time: 208.4s
2026-03-22 12:39:41,331:   Confusion Matrix: TN=18521, FP=4333, FN=8083, TP=9063
2026-03-22 12:39:41,415: 
Results saved to: /cluster/work/projects/nn12048k/michechi/results/sensitivity_stochastic/dl_fraction_experiment_121_OPTIMAL_20260322_123941.csv
2026-03-22 12:39:41,417: Detailed results saved to: /cluster/work/projects/nn12048k/michechi/results/sensitivity_stochastic/dl_fraction_experiment_121_OPTIMAL_20260322_123941.json
2026-03-22 12:39:41,417: 
======================================================================
2026-03-22 12:39:41,417: EXPERIMENT SUMMARY
2026-03-22 12:39:41,417: ======================================================================
2026-03-22 12:39:41,417: 
Transformer:
2026-03-22 12:39:41,417: Fraction   Train N    Test AUC   Test F1    Precision  Recall    
2026-03-22 12:39:41,417: ------------------------------------------------------------
2026-03-22 12:39:41,417:    100%    320000     0.6731     0.5951     0.6310     0.5630    
2026-03-22 12:39:41,418: 
LSTM:
2026-03-22 12:39:41,418: Fraction   Train N    Test AUC   Test F1    Precision  Recall    
2026-03-22 12:39:41,418: ------------------------------------------------------------
2026-03-22 12:39:41,418:    100%    320000     0.6811     0.5979     0.6863     0.5297    
2026-03-22 12:39:41,418: 
RNNTransformer:
2026-03-22 12:39:41,418: Fraction   Train N    Test AUC   Test F1    Precision  Recall    
2026-03-22 12:39:41,418: ------------------------------------------------------------
2026-03-22 12:39:41,418:    100%    320000     0.6790     0.5935     0.6765     0.5286    
INFO:    gocryptfs not found, will not be able to use gocryptfs
/usr/bin/rm: cannot remove '/usr/local/cuda/compat/lib': Read-only file system
rm: cannot remove '/usr/local/cuda/compat/lib': Read-only file system
2026-03-22 12:39:47,474: Arguments:
2026-03-22 12:39:47,474:   batch_size: 64
2026-03-22 12:39:47,474:   epochs: 30
2026-03-22 12:39:47,474:   fractions: 1.0
2026-03-22 12:39:47,474:   label_column: Outcome
2026-03-22 12:39:47,474:   models: Transformer,LSTM,RNNTransformer
2026-03-22 12:39:47,475:   no_search: False
2026-03-22 12:39:47,475:   number_to_use: 122
2026-03-22 12:39:47,475:   optimal: True
2026-03-22 12:39:47,475:   output_dir: /cluster/work/projects/nn12048k/michechi/results/sensitivity_stochastic/
2026-03-22 12:39:47,475:   path_csv: /cluster/home/michechi/MIMICIV/data/simulation/sensitivity_stochastic/
2026-03-22 12:39:47,475:   patience: 3
2026-03-22 12:39:47,475:   seed: 9550
2026-03-22 12:39:47,475:   sequence_column: Sequences
2026-03-22 12:39:47,475:   sequence_separator: 
2026-03-22 12:39:48,030: Using device: cuda
2026-03-22 12:39:48,031: Loading data from: /cluster/home/michechi/MIMICIV/data/simulation/sensitivity_stochastic/
2026-03-22 12:39:48,821: Data loaded - Train: 320000, Val: 40000, Test: 40000
2026-03-22 12:39:48,844: Maximum sequence length: 20
2026-03-22 12:39:48,845: Testing fractions: [1.0]
2026-03-22 12:39:48,845: Models to train: ['Transformer', 'LSTM', 'RNNTransformer']
2026-03-22 12:39:48,845: Using OPTIMAL configurations
2026-03-22 12:39:48,845: 
======================================================================
2026-03-22 12:39:48,845: MODEL: Transformer
2026-03-22 12:39:48,845: ======================================================================
2026-03-22 12:39:48,845: --------------------------------------------------
2026-03-22 12:39:48,846: Training Transformer with 100% of training data
2026-03-22 12:39:48,846: --------------------------------------------------
2026-03-22 12:39:48,846: Training subset size: 320000
2026-03-22 12:42:17,733:   Epoch [5/30] Train Loss: 0.6269, Val F1: 0.5859, Val AUC: 0.6748
2026-03-22 12:43:17,101:   Early stopping at epoch 7
2026-03-22 12:43:18,343: Transformer @ 100% - Test AUC: 0.6743, Test F1: 0.5862, Precision: 0.6338, Recall: 0.5452, Time: 209.5s
2026-03-22 12:43:18,343:   Confusion Matrix: TN=17725, FP=5336, FN=7704, TP=9235
2026-03-22 12:43:18,425: 
======================================================================
2026-03-22 12:43:18,425: MODEL: LSTM
2026-03-22 12:43:18,426: ======================================================================
2026-03-22 12:43:18,426: --------------------------------------------------
2026-03-22 12:43:18,426: Training LSTM with 100% of training data
2026-03-22 12:43:18,426: --------------------------------------------------
2026-03-22 12:43:18,426: Training subset size: 320000
2026-03-22 12:44:23,430:   Epoch [5/30] Train Loss: 0.6209, Val F1: 0.5802, Val AUC: 0.6743
2026-03-22 12:45:29,214:   Epoch [10/30] Train Loss: 0.6125, Val F1: 0.5761, Val AUC: 0.6751
2026-03-22 12:45:42,398:   Early stopping at epoch 11
2026-03-22 12:45:43,175: LSTM @ 100% - Test AUC: 0.6759, Test F1: 0.5839, Precision: 0.6699, Recall: 0.5175, Time: 144.7s
2026-03-22 12:45:43,175:   Confusion Matrix: TN=18742, FP=4319, FN=8173, TP=8766
2026-03-22 12:45:43,253: 
======================================================================
2026-03-22 12:45:43,254: MODEL: RNNTransformer
2026-03-22 12:45:43,254: ======================================================================
2026-03-22 12:45:43,254: --------------------------------------------------
2026-03-22 12:45:43,254: Training RNNTransformer with 100% of training data
2026-03-22 12:45:43,254: --------------------------------------------------
2026-03-22 12:45:43,254: Training subset size: 320000
2026-03-22 12:47:57,878:   Epoch [5/30] Train Loss: 0.6328, Val F1: 0.5615, Val AUC: 0.6581
2026-03-22 12:50:12,503:   Epoch [10/30] Train Loss: 0.6296, Val F1: 0.5619, Val AUC: 0.6632
2026-03-22 12:50:12,504:   Early stopping at epoch 10
2026-03-22 12:50:13,728: RNNTransformer @ 100% - Test AUC: 0.6623, Test F1: 0.5768, Precision: 0.6207, Recall: 0.5388, Time: 270.5s
2026-03-22 12:50:13,728:   Confusion Matrix: TN=17485, FP=5576, FN=7813, TP=9126
2026-03-22 12:50:13,815: 
Results saved to: /cluster/work/projects/nn12048k/michechi/results/sensitivity_stochastic/dl_fraction_experiment_122_OPTIMAL_20260322_125013.csv
2026-03-22 12:50:13,816: Detailed results saved to: /cluster/work/projects/nn12048k/michechi/results/sensitivity_stochastic/dl_fraction_experiment_122_OPTIMAL_20260322_125013.json
2026-03-22 12:50:13,816: 
======================================================================
2026-03-22 12:50:13,817: EXPERIMENT SUMMARY
2026-03-22 12:50:13,817: ======================================================================
2026-03-22 12:50:13,817: 
Transformer:
2026-03-22 12:50:13,817: Fraction   Train N    Test AUC   Test F1    Precision  Recall    
2026-03-22 12:50:13,817: ------------------------------------------------------------
2026-03-22 12:50:13,817:    100%    320000     0.6743     0.5862     0.6338     0.5452    
2026-03-22 12:50:13,817: 
LSTM:
2026-03-22 12:50:13,817: Fraction   Train N    Test AUC   Test F1    Precision  Recall    
2026-03-22 12:50:13,818: ------------------------------------------------------------
2026-03-22 12:50:13,818:    100%    320000     0.6759     0.5839     0.6699     0.5175    
2026-03-22 12:50:13,818: 
RNNTransformer:
2026-03-22 12:50:13,818: Fraction   Train N    Test AUC   Test F1    Precision  Recall    
2026-03-22 12:50:13,818: ------------------------------------------------------------
2026-03-22 12:50:13,818:    100%    320000     0.6623     0.5768     0.6207     0.5388    
INFO:    gocryptfs not found, will not be able to use gocryptfs
/usr/bin/rm: cannot remove '/usr/local/cuda/compat/lib': Read-only file system
rm: cannot remove '/usr/local/cuda/compat/lib': Read-only file system
2026-03-22 12:50:19,816: Arguments:
2026-03-22 12:50:19,816:   batch_size: 64
2026-03-22 12:50:19,816:   epochs: 30
2026-03-22 12:50:19,817:   fractions: 1.0
2026-03-22 12:50:19,817:   label_column: Outcome
2026-03-22 12:50:19,817:   models: Transformer,LSTM,RNNTransformer
2026-03-22 12:50:19,817:   no_search: False
2026-03-22 12:50:19,817:   number_to_use: 123
2026-03-22 12:50:19,817:   optimal: True
2026-03-22 12:50:19,817:   output_dir: /cluster/work/projects/nn12048k/michechi/results/sensitivity_stochastic/
2026-03-22 12:50:19,817:   path_csv: /cluster/home/michechi/MIMICIV/data/simulation/sensitivity_stochastic/
2026-03-22 12:50:19,817:   patience: 3
2026-03-22 12:50:19,818:   seed: 9550
2026-03-22 12:50:19,818:   sequence_column: Sequences
2026-03-22 12:50:19,818:   sequence_separator: 
2026-03-22 12:50:20,383: Using device: cuda
2026-03-22 12:50:20,384: Loading data from: /cluster/home/michechi/MIMICIV/data/simulation/sensitivity_stochastic/
2026-03-22 12:50:21,163: Data loaded - Train: 320000, Val: 40000, Test: 40000
2026-03-22 12:50:21,185: Maximum sequence length: 20
2026-03-22 12:50:21,186: Testing fractions: [1.0]
2026-03-22 12:50:21,186: Models to train: ['Transformer', 'LSTM', 'RNNTransformer']
2026-03-22 12:50:21,186: Using OPTIMAL configurations
2026-03-22 12:50:21,186: 
======================================================================
2026-03-22 12:50:21,187: MODEL: Transformer
2026-03-22 12:50:21,187: ======================================================================
2026-03-22 12:50:21,187: --------------------------------------------------
2026-03-22 12:50:21,187: Training Transformer with 100% of training data
2026-03-22 12:50:21,187: --------------------------------------------------
2026-03-22 12:50:21,187: Training subset size: 320000
2026-03-22 12:52:39,682:   Epoch [5/30] Train Loss: 0.6187, Val F1: 0.5606, Val AUC: 0.6671
2026-03-22 12:52:39,683:   Early stopping at epoch 5
2026-03-22 12:52:40,861: Transformer @ 100% - Test AUC: 0.6686, Test F1: 0.5713, Precision: 0.6830, Recall: 0.4910, Time: 139.7s
2026-03-22 12:52:40,861:   Confusion Matrix: TN=19836, FP=3742, FN=8358, TP=8064
2026-03-22 12:52:40,942: 
======================================================================
2026-03-22 12:52:40,943: MODEL: LSTM
2026-03-22 12:52:40,943: ======================================================================
2026-03-22 12:52:40,943: --------------------------------------------------
2026-03-22 12:52:40,943: Training LSTM with 100% of training data
2026-03-22 12:52:40,943: --------------------------------------------------
2026-03-22 12:52:40,943: Training subset size: 320000
2026-03-22 12:53:43,649:   Epoch [5/30] Train Loss: 0.6321, Val F1: 0.5253, Val AUC: 0.6548
2026-03-22 12:54:21,622:   Early stopping at epoch 8
2026-03-22 12:54:22,384: LSTM @ 100% - Test AUC: 0.6604, Test F1: 0.5345, Precision: 0.6418, Recall: 0.4580, Time: 101.4s
2026-03-22 12:54:22,385:   Confusion Matrix: TN=19381, FP=4197, FN=8901, TP=7521
2026-03-22 12:54:22,462: 
======================================================================
2026-03-22 12:54:22,462: MODEL: RNNTransformer
2026-03-22 12:54:22,462: ======================================================================
2026-03-22 12:54:22,463: --------------------------------------------------
2026-03-22 12:54:22,463: Training RNNTransformer with 100% of training data
2026-03-22 12:54:22,463: --------------------------------------------------
2026-03-22 12:54:22,463: Training subset size: 320000
2026-03-22 12:56:28,750:   Epoch [5/30] Train Loss: 0.6243, Val F1: 0.5566, Val AUC: 0.6653
2026-03-22 12:57:45,092:   Early stopping at epoch 8
2026-03-22 12:57:46,268: RNNTransformer @ 100% - Test AUC: 0.6678, Test F1: 0.5614, Precision: 0.6780, Recall: 0.4791, Time: 203.8s
2026-03-22 12:57:46,268:   Confusion Matrix: TN=19841, FP=3737, FN=8555, TP=7867
2026-03-22 12:57:46,351: 
Results saved to: /cluster/work/projects/nn12048k/michechi/results/sensitivity_stochastic/dl_fraction_experiment_123_OPTIMAL_20260322_125746.csv
2026-03-22 12:57:46,353: Detailed results saved to: /cluster/work/projects/nn12048k/michechi/results/sensitivity_stochastic/dl_fraction_experiment_123_OPTIMAL_20260322_125746.json
2026-03-22 12:57:46,353: 
======================================================================
2026-03-22 12:57:46,353: EXPERIMENT SUMMARY
2026-03-22 12:57:46,353: ======================================================================
2026-03-22 12:57:46,353: 
Transformer:
2026-03-22 12:57:46,353: Fraction   Train N    Test AUC   Test F1    Precision  Recall    
2026-03-22 12:57:46,353: ------------------------------------------------------------
2026-03-22 12:57:46,353:    100%    320000     0.6686     0.5713     0.6830     0.4910    
2026-03-22 12:57:46,354: 
LSTM:
2026-03-22 12:57:46,354: Fraction   Train N    Test AUC   Test F1    Precision  Recall    
2026-03-22 12:57:46,354: ------------------------------------------------------------
2026-03-22 12:57:46,354:    100%    320000     0.6604     0.5345     0.6418     0.4580    
2026-03-22 12:57:46,354: 
RNNTransformer:
2026-03-22 12:57:46,354: Fraction   Train N    Test AUC   Test F1    Precision  Recall    
2026-03-22 12:57:46,354: ------------------------------------------------------------
2026-03-22 12:57:46,354:    100%    320000     0.6678     0.5614     0.6780     0.4791    
INFO:    gocryptfs not found, will not be able to use gocryptfs
/usr/bin/rm: cannot remove '/usr/local/cuda/compat/lib': Read-only file system
rm: cannot remove '/usr/local/cuda/compat/lib': Read-only file system
2026-03-22 12:57:52,299: Arguments:
2026-03-22 12:57:52,299:   batch_size: 64
2026-03-22 12:57:52,299:   epochs: 30
2026-03-22 12:57:52,299:   fractions: 1.0
2026-03-22 12:57:52,300:   label_column: Outcome
2026-03-22 12:57:52,300:   models: Transformer,LSTM,RNNTransformer
2026-03-22 12:57:52,300:   no_search: False
2026-03-22 12:57:52,300:   number_to_use: 124
2026-03-22 12:57:52,300:   optimal: True
2026-03-22 12:57:52,300:   output_dir: /cluster/work/projects/nn12048k/michechi/results/sensitivity_stochastic/
2026-03-22 12:57:52,300:   path_csv: /cluster/home/michechi/MIMICIV/data/simulation/sensitivity_stochastic/
2026-03-22 12:57:52,300:   patience: 3
2026-03-22 12:57:52,300:   seed: 9550
2026-03-22 12:57:52,300:   sequence_column: Sequences
2026-03-22 12:57:52,301:   sequence_separator: 
2026-03-22 12:57:52,820: Using device: cuda
2026-03-22 12:57:52,821: Loading data from: /cluster/home/michechi/MIMICIV/data/simulation/sensitivity_stochastic/
2026-03-22 12:57:53,581: Data loaded - Train: 320000, Val: 40000, Test: 40000
2026-03-22 12:57:53,604: Maximum sequence length: 20
2026-03-22 12:57:53,605: Testing fractions: [1.0]
2026-03-22 12:57:53,605: Models to train: ['Transformer', 'LSTM', 'RNNTransformer']
2026-03-22 12:57:53,605: Using OPTIMAL configurations
2026-03-22 12:57:53,605: 
======================================================================
2026-03-22 12:57:53,605: MODEL: Transformer
2026-03-22 12:57:53,605: ======================================================================
2026-03-22 12:57:53,605: --------------------------------------------------
2026-03-22 12:57:53,605: Training Transformer with 100% of training data
2026-03-22 12:57:53,606: --------------------------------------------------
2026-03-22 12:57:53,606: Training subset size: 320000
2026-03-22 13:00:18,744:   Epoch [5/30] Train Loss: 0.6145, Val F1: 0.5599, Val AUC: 0.6664
2026-03-22 13:00:18,745:   Early stopping at epoch 5
2026-03-22 13:00:19,973: Transformer @ 100% - Test AUC: 0.6661, Test F1: 0.5597, Precision: 0.6830, Recall: 0.4742, Time: 146.4s
2026-03-22 13:00:19,973:   Confusion Matrix: TN=20146, FP=3582, FN=8556, TP=7716
2026-03-22 13:00:20,053: 
======================================================================
2026-03-22 13:00:20,054: MODEL: LSTM
2026-03-22 13:00:20,054: ======================================================================
2026-03-22 13:00:20,054: --------------------------------------------------
2026-03-22 13:00:20,054: Training LSTM with 100% of training data
2026-03-22 13:00:20,054: --------------------------------------------------
2026-03-22 13:00:20,054: Training subset size: 320000
2026-03-22 13:01:24,242:   Epoch [5/30] Train Loss: 0.6322, Val F1: 0.4882, Val AUC: 0.6542
2026-03-22 13:02:29,109:   Epoch [10/30] Train Loss: 0.6214, Val F1: 0.5220, Val AUC: 0.6579
2026-03-22 13:03:34,408:   Epoch [15/30] Train Loss: 0.6143, Val F1: 0.5297, Val AUC: 0.6579
2026-03-22 13:04:26,788:   Early stopping at epoch 19
2026-03-22 13:04:27,569: LSTM @ 100% - Test AUC: 0.6564, Test F1: 0.5312, Precision: 0.6611, Recall: 0.4440, Time: 247.5s
2026-03-22 13:04:27,569:   Confusion Matrix: TN=20025, FP=3703, FN=9047, TP=7225
2026-03-22 13:04:27,647: 
======================================================================
2026-03-22 13:04:27,648: MODEL: RNNTransformer
2026-03-22 13:04:27,648: ======================================================================
2026-03-22 13:04:27,648: --------------------------------------------------
2026-03-22 13:04:27,648: Training RNNTransformer with 100% of training data
2026-03-22 13:04:27,648: --------------------------------------------------
2026-03-22 13:04:27,648: Training subset size: 320000
2026-03-22 13:06:39,804:   Epoch [5/30] Train Loss: 0.6185, Val F1: 0.5542, Val AUC: 0.6649
2026-03-22 13:07:06,028:   Early stopping at epoch 6
2026-03-22 13:07:07,238: RNNTransformer @ 100% - Test AUC: 0.6631, Test F1: 0.5594, Precision: 0.6756, Recall: 0.4773, Time: 159.6s
2026-03-22 13:07:07,238:   Confusion Matrix: TN=19999, FP=3729, FN=8505, TP=7767
2026-03-22 13:07:07,321: 
Results saved to: /cluster/work/projects/nn12048k/michechi/results/sensitivity_stochastic/dl_fraction_experiment_124_OPTIMAL_20260322_130707.csv
2026-03-22 13:07:07,322: Detailed results saved to: /cluster/work/projects/nn12048k/michechi/results/sensitivity_stochastic/dl_fraction_experiment_124_OPTIMAL_20260322_130707.json
2026-03-22 13:07:07,322: 
======================================================================
2026-03-22 13:07:07,322: EXPERIMENT SUMMARY
2026-03-22 13:07:07,323: ======================================================================
2026-03-22 13:07:07,323: 
Transformer:
2026-03-22 13:07:07,323: Fraction   Train N    Test AUC   Test F1    Precision  Recall    
2026-03-22 13:07:07,323: ------------------------------------------------------------
2026-03-22 13:07:07,323:    100%    320000     0.6661     0.5597     0.6830     0.4742    
2026-03-22 13:07:07,323: 
LSTM:
2026-03-22 13:07:07,323: Fraction   Train N    Test AUC   Test F1    Precision  Recall    
2026-03-22 13:07:07,323: ------------------------------------------------------------
2026-03-22 13:07:07,323:    100%    320000     0.6564     0.5312     0.6611     0.4440    
2026-03-22 13:07:07,323: 
RNNTransformer:
2026-03-22 13:07:07,324: Fraction   Train N    Test AUC   Test F1    Precision  Recall    
2026-03-22 13:07:07,324: ------------------------------------------------------------
2026-03-22 13:07:07,324:    100%    320000     0.6631     0.5594     0.6756     0.4773    
INFO:    gocryptfs not found, will not be able to use gocryptfs
/usr/bin/rm: cannot remove '/usr/local/cuda/compat/lib': Read-only file system
rm: cannot remove '/usr/local/cuda/compat/lib': Read-only file system
2026-03-22 13:07:13,287: Arguments:
2026-03-22 13:07:13,287:   batch_size: 64
2026-03-22 13:07:13,287:   epochs: 30
2026-03-22 13:07:13,287:   fractions: 1.0
2026-03-22 13:07:13,287:   label_column: Outcome
2026-03-22 13:07:13,287:   models: Transformer,LSTM,RNNTransformer
2026-03-22 13:07:13,287:   no_search: False
2026-03-22 13:07:13,288:   number_to_use: 130
2026-03-22 13:07:13,288:   optimal: True
2026-03-22 13:07:13,288:   output_dir: /cluster/work/projects/nn12048k/michechi/results/sensitivity_stochastic/
2026-03-22 13:07:13,288:   path_csv: /cluster/home/michechi/MIMICIV/data/simulation/sensitivity_stochastic/
2026-03-22 13:07:13,288:   patience: 3
2026-03-22 13:07:13,288:   seed: 9550
2026-03-22 13:07:13,288:   sequence_column: Sequences
2026-03-22 13:07:13,288:   sequence_separator: 
2026-03-22 13:07:13,813: Using device: cuda
2026-03-22 13:07:13,814: Loading data from: /cluster/home/michechi/MIMICIV/data/simulation/sensitivity_stochastic/
2026-03-22 13:07:14,557: Data loaded - Train: 320000, Val: 40000, Test: 40000
2026-03-22 13:07:14,580: Maximum sequence length: 20
2026-03-22 13:07:14,581: Testing fractions: [1.0]
2026-03-22 13:07:14,581: Models to train: ['Transformer', 'LSTM', 'RNNTransformer']
2026-03-22 13:07:14,581: Using OPTIMAL configurations
2026-03-22 13:07:14,581: 
======================================================================
2026-03-22 13:07:14,581: MODEL: Transformer
2026-03-22 13:07:14,581: ======================================================================
2026-03-22 13:07:14,581: --------------------------------------------------
2026-03-22 13:07:14,581: Training Transformer with 100% of training data
2026-03-22 13:07:14,581: --------------------------------------------------
2026-03-22 13:07:14,581: Training subset size: 320000
2026-03-22 13:09:42,083:   Epoch [5/30] Train Loss: 0.6427, Val F1: 0.0847, Val AUC: 0.5598
2026-03-22 13:11:10,227:   Early stopping at epoch 8
2026-03-22 13:11:11,444: Transformer @ 100% - Test AUC: 0.5635, Test F1: 0.0865, Precision: 0.4332, Recall: 0.0480, Time: 236.9s
2026-03-22 13:11:11,444:   Confusion Matrix: TN=25065, FP=883, FN=13377, TP=675
2026-03-22 13:11:11,526: 
======================================================================
2026-03-22 13:11:11,527: MODEL: LSTM
2026-03-22 13:11:11,527: ======================================================================
2026-03-22 13:11:11,527: --------------------------------------------------
2026-03-22 13:11:11,527: Training LSTM with 100% of training data
2026-03-22 13:11:11,527: --------------------------------------------------
2026-03-22 13:11:11,527: Training subset size: 320000
2026-03-22 13:12:16,309:   Epoch [5/30] Train Loss: 0.6095, Val F1: 0.3850, Val AUC: 0.5970
2026-03-22 13:13:21,670:   Epoch [10/30] Train Loss: 0.6088, Val F1: 0.3847, Val AUC: 0.5986
2026-03-22 13:13:21,671:   Early stopping at epoch 10
2026-03-22 13:13:22,445: LSTM @ 100% - Test AUC: 0.6044, Test F1: 0.3942, Precision: 0.7043, Recall: 0.2737, Time: 130.9s
2026-03-22 13:13:22,445:   Confusion Matrix: TN=24333, FP=1615, FN=10206, TP=3846
2026-03-22 13:13:22,523: 
======================================================================
2026-03-22 13:13:22,524: MODEL: RNNTransformer
2026-03-22 13:13:22,524: ======================================================================
2026-03-22 13:13:22,524: --------------------------------------------------
2026-03-22 13:13:22,524: Training RNNTransformer with 100% of training data
2026-03-22 13:13:22,524: --------------------------------------------------
2026-03-22 13:13:22,524: Training subset size: 320000
2026-03-22 13:15:08,627:   Early stopping at epoch 4
2026-03-22 13:15:09,824: RNNTransformer @ 100% - Test AUC: 0.6066, Test F1: 0.3936, Precision: 0.6998, Recall: 0.2738, Time: 107.3s
2026-03-22 13:15:09,825:   Confusion Matrix: TN=24298, FP=1650, FN=10205, TP=3847
2026-03-22 13:15:09,914: 
Results saved to: /cluster/work/projects/nn12048k/michechi/results/sensitivity_stochastic/dl_fraction_experiment_130_OPTIMAL_20260322_131509.csv
2026-03-22 13:15:09,916: Detailed results saved to: /cluster/work/projects/nn12048k/michechi/results/sensitivity_stochastic/dl_fraction_experiment_130_OPTIMAL_20260322_131509.json
2026-03-22 13:15:09,916: 
======================================================================
2026-03-22 13:15:09,916: EXPERIMENT SUMMARY
2026-03-22 13:15:09,916: ======================================================================
2026-03-22 13:15:09,916: 
Transformer:
2026-03-22 13:15:09,916: Fraction   Train N    Test AUC   Test F1    Precision  Recall    
2026-03-22 13:15:09,917: ------------------------------------------------------------
2026-03-22 13:15:09,917:    100%    320000     0.5635     0.0865     0.4332     0.0480    
2026-03-22 13:15:09,917: 
LSTM:
2026-03-22 13:15:09,917: Fraction   Train N    Test AUC   Test F1    Precision  Recall    
2026-03-22 13:15:09,917: ------------------------------------------------------------
2026-03-22 13:15:09,917:    100%    320000     0.6044     0.3942     0.7043     0.2737    
2026-03-22 13:15:09,917: 
RNNTransformer:
2026-03-22 13:15:09,917: Fraction   Train N    Test AUC   Test F1    Precision  Recall    
2026-03-22 13:15:09,917: ------------------------------------------------------------
2026-03-22 13:15:09,918:    100%    320000     0.6066     0.3936     0.6998     0.2738    
INFO:    gocryptfs not found, will not be able to use gocryptfs
/usr/bin/rm: cannot remove '/usr/local/cuda/compat/lib': Read-only file system
rm: cannot remove '/usr/local/cuda/compat/lib': Read-only file system
2026-03-22 13:15:15,906: Arguments:
2026-03-22 13:15:15,907:   batch_size: 64
2026-03-22 13:15:15,907:   epochs: 30
2026-03-22 13:15:15,907:   fractions: 1.0
2026-03-22 13:15:15,907:   label_column: Outcome
2026-03-22 13:15:15,907:   models: Transformer,LSTM,RNNTransformer
2026-03-22 13:15:15,907:   no_search: False
2026-03-22 13:15:15,907:   number_to_use: 131
2026-03-22 13:15:15,907:   optimal: True
2026-03-22 13:15:15,908:   output_dir: /cluster/work/projects/nn12048k/michechi/results/sensitivity_stochastic/
2026-03-22 13:15:15,908:   path_csv: /cluster/home/michechi/MIMICIV/data/simulation/sensitivity_stochastic/
2026-03-22 13:15:15,908:   patience: 3
2026-03-22 13:15:15,908:   seed: 9550
2026-03-22 13:15:15,908:   sequence_column: Sequences
2026-03-22 13:15:15,908:   sequence_separator: 
2026-03-22 13:15:16,467: Using device: cuda
2026-03-22 13:15:16,468: Loading data from: /cluster/home/michechi/MIMICIV/data/simulation/sensitivity_stochastic/
2026-03-22 13:15:17,244: Data loaded - Train: 320000, Val: 40000, Test: 40000
2026-03-22 13:15:17,266: Maximum sequence length: 20
2026-03-22 13:15:17,267: Testing fractions: [1.0]
2026-03-22 13:15:17,267: Models to train: ['Transformer', 'LSTM', 'RNNTransformer']
2026-03-22 13:15:17,267: Using OPTIMAL configurations
2026-03-22 13:15:17,267: 
======================================================================
2026-03-22 13:15:17,268: MODEL: Transformer
2026-03-22 13:15:17,268: ======================================================================
2026-03-22 13:15:17,268: --------------------------------------------------
2026-03-22 13:15:17,268: Training Transformer with 100% of training data
2026-03-22 13:15:17,268: --------------------------------------------------
2026-03-22 13:15:17,268: Training subset size: 320000
2026-03-22 13:17:41,896:   Epoch [5/30] Train Loss: 0.6404, Val F1: 0.0467, Val AUC: 0.5630
2026-03-22 13:18:10,391:   Early stopping at epoch 6
2026-03-22 13:18:11,612: Transformer @ 100% - Test AUC: 0.5590, Test F1: 0.0492, Precision: 0.5288, Recall: 0.0258, Time: 174.3s
2026-03-22 13:18:11,612:   Confusion Matrix: TN=25797, FP=319, FN=13526, TP=358
2026-03-22 13:18:11,692: 
======================================================================
2026-03-22 13:18:11,693: MODEL: LSTM
2026-03-22 13:18:11,693: ======================================================================
2026-03-22 13:18:11,693: --------------------------------------------------
2026-03-22 13:18:11,693: Training LSTM with 100% of training data
2026-03-22 13:18:11,693: --------------------------------------------------
2026-03-22 13:18:11,693: Training subset size: 320000
2026-03-22 13:19:15,727:   Epoch [5/30] Train Loss: 0.6131, Val F1: 0.3571, Val AUC: 0.5913
2026-03-22 13:19:15,728:   Early stopping at epoch 5
2026-03-22 13:19:16,495: LSTM @ 100% - Test AUC: 0.5927, Test F1: 0.3520, Precision: 0.6671, Recall: 0.2391, Time: 64.8s
2026-03-22 13:19:16,495:   Confusion Matrix: TN=24460, FP=1656, FN=10565, TP=3319
2026-03-22 13:19:16,574: 
======================================================================
2026-03-22 13:19:16,575: MODEL: RNNTransformer
2026-03-22 13:19:16,575: ======================================================================
2026-03-22 13:19:16,575: --------------------------------------------------
2026-03-22 13:19:16,575: Training RNNTransformer with 100% of training data
2026-03-22 13:19:16,575: --------------------------------------------------
2026-03-22 13:19:16,575: Training subset size: 320000
2026-03-22 13:21:26,232:   Epoch [5/30] Train Loss: 0.6125, Val F1: 0.3571, Val AUC: 0.5912
2026-03-22 13:23:37,018:   Epoch [10/30] Train Loss: 0.6111, Val F1: 0.3621, Val AUC: 0.5954
2026-03-22 13:23:37,018:   Early stopping at epoch 10
2026-03-22 13:23:38,219: RNNTransformer @ 100% - Test AUC: 0.5940, Test F1: 0.3667, Precision: 0.6775, Recall: 0.2514, Time: 261.6s
2026-03-22 13:23:38,219:   Confusion Matrix: TN=24455, FP=1661, FN=10394, TP=3490
2026-03-22 13:23:38,302: 
Results saved to: /cluster/work/projects/nn12048k/michechi/results/sensitivity_stochastic/dl_fraction_experiment_131_OPTIMAL_20260322_132338.csv
2026-03-22 13:23:38,304: Detailed results saved to: /cluster/work/projects/nn12048k/michechi/results/sensitivity_stochastic/dl_fraction_experiment_131_OPTIMAL_20260322_132338.json
2026-03-22 13:23:38,304: 
======================================================================
2026-03-22 13:23:38,304: EXPERIMENT SUMMARY
2026-03-22 13:23:38,304: ======================================================================
2026-03-22 13:23:38,304: 
Transformer:
2026-03-22 13:23:38,304: Fraction   Train N    Test AUC   Test F1    Precision  Recall    
2026-03-22 13:23:38,304: ------------------------------------------------------------
2026-03-22 13:23:38,304:    100%    320000     0.5590     0.0492     0.5288     0.0258    
2026-03-22 13:23:38,305: 
LSTM:
2026-03-22 13:23:38,305: Fraction   Train N    Test AUC   Test F1    Precision  Recall    
2026-03-22 13:23:38,305: ------------------------------------------------------------
2026-03-22 13:23:38,305:    100%    320000     0.5927     0.3520     0.6671     0.2391    
2026-03-22 13:23:38,305: 
RNNTransformer:
2026-03-22 13:23:38,305: Fraction   Train N    Test AUC   Test F1    Precision  Recall    
2026-03-22 13:23:38,305: ------------------------------------------------------------
2026-03-22 13:23:38,305:    100%    320000     0.5940     0.3667     0.6775     0.2514    
INFO:    gocryptfs not found, will not be able to use gocryptfs
/usr/bin/rm: cannot remove '/usr/local/cuda/compat/lib': Read-only file system
rm: cannot remove '/usr/local/cuda/compat/lib': Read-only file system
2026-03-22 13:23:44,335: Arguments:
2026-03-22 13:23:44,335:   batch_size: 64
2026-03-22 13:23:44,336:   epochs: 30
2026-03-22 13:23:44,336:   fractions: 1.0
2026-03-22 13:23:44,336:   label_column: Outcome
2026-03-22 13:23:44,336:   models: Transformer,LSTM,RNNTransformer
2026-03-22 13:23:44,336:   no_search: False
2026-03-22 13:23:44,336:   number_to_use: 132
2026-03-22 13:23:44,336:   optimal: True
2026-03-22 13:23:44,336:   output_dir: /cluster/work/projects/nn12048k/michechi/results/sensitivity_stochastic/
2026-03-22 13:23:44,336:   path_csv: /cluster/home/michechi/MIMICIV/data/simulation/sensitivity_stochastic/
2026-03-22 13:23:44,336:   patience: 3
2026-03-22 13:23:44,337:   seed: 9550
2026-03-22 13:23:44,337:   sequence_column: Sequences
2026-03-22 13:23:44,337:   sequence_separator: 
2026-03-22 13:23:44,899: Using device: cuda
2026-03-22 13:23:44,900: Loading data from: /cluster/home/michechi/MIMICIV/data/simulation/sensitivity_stochastic/
2026-03-22 13:23:45,676: Data loaded - Train: 320000, Val: 40000, Test: 40000
2026-03-22 13:23:45,699: Maximum sequence length: 20
2026-03-22 13:23:45,700: Testing fractions: [1.0]
2026-03-22 13:23:45,700: Models to train: ['Transformer', 'LSTM', 'RNNTransformer']
2026-03-22 13:23:45,700: Using OPTIMAL configurations
2026-03-22 13:23:45,700: 
======================================================================
2026-03-22 13:23:45,700: MODEL: Transformer
2026-03-22 13:23:45,700: ======================================================================
2026-03-22 13:23:45,700: --------------------------------------------------
2026-03-22 13:23:45,700: Training Transformer with 100% of training data
2026-03-22 13:23:45,700: --------------------------------------------------
2026-03-22 13:23:45,700: Training subset size: 320000
2026-03-22 13:26:09,144:   Epoch [5/30] Train Loss: 0.6393, Val F1: 0.0185, Val AUC: 0.5577
2026-03-22 13:26:37,622:   Early stopping at epoch 6
2026-03-22 13:26:38,846: Transformer @ 100% - Test AUC: 0.5550, Test F1: 0.0641, Precision: 0.5103, Recall: 0.0342, Time: 173.1s
2026-03-22 13:26:38,847:   Confusion Matrix: TN=25815, FP=451, FN=13264, TP=470
2026-03-22 13:26:38,927: 
======================================================================
2026-03-22 13:26:38,928: MODEL: LSTM
2026-03-22 13:26:38,928: ======================================================================
2026-03-22 13:26:38,928: --------------------------------------------------
2026-03-22 13:26:38,928: Training LSTM with 100% of training data
2026-03-22 13:26:38,928: --------------------------------------------------
2026-03-22 13:26:38,928: Training subset size: 320000
2026-03-22 13:27:43,232:   Epoch [5/30] Train Loss: 0.6151, Val F1: 0.3231, Val AUC: 0.5870
2026-03-22 13:28:22,280:   Early stopping at epoch 8
2026-03-22 13:28:23,054: LSTM @ 100% - Test AUC: 0.5899, Test F1: 0.3368, Precision: 0.6750, Recall: 0.2244, Time: 104.1s
2026-03-22 13:28:23,054:   Confusion Matrix: TN=24782, FP=1484, FN=10652, TP=3082
2026-03-22 13:28:23,133: 
======================================================================
2026-03-22 13:28:23,133: MODEL: RNNTransformer
2026-03-22 13:28:23,133: ======================================================================
2026-03-22 13:28:23,134: --------------------------------------------------
2026-03-22 13:28:23,134: Training RNNTransformer with 100% of training data
2026-03-22 13:28:23,134: --------------------------------------------------
2026-03-22 13:28:23,134: Training subset size: 320000
2026-03-22 13:30:34,503:   Epoch [5/30] Train Loss: 0.6178, Val F1: 0.2792, Val AUC: 0.5844
2026-03-22 13:32:47,063:   Epoch [10/30] Train Loss: 0.6143, Val F1: 0.3193, Val AUC: 0.5858
2026-03-22 13:34:33,427:   Early stopping at epoch 14
2026-03-22 13:34:34,643: RNNTransformer @ 100% - Test AUC: 0.5936, Test F1: 0.3385, Precision: 0.6594, Recall: 0.2277, Time: 371.5s
2026-03-22 13:34:34,643:   Confusion Matrix: TN=24651, FP=1615, FN=10607, TP=3127
2026-03-22 13:34:34,727: 
Results saved to: /cluster/work/projects/nn12048k/michechi/results/sensitivity_stochastic/dl_fraction_experiment_132_OPTIMAL_20260322_133434.csv
2026-03-22 13:34:34,729: Detailed results saved to: /cluster/work/projects/nn12048k/michechi/results/sensitivity_stochastic/dl_fraction_experiment_132_OPTIMAL_20260322_133434.json
2026-03-22 13:34:34,729: 
======================================================================
2026-03-22 13:34:34,729: EXPERIMENT SUMMARY
2026-03-22 13:34:34,729: ======================================================================
2026-03-22 13:34:34,729: 
Transformer:
2026-03-22 13:34:34,729: Fraction   Train N    Test AUC   Test F1    Precision  Recall    
2026-03-22 13:34:34,730: ------------------------------------------------------------
2026-03-22 13:34:34,730:    100%    320000     0.5550     0.0641     0.5103     0.0342    
2026-03-22 13:34:34,730: 
LSTM:
2026-03-22 13:34:34,730: Fraction   Train N    Test AUC   Test F1    Precision  Recall    
2026-03-22 13:34:34,730: ------------------------------------------------------------
2026-03-22 13:34:34,730:    100%    320000     0.5899     0.3368     0.6750     0.2244    
2026-03-22 13:34:34,730: 
RNNTransformer:
2026-03-22 13:34:34,730: Fraction   Train N    Test AUC   Test F1    Precision  Recall    
2026-03-22 13:34:34,730: ------------------------------------------------------------
2026-03-22 13:34:34,731:    100%    320000     0.5936     0.3385     0.6594     0.2277    
INFO:    gocryptfs not found, will not be able to use gocryptfs
/usr/bin/rm: cannot remove '/usr/local/cuda/compat/lib': Read-only file system
rm: cannot remove '/usr/local/cuda/compat/lib': Read-only file system
2026-03-22 13:34:40,841: Arguments:
2026-03-22 13:34:40,841:   batch_size: 64
2026-03-22 13:34:40,842:   epochs: 30
2026-03-22 13:34:40,842:   fractions: 1.0
2026-03-22 13:34:40,842:   label_column: Outcome
2026-03-22 13:34:40,842:   models: Transformer,LSTM,RNNTransformer
2026-03-22 13:34:40,842:   no_search: False
2026-03-22 13:34:40,842:   number_to_use: 133
2026-03-22 13:34:40,842:   optimal: True
2026-03-22 13:34:40,842:   output_dir: /cluster/work/projects/nn12048k/michechi/results/sensitivity_stochastic/
2026-03-22 13:34:40,842:   path_csv: /cluster/home/michechi/MIMICIV/data/simulation/sensitivity_stochastic/
2026-03-22 13:34:40,843:   patience: 3
2026-03-22 13:34:40,843:   seed: 9550
2026-03-22 13:34:40,843:   sequence_column: Sequences
2026-03-22 13:34:40,843:   sequence_separator: 
2026-03-22 13:34:41,403: Using device: cuda
2026-03-22 13:34:41,403: Loading data from: /cluster/home/michechi/MIMICIV/data/simulation/sensitivity_stochastic/
2026-03-22 13:34:42,195: Data loaded - Train: 320000, Val: 40000, Test: 40000
2026-03-22 13:34:42,217: Maximum sequence length: 20
2026-03-22 13:34:42,218: Testing fractions: [1.0]
2026-03-22 13:34:42,218: Models to train: ['Transformer', 'LSTM', 'RNNTransformer']
2026-03-22 13:34:42,218: Using OPTIMAL configurations
2026-03-22 13:34:42,218: 
======================================================================
2026-03-22 13:34:42,218: MODEL: Transformer
2026-03-22 13:34:42,218: ======================================================================
2026-03-22 13:34:42,218: --------------------------------------------------
2026-03-22 13:34:42,219: Training Transformer with 100% of training data
2026-03-22 13:34:42,219: --------------------------------------------------
2026-03-22 13:34:42,219: Training subset size: 320000
2026-03-22 13:37:04,419:   Epoch [5/30] Train Loss: 0.6328, Val F1: 0.0129, Val AUC: 0.5524
2026-03-22 13:37:32,651:   Early stopping at epoch 6
2026-03-22 13:37:33,860: Transformer @ 100% - Test AUC: 0.5556, Test F1: 0.0441, Precision: 0.5435, Recall: 0.0230, Time: 171.6s
2026-03-22 13:37:33,860:   Confusion Matrix: TN=26414, FP=257, FN=13023, TP=306
2026-03-22 13:37:33,941: 
======================================================================
2026-03-22 13:37:33,941: MODEL: LSTM
2026-03-22 13:37:33,941: ======================================================================
2026-03-22 13:37:33,941: --------------------------------------------------
2026-03-22 13:37:33,941: Training LSTM with 100% of training data
2026-03-22 13:37:33,942: --------------------------------------------------
2026-03-22 13:37:33,942: Training subset size: 320000
2026-03-22 13:38:37,660:   Epoch [5/30] Train Loss: 0.6190, Val F1: 0.2361, Val AUC: 0.5657
2026-03-22 13:39:41,867:   Epoch [10/30] Train Loss: 0.6148, Val F1: 0.2589, Val AUC: 0.5758
2026-03-22 13:40:33,514:   Early stopping at epoch 14
2026-03-22 13:40:34,282: LSTM @ 100% - Test AUC: 0.5753, Test F1: 0.2657, Precision: 0.6529, Recall: 0.1668, Time: 180.3s
2026-03-22 13:40:34,283:   Confusion Matrix: TN=25489, FP=1182, FN=11106, TP=2223
2026-03-22 13:40:34,359: 
======================================================================
2026-03-22 13:40:34,360: MODEL: RNNTransformer
2026-03-22 13:40:34,360: ======================================================================
2026-03-22 13:40:34,360: --------------------------------------------------
2026-03-22 13:40:34,360: Training RNNTransformer with 100% of training data
2026-03-22 13:40:34,360: --------------------------------------------------
2026-03-22 13:40:34,360: Training subset size: 320000
2026-03-22 13:42:44,281:   Epoch [5/30] Train Loss: 0.6184, Val F1: 0.2736, Val AUC: 0.5727
2026-03-22 13:43:10,318:   Early stopping at epoch 6
2026-03-22 13:43:11,511: RNNTransformer @ 100% - Test AUC: 0.5775, Test F1: 0.2840, Precision: 0.6668, Recall: 0.1804, Time: 157.2s
2026-03-22 13:43:11,512:   Confusion Matrix: TN=25469, FP=1202, FN=10924, TP=2405
2026-03-22 13:43:11,602: 
Results saved to: /cluster/work/projects/nn12048k/michechi/results/sensitivity_stochastic/dl_fraction_experiment_133_OPTIMAL_20260322_134311.csv
2026-03-22 13:43:11,604: Detailed results saved to: /cluster/work/projects/nn12048k/michechi/results/sensitivity_stochastic/dl_fraction_experiment_133_OPTIMAL_20260322_134311.json
2026-03-22 13:43:11,604: 
======================================================================
2026-03-22 13:43:11,604: EXPERIMENT SUMMARY
2026-03-22 13:43:11,604: ======================================================================
2026-03-22 13:43:11,604: 
Transformer:
2026-03-22 13:43:11,604: Fraction   Train N    Test AUC   Test F1    Precision  Recall    
2026-03-22 13:43:11,604: ------------------------------------------------------------
2026-03-22 13:43:11,604:    100%    320000     0.5556     0.0441     0.5435     0.0230    
2026-03-22 13:43:11,605: 
LSTM:
2026-03-22 13:43:11,605: Fraction   Train N    Test AUC   Test F1    Precision  Recall    
2026-03-22 13:43:11,605: ------------------------------------------------------------
2026-03-22 13:43:11,605:    100%    320000     0.5753     0.2657     0.6529     0.1668    
2026-03-22 13:43:11,605: 
RNNTransformer:
2026-03-22 13:43:11,605: Fraction   Train N    Test AUC   Test F1    Precision  Recall    
2026-03-22 13:43:11,605: ------------------------------------------------------------
2026-03-22 13:43:11,605:    100%    320000     0.5775     0.2840     0.6668     0.1804    
INFO:    gocryptfs not found, will not be able to use gocryptfs
/usr/bin/rm: cannot remove '/usr/local/cuda/compat/lib': Read-only file system
rm: cannot remove '/usr/local/cuda/compat/lib': Read-only file system
2026-03-22 13:43:17,656: Arguments:
2026-03-22 13:43:17,657:   batch_size: 64
2026-03-22 13:43:17,657:   epochs: 30
2026-03-22 13:43:17,657:   fractions: 1.0
2026-03-22 13:43:17,657:   label_column: Outcome
2026-03-22 13:43:17,657:   models: Transformer,LSTM,RNNTransformer
2026-03-22 13:43:17,657:   no_search: False
2026-03-22 13:43:17,657:   number_to_use: 134
2026-03-22 13:43:17,657:   optimal: True
2026-03-22 13:43:17,658:   output_dir: /cluster/work/projects/nn12048k/michechi/results/sensitivity_stochastic/
2026-03-22 13:43:17,658:   path_csv: /cluster/home/michechi/MIMICIV/data/simulation/sensitivity_stochastic/
2026-03-22 13:43:17,658:   patience: 3
2026-03-22 13:43:17,658:   seed: 9550
2026-03-22 13:43:17,658:   sequence_column: Sequences
2026-03-22 13:43:17,658:   sequence_separator: 
2026-03-22 13:43:18,216: Using device: cuda
2026-03-22 13:43:18,216: Loading data from: /cluster/home/michechi/MIMICIV/data/simulation/sensitivity_stochastic/
2026-03-22 13:43:18,985: Data loaded - Train: 320000, Val: 40000, Test: 40000
2026-03-22 13:43:19,007: Maximum sequence length: 20
2026-03-22 13:43:19,008: Testing fractions: [1.0]
2026-03-22 13:43:19,008: Models to train: ['Transformer', 'LSTM', 'RNNTransformer']
2026-03-22 13:43:19,008: Using OPTIMAL configurations
2026-03-22 13:43:19,008: 
======================================================================
2026-03-22 13:43:19,009: MODEL: Transformer
2026-03-22 13:43:19,009: ======================================================================
2026-03-22 13:43:19,009: --------------------------------------------------
2026-03-22 13:43:19,009: Training Transformer with 100% of training data
2026-03-22 13:43:19,009: --------------------------------------------------
2026-03-22 13:43:19,009: Training subset size: 320000
2026-03-22 13:45:41,353:   Epoch [5/30] Train Loss: 0.6154, Val F1: 0.2828, Val AUC: 0.5712
2026-03-22 13:47:34,578:   Early stopping at epoch 9
2026-03-22 13:47:35,790: Transformer @ 100% - Test AUC: 0.5703, Test F1: 0.2802, Precision: 0.6845, Recall: 0.1762, Time: 256.8s
2026-03-22 13:47:35,790:   Confusion Matrix: TN=25619, FP=1080, FN=10958, TP=2343
2026-03-22 13:47:35,874: 
======================================================================
2026-03-22 13:47:35,874: MODEL: LSTM
2026-03-22 13:47:35,874: ======================================================================
2026-03-22 13:47:35,874: --------------------------------------------------
2026-03-22 13:47:35,875: Training LSTM with 100% of training data
2026-03-22 13:47:35,875: --------------------------------------------------
2026-03-22 13:47:35,875: Training subset size: 320000
2026-03-22 13:48:39,512:   Epoch [5/30] Train Loss: 0.6183, Val F1: 0.2100, Val AUC: 0.5706
2026-03-22 13:49:43,737:   Epoch [10/30] Train Loss: 0.6165, Val F1: 0.2136, Val AUC: 0.5637
2026-03-22 13:49:56,672:   Early stopping at epoch 11
2026-03-22 13:49:57,448: LSTM @ 100% - Test AUC: 0.5629, Test F1: 0.2235, Precision: 0.6471, Recall: 0.1351, Time: 141.6s
2026-03-22 13:49:57,449:   Confusion Matrix: TN=25719, FP=980, FN=11504, TP=1797
2026-03-22 13:49:57,528: 
======================================================================
2026-03-22 13:49:57,529: MODEL: RNNTransformer
2026-03-22 13:49:57,529: ======================================================================
2026-03-22 13:49:57,529: --------------------------------------------------
2026-03-22 13:49:57,529: Training RNNTransformer with 100% of training data
2026-03-22 13:49:57,529: --------------------------------------------------
2026-03-22 13:49:57,529: Training subset size: 320000
2026-03-22 13:52:07,496:   Epoch [5/30] Train Loss: 0.6161, Val F1: 0.2932, Val AUC: 0.5720
2026-03-22 13:53:25,826:   Early stopping at epoch 8
2026-03-22 13:53:27,024: RNNTransformer @ 100% - Test AUC: 0.5663, Test F1: 0.2810, Precision: 0.6977, Recall: 0.1759, Time: 209.5s
2026-03-22 13:53:27,025:   Confusion Matrix: TN=25685, FP=1014, FN=10961, TP=2340
2026-03-22 13:53:27,109: 
Results saved to: /cluster/work/projects/nn12048k/michechi/results/sensitivity_stochastic/dl_fraction_experiment_134_OPTIMAL_20260322_135327.csv
2026-03-22 13:53:27,111: Detailed results saved to: /cluster/work/projects/nn12048k/michechi/results/sensitivity_stochastic/dl_fraction_experiment_134_OPTIMAL_20260322_135327.json
2026-03-22 13:53:27,111: 
======================================================================
2026-03-22 13:53:27,111: EXPERIMENT SUMMARY
2026-03-22 13:53:27,111: ======================================================================
2026-03-22 13:53:27,111: 
Transformer:
2026-03-22 13:53:27,112: Fraction   Train N    Test AUC   Test F1    Precision  Recall    
2026-03-22 13:53:27,112: ------------------------------------------------------------
2026-03-22 13:53:27,112:    100%    320000     0.5703     0.2802     0.6845     0.1762    
2026-03-22 13:53:27,112: 
LSTM:
2026-03-22 13:53:27,112: Fraction   Train N    Test AUC   Test F1    Precision  Recall    
2026-03-22 13:53:27,112: ------------------------------------------------------------
2026-03-22 13:53:27,112:    100%    320000     0.5629     0.2235     0.6471     0.1351    
2026-03-22 13:53:27,112: 
RNNTransformer:
2026-03-22 13:53:27,112: Fraction   Train N    Test AUC   Test F1    Precision  Recall    
2026-03-22 13:53:27,113: ------------------------------------------------------------
2026-03-22 13:53:27,113:    100%    320000     0.5663     0.2810     0.6977     0.1759    
INFO:    gocryptfs not found, will not be able to use gocryptfs
/usr/bin/rm: cannot remove '/usr/local/cuda/compat/lib': Read-only file system
rm: cannot remove '/usr/local/cuda/compat/lib': Read-only file system
2026-03-22 13:53:33,172: Arguments:
2026-03-22 13:53:33,173:   batch_size: 64
2026-03-22 13:53:33,173:   epochs: 30
2026-03-22 13:53:33,173:   fractions: 1.0
2026-03-22 13:53:33,173:   label_column: Outcome
2026-03-22 13:53:33,173:   models: Transformer,LSTM,RNNTransformer
2026-03-22 13:53:33,173:   no_search: False
2026-03-22 13:53:33,173:   number_to_use: 140
2026-03-22 13:53:33,174:   optimal: True
2026-03-22 13:53:33,174:   output_dir: /cluster/work/projects/nn12048k/michechi/results/sensitivity_stochastic/
2026-03-22 13:53:33,174:   path_csv: /cluster/home/michechi/MIMICIV/data/simulation/sensitivity_stochastic/
2026-03-22 13:53:33,174:   patience: 3
2026-03-22 13:53:33,174:   seed: 9550
2026-03-22 13:53:33,174:   sequence_column: Sequences
2026-03-22 13:53:33,174:   sequence_separator: 
2026-03-22 13:53:33,730: Using device: cuda
2026-03-22 13:53:33,731: Loading data from: /cluster/home/michechi/MIMICIV/data/simulation/sensitivity_stochastic/
2026-03-22 13:53:34,498: Data loaded - Train: 320000, Val: 40000, Test: 40000
2026-03-22 13:53:34,521: Maximum sequence length: 20
2026-03-22 13:53:34,522: Testing fractions: [1.0]
2026-03-22 13:53:34,522: Models to train: ['Transformer', 'LSTM', 'RNNTransformer']
2026-03-22 13:53:34,522: Using OPTIMAL configurations
2026-03-22 13:53:34,522: 
======================================================================
2026-03-22 13:53:34,522: MODEL: Transformer
2026-03-22 13:53:34,522: ======================================================================
2026-03-22 13:53:34,522: --------------------------------------------------
2026-03-22 13:53:34,522: Training Transformer with 100% of training data
2026-03-22 13:53:34,523: --------------------------------------------------
2026-03-22 13:53:34,523: Training subset size: 320000
2026-03-22 13:55:53,074:   Epoch [5/30] Train Loss: 0.6897, Val F1: 0.6538, Val AUC: 0.5365
2026-03-22 13:57:43,024:   Early stopping at epoch 9
2026-03-22 13:57:44,232: Transformer @ 100% - Test AUC: 0.5326, Test F1: 0.6612, Precision: 0.5278, Recall: 0.8849, Time: 249.7s
2026-03-22 13:57:44,232:   Confusion Matrix: TN=2897, FP=16396, FN=2384, TP=18323
2026-03-22 13:57:44,314: 
======================================================================
2026-03-22 13:57:44,315: MODEL: LSTM
2026-03-22 13:57:44,315: ======================================================================
2026-03-22 13:57:44,315: --------------------------------------------------
2026-03-22 13:57:44,315: Training LSTM with 100% of training data
2026-03-22 13:57:44,315: --------------------------------------------------
2026-03-22 13:57:44,315: Training subset size: 320000
2026-03-22 13:58:47,229:   Epoch [5/30] Train Loss: 0.6113, Val F1: 0.7225, Val AUC: 0.7060
2026-03-22 13:58:59,864:   Early stopping at epoch 6
2026-03-22 13:59:00,627: LSTM @ 100% - Test AUC: 0.6960, Test F1: 0.7170, Precision: 0.6985, Recall: 0.7365, Time: 76.3s
2026-03-22 13:59:00,627:   Confusion Matrix: TN=12712, FP=6581, FN=5457, TP=15250
2026-03-22 13:59:00,706: 
======================================================================
2026-03-22 13:59:00,706: MODEL: RNNTransformer
2026-03-22 13:59:00,706: ======================================================================
2026-03-22 13:59:00,706: --------------------------------------------------
2026-03-22 13:59:00,707: Training RNNTransformer with 100% of training data
2026-03-22 13:59:00,707: --------------------------------------------------
2026-03-22 13:59:00,707: Training subset size: 320000
2026-03-22 14:00:42,010:   Early stopping at epoch 4
2026-03-22 14:00:43,190: RNNTransformer @ 100% - Test AUC: 0.6943, Test F1: 0.7122, Precision: 0.6943, Recall: 0.7311, Time: 102.5s
2026-03-22 14:00:43,190:   Confusion Matrix: TN=12628, FP=6665, FN=5568, TP=15139
2026-03-22 14:00:43,273: 
Results saved to: /cluster/work/projects/nn12048k/michechi/results/sensitivity_stochastic/dl_fraction_experiment_140_OPTIMAL_20260322_140043.csv
2026-03-22 14:00:43,274: Detailed results saved to: /cluster/work/projects/nn12048k/michechi/results/sensitivity_stochastic/dl_fraction_experiment_140_OPTIMAL_20260322_140043.json
2026-03-22 14:00:43,275: 
======================================================================
2026-03-22 14:00:43,275: EXPERIMENT SUMMARY
2026-03-22 14:00:43,275: ======================================================================
2026-03-22 14:00:43,275: 
Transformer:
2026-03-22 14:00:43,275: Fraction   Train N    Test AUC   Test F1    Precision  Recall    
2026-03-22 14:00:43,275: ------------------------------------------------------------
2026-03-22 14:00:43,275:    100%    320000     0.5326     0.6612     0.5278     0.8849    
2026-03-22 14:00:43,275: 
LSTM:
2026-03-22 14:00:43,276: Fraction   Train N    Test AUC   Test F1    Precision  Recall    
2026-03-22 14:00:43,276: ------------------------------------------------------------
2026-03-22 14:00:43,276:    100%    320000     0.6960     0.7170     0.6985     0.7365    
2026-03-22 14:00:43,276: 
RNNTransformer:
2026-03-22 14:00:43,276: Fraction   Train N    Test AUC   Test F1    Precision  Recall    
2026-03-22 14:00:43,276: ------------------------------------------------------------
2026-03-22 14:00:43,276:    100%    320000     0.6943     0.7122     0.6943     0.7311    
INFO:    gocryptfs not found, will not be able to use gocryptfs
/usr/bin/rm: cannot remove '/usr/local/cuda/compat/lib': Read-only file system
rm: cannot remove '/usr/local/cuda/compat/lib': Read-only file system
2026-03-22 14:00:49,283: Arguments:
2026-03-22 14:00:49,283:   batch_size: 64
2026-03-22 14:00:49,283:   epochs: 30
2026-03-22 14:00:49,283:   fractions: 1.0
2026-03-22 14:00:49,283:   label_column: Outcome
2026-03-22 14:00:49,283:   models: Transformer,LSTM,RNNTransformer
2026-03-22 14:00:49,284:   no_search: False
2026-03-22 14:00:49,284:   number_to_use: 141
2026-03-22 14:00:49,284:   optimal: True
2026-03-22 14:00:49,284:   output_dir: /cluster/work/projects/nn12048k/michechi/results/sensitivity_stochastic/
2026-03-22 14:00:49,284:   path_csv: /cluster/home/michechi/MIMICIV/data/simulation/sensitivity_stochastic/
2026-03-22 14:00:49,284:   patience: 3
2026-03-22 14:00:49,284:   seed: 9550
2026-03-22 14:00:49,284:   sequence_column: Sequences
2026-03-22 14:00:49,284:   sequence_separator: 
2026-03-22 14:00:49,842: Using device: cuda
2026-03-22 14:00:49,842: Loading data from: /cluster/home/michechi/MIMICIV/data/simulation/sensitivity_stochastic/
2026-03-22 14:00:50,657: Data loaded - Train: 320000, Val: 40000, Test: 40000
2026-03-22 14:00:50,679: Maximum sequence length: 20
2026-03-22 14:00:50,680: Testing fractions: [1.0]
2026-03-22 14:00:50,681: Models to train: ['Transformer', 'LSTM', 'RNNTransformer']
2026-03-22 14:00:50,681: Using OPTIMAL configurations
2026-03-22 14:00:50,681: 
======================================================================
2026-03-22 14:00:50,681: MODEL: Transformer
2026-03-22 14:00:50,681: ======================================================================
2026-03-22 14:00:50,681: --------------------------------------------------
2026-03-22 14:00:50,681: Training Transformer with 100% of training data
2026-03-22 14:00:50,681: --------------------------------------------------
2026-03-22 14:00:50,682: Training subset size: 320000
2026-03-22 14:03:16,085:   Epoch [5/30] Train Loss: 0.6869, Val F1: 0.5241, Val AUC: 0.5637
2026-03-22 14:03:16,085:   Early stopping at epoch 5
2026-03-22 14:03:17,310: Transformer @ 100% - Test AUC: 0.5611, Test F1: 0.6223, Precision: 0.5493, Recall: 0.7176, Time: 146.6s
2026-03-22 14:03:17,310:   Confusion Matrix: TN=7064, FP=12206, FN=5854, TP=14876
2026-03-22 14:03:17,392: 
======================================================================
2026-03-22 14:03:17,392: MODEL: LSTM
2026-03-22 14:03:17,392: ======================================================================
2026-03-22 14:03:17,393: --------------------------------------------------
2026-03-22 14:03:17,393: Training LSTM with 100% of training data
2026-03-22 14:03:17,393: --------------------------------------------------
2026-03-22 14:03:17,393: Training subset size: 320000
2026-03-22 14:04:21,900:   Epoch [5/30] Train Loss: 0.6198, Val F1: 0.7082, Val AUC: 0.6984
2026-03-22 14:05:27,119:   Epoch [10/30] Train Loss: 0.6106, Val F1: 0.7119, Val AUC: 0.6944
2026-03-22 14:05:53,338:   Early stopping at epoch 12
2026-03-22 14:05:54,110: LSTM @ 100% - Test AUC: 0.7001, Test F1: 0.7127, Precision: 0.6948, Recall: 0.7316, Time: 156.7s
2026-03-22 14:05:54,110:   Confusion Matrix: TN=12607, FP=6663, FN=5564, TP=15166
2026-03-22 14:05:54,188: 
======================================================================
2026-03-22 14:05:54,188: MODEL: RNNTransformer
2026-03-22 14:05:54,188: ======================================================================
2026-03-22 14:05:54,189: --------------------------------------------------
2026-03-22 14:05:54,189: Training RNNTransformer with 100% of training data
2026-03-22 14:05:54,189: --------------------------------------------------
2026-03-22 14:05:54,189: Training subset size: 320000
2026-03-22 14:08:06,135:   Epoch [5/30] Train Loss: 0.6308, Val F1: 0.6943, Val AUC: 0.6930
2026-03-22 14:10:19,371:   Epoch [10/30] Train Loss: 0.6248, Val F1: 0.6903, Val AUC: 0.6952
2026-03-22 14:12:06,209:   Early stopping at epoch 14
2026-03-22 14:12:07,436: RNNTransformer @ 100% - Test AUC: 0.6961, Test F1: 0.7029, Precision: 0.6875, Recall: 0.7190, Time: 373.2s
2026-03-22 14:12:07,437:   Confusion Matrix: TN=12495, FP=6775, FN=5825, TP=14905
2026-03-22 14:12:07,531: 
Results saved to: /cluster/work/projects/nn12048k/michechi/results/sensitivity_stochastic/dl_fraction_experiment_141_OPTIMAL_20260322_141207.csv
2026-03-22 14:12:07,532: Detailed results saved to: /cluster/work/projects/nn12048k/michechi/results/sensitivity_stochastic/dl_fraction_experiment_141_OPTIMAL_20260322_141207.json
2026-03-22 14:12:07,533: 
======================================================================
2026-03-22 14:12:07,533: EXPERIMENT SUMMARY
2026-03-22 14:12:07,533: ======================================================================
2026-03-22 14:12:07,533: 
Transformer:
2026-03-22 14:12:07,533: Fraction   Train N    Test AUC   Test F1    Precision  Recall    
2026-03-22 14:12:07,533: ------------------------------------------------------------
2026-03-22 14:12:07,533:    100%    320000     0.5611     0.6223     0.5493     0.7176    
2026-03-22 14:12:07,534: 
LSTM:
2026-03-22 14:12:07,534: Fraction   Train N    Test AUC   Test F1    Precision  Recall    
2026-03-22 14:12:07,534: ------------------------------------------------------------
2026-03-22 14:12:07,534:    100%    320000     0.7001     0.7127     0.6948     0.7316    
2026-03-22 14:12:07,534: 
RNNTransformer:
2026-03-22 14:12:07,534: Fraction   Train N    Test AUC   Test F1    Precision  Recall    
2026-03-22 14:12:07,534: ------------------------------------------------------------
2026-03-22 14:12:07,534:    100%    320000     0.6961     0.7029     0.6875     0.7190    
INFO:    gocryptfs not found, will not be able to use gocryptfs
/usr/bin/rm: cannot remove '/usr/local/cuda/compat/lib': Read-only file system
rm: cannot remove '/usr/local/cuda/compat/lib': Read-only file system
2026-03-22 14:12:14,235: Arguments:
2026-03-22 14:12:14,236:   batch_size: 64
2026-03-22 14:12:14,236:   epochs: 30
2026-03-22 14:12:14,236:   fractions: 1.0
2026-03-22 14:12:14,236:   label_column: Outcome
2026-03-22 14:12:14,236:   models: Transformer,LSTM,RNNTransformer
2026-03-22 14:12:14,236:   no_search: False
2026-03-22 14:12:14,236:   number_to_use: 142
2026-03-22 14:12:14,236:   optimal: True
2026-03-22 14:12:14,237:   output_dir: /cluster/work/projects/nn12048k/michechi/results/sensitivity_stochastic/
2026-03-22 14:12:14,237:   path_csv: /cluster/home/michechi/MIMICIV/data/simulation/sensitivity_stochastic/
2026-03-22 14:12:14,237:   patience: 3
2026-03-22 14:12:14,237:   seed: 9550
2026-03-22 14:12:14,237:   sequence_column: Sequences
2026-03-22 14:12:14,237:   sequence_separator: 
2026-03-22 14:12:14,785: Using device: cuda
2026-03-22 14:12:14,786: Loading data from: /cluster/home/michechi/MIMICIV/data/simulation/sensitivity_stochastic/
2026-03-22 14:12:15,568: Data loaded - Train: 320000, Val: 40000, Test: 40000
2026-03-22 14:12:15,590: Maximum sequence length: 20
2026-03-22 14:12:15,591: Testing fractions: [1.0]
2026-03-22 14:12:15,592: Models to train: ['Transformer', 'LSTM', 'RNNTransformer']
2026-03-22 14:12:15,592: Using OPTIMAL configurations
2026-03-22 14:12:15,592: 
======================================================================
2026-03-22 14:12:15,592: MODEL: Transformer
2026-03-22 14:12:15,592: ======================================================================
2026-03-22 14:12:15,592: --------------------------------------------------
2026-03-22 14:12:15,592: Training Transformer with 100% of training data
2026-03-22 14:12:15,592: --------------------------------------------------
2026-03-22 14:12:15,593: Training subset size: 320000
2026-03-22 14:14:45,086:   Epoch [5/30] Train Loss: 0.6818, Val F1: 0.6092, Val AUC: 0.5841
2026-03-22 14:14:45,086:   Early stopping at epoch 5
2026-03-22 14:14:46,339: Transformer @ 100% - Test AUC: 0.5817, Test F1: 0.6602, Precision: 0.5519, Recall: 0.8214, Time: 150.7s
2026-03-22 14:14:46,339:   Confusion Matrix: TN=5275, FP=13893, FN=3720, TP=17112
2026-03-22 14:14:46,419: 
======================================================================
2026-03-22 14:14:46,420: MODEL: LSTM
2026-03-22 14:14:46,420: ======================================================================
2026-03-22 14:14:46,420: --------------------------------------------------
2026-03-22 14:14:46,420: Training LSTM with 100% of training data
2026-03-22 14:14:46,420: --------------------------------------------------
2026-03-22 14:14:46,420: Training subset size: 320000
2026-03-22 14:15:51,307:   Epoch [5/30] Train Loss: 0.6501, Val F1: 0.6742, Val AUC: 0.6705
2026-03-22 14:16:56,676:   Epoch [10/30] Train Loss: 0.6247, Val F1: 0.6890, Val AUC: 0.6897
2026-03-22 14:17:09,797:   Early stopping at epoch 11
2026-03-22 14:17:10,575: LSTM @ 100% - Test AUC: 0.6880, Test F1: 0.6948, Precision: 0.6581, Recall: 0.7359, Time: 144.2s
2026-03-22 14:17:10,576:   Confusion Matrix: TN=11205, FP=7963, FN=5502, TP=15330
2026-03-22 14:17:10,655: 
======================================================================
2026-03-22 14:17:10,655: MODEL: RNNTransformer
2026-03-22 14:17:10,655: ======================================================================
2026-03-22 14:17:10,656: --------------------------------------------------
2026-03-22 14:17:10,656: Training RNNTransformer with 100% of training data
2026-03-22 14:17:10,656: --------------------------------------------------
2026-03-22 14:17:10,656: Training subset size: 320000
2026-03-22 14:19:23,944:   Epoch [5/30] Train Loss: 0.6684, Val F1: 0.6318, Val AUC: 0.6203
2026-03-22 14:21:38,534:   Epoch [10/30] Train Loss: 0.6582, Val F1: 0.6572, Val AUC: 0.6388
2026-03-22 14:23:26,079:   Early stopping at epoch 14
2026-03-22 14:23:27,314: RNNTransformer @ 100% - Test AUC: 0.6407, Test F1: 0.6755, Precision: 0.5970, Recall: 0.7778, Time: 376.7s
2026-03-22 14:23:27,314:   Confusion Matrix: TN=8229, FP=10939, FN=4629, TP=16203
2026-03-22 14:23:27,400: 
Results saved to: /cluster/work/projects/nn12048k/michechi/results/sensitivity_stochastic/dl_fraction_experiment_142_OPTIMAL_20260322_142327.csv
2026-03-22 14:23:27,401: Detailed results saved to: /cluster/work/projects/nn12048k/michechi/results/sensitivity_stochastic/dl_fraction_experiment_142_OPTIMAL_20260322_142327.json
2026-03-22 14:23:27,402: 
======================================================================
2026-03-22 14:23:27,402: EXPERIMENT SUMMARY
2026-03-22 14:23:27,402: ======================================================================
2026-03-22 14:23:27,402: 
Transformer:
2026-03-22 14:23:27,402: Fraction   Train N    Test AUC   Test F1    Precision  Recall    
2026-03-22 14:23:27,402: ------------------------------------------------------------
2026-03-22 14:23:27,402:    100%    320000     0.5817     0.6602     0.5519     0.8214    
2026-03-22 14:23:27,402: 
LSTM:
2026-03-22 14:23:27,403: Fraction   Train N    Test AUC   Test F1    Precision  Recall    
2026-03-22 14:23:27,403: ------------------------------------------------------------
2026-03-22 14:23:27,403:    100%    320000     0.6880     0.6948     0.6581     0.7359    
2026-03-22 14:23:27,403: 
RNNTransformer:
2026-03-22 14:23:27,403: Fraction   Train N    Test AUC   Test F1    Precision  Recall    
2026-03-22 14:23:27,403: ------------------------------------------------------------
2026-03-22 14:23:27,403:    100%    320000     0.6407     0.6755     0.5970     0.7778    
INFO:    gocryptfs not found, will not be able to use gocryptfs
/usr/bin/rm: cannot remove '/usr/local/cuda/compat/lib': Read-only file system
rm: cannot remove '/usr/local/cuda/compat/lib': Read-only file system
2026-03-22 14:23:33,497: Arguments:
2026-03-22 14:23:33,498:   batch_size: 64
2026-03-22 14:23:33,498:   epochs: 30
2026-03-22 14:23:33,498:   fractions: 1.0
2026-03-22 14:23:33,498:   label_column: Outcome
2026-03-22 14:23:33,498:   models: Transformer,LSTM,RNNTransformer
2026-03-22 14:23:33,498:   no_search: False
2026-03-22 14:23:33,498:   number_to_use: 143
2026-03-22 14:23:33,499:   optimal: True
2026-03-22 14:23:33,499:   output_dir: /cluster/work/projects/nn12048k/michechi/results/sensitivity_stochastic/
2026-03-22 14:23:33,499:   path_csv: /cluster/home/michechi/MIMICIV/data/simulation/sensitivity_stochastic/
2026-03-22 14:23:33,499:   patience: 3
2026-03-22 14:23:33,499:   seed: 9550
2026-03-22 14:23:33,499:   sequence_column: Sequences
2026-03-22 14:23:33,499:   sequence_separator: 
2026-03-22 14:23:34,057: Using device: cuda
2026-03-22 14:23:34,058: Loading data from: /cluster/home/michechi/MIMICIV/data/simulation/sensitivity_stochastic/
2026-03-22 14:23:34,803: Data loaded - Train: 320000, Val: 40000, Test: 40000
2026-03-22 14:23:34,825: Maximum sequence length: 20
2026-03-22 14:23:34,826: Testing fractions: [1.0]
2026-03-22 14:23:34,826: Models to train: ['Transformer', 'LSTM', 'RNNTransformer']
2026-03-22 14:23:34,826: Using OPTIMAL configurations
2026-03-22 14:23:34,827: 
======================================================================
2026-03-22 14:23:34,827: MODEL: Transformer
2026-03-22 14:23:34,827: ======================================================================
2026-03-22 14:23:34,827: --------------------------------------------------
2026-03-22 14:23:34,827: Training Transformer with 100% of training data
2026-03-22 14:23:34,827: --------------------------------------------------
2026-03-22 14:23:34,827: Training subset size: 320000
2026-03-22 14:25:58,225:   Epoch [5/30] Train Loss: 0.6385, Val F1: 0.6873, Val AUC: 0.6844
2026-03-22 14:27:51,841:   Early stopping at epoch 9
2026-03-22 14:27:53,062: Transformer @ 100% - Test AUC: 0.6835, Test F1: 0.6898, Precision: 0.6880, Recall: 0.6917, Time: 258.2s
2026-03-22 14:27:53,062:   Confusion Matrix: TN=12338, FP=6606, FN=6491, TP=14565
2026-03-22 14:27:53,145: 
======================================================================
2026-03-22 14:27:53,146: MODEL: LSTM
2026-03-22 14:27:53,146: ======================================================================
2026-03-22 14:27:53,146: --------------------------------------------------
2026-03-22 14:27:53,146: Training LSTM with 100% of training data
2026-03-22 14:27:53,146: --------------------------------------------------
2026-03-22 14:27:53,146: Training subset size: 320000
2026-03-22 14:28:56,915:   Epoch [5/30] Train Loss: 0.6522, Val F1: 0.6536, Val AUC: 0.6632
2026-03-22 14:30:01,530:   Epoch [10/30] Train Loss: 0.6366, Val F1: 0.6825, Val AUC: 0.6757
2026-03-22 14:30:01,530:   Early stopping at epoch 10
2026-03-22 14:30:02,312: LSTM @ 100% - Test AUC: 0.6719, Test F1: 0.6795, Precision: 0.6461, Recall: 0.7165, Time: 129.2s
2026-03-22 14:30:02,312:   Confusion Matrix: TN=10679, FP=8265, FN=5969, TP=15087
2026-03-22 14:30:02,391: 
======================================================================
2026-03-22 14:30:02,391: MODEL: RNNTransformer
2026-03-22 14:30:02,392: ======================================================================
2026-03-22 14:30:02,392: --------------------------------------------------
2026-03-22 14:30:02,392: Training RNNTransformer with 100% of training data
2026-03-22 14:30:02,392: --------------------------------------------------
2026-03-22 14:30:02,392: Training subset size: 320000
2026-03-22 14:32:12,302:   Epoch [5/30] Train Loss: 0.6606, Val F1: 0.6615, Val AUC: 0.6510
2026-03-22 14:32:38,302:   Early stopping at epoch 6
2026-03-22 14:32:39,513: RNNTransformer @ 100% - Test AUC: 0.6231, Test F1: 0.6751, Precision: 0.5772, Recall: 0.8132, Time: 157.1s
2026-03-22 14:32:39,513:   Confusion Matrix: TN=6401, FP=12543, FN=3934, TP=17122
2026-03-22 14:32:39,597: 
Results saved to: /cluster/work/projects/nn12048k/michechi/results/sensitivity_stochastic/dl_fraction_experiment_143_OPTIMAL_20260322_143239.csv
2026-03-22 14:32:39,598: Detailed results saved to: /cluster/work/projects/nn12048k/michechi/results/sensitivity_stochastic/dl_fraction_experiment_143_OPTIMAL_20260322_143239.json
2026-03-22 14:32:39,599: 
======================================================================
2026-03-22 14:32:39,599: EXPERIMENT SUMMARY
2026-03-22 14:32:39,599: ======================================================================
2026-03-22 14:32:39,599: 
Transformer:
2026-03-22 14:32:39,599: Fraction   Train N    Test AUC   Test F1    Precision  Recall    
2026-03-22 14:32:39,599: ------------------------------------------------------------
2026-03-22 14:32:39,599:    100%    320000     0.6835     0.6898     0.6880     0.6917    
2026-03-22 14:32:39,599: 
LSTM:
2026-03-22 14:32:39,600: Fraction   Train N    Test AUC   Test F1    Precision  Recall    
2026-03-22 14:32:39,600: ------------------------------------------------------------
2026-03-22 14:32:39,600:    100%    320000     0.6719     0.6795     0.6461     0.7165    
2026-03-22 14:32:39,600: 
RNNTransformer:
2026-03-22 14:32:39,600: Fraction   Train N    Test AUC   Test F1    Precision  Recall    
2026-03-22 14:32:39,600: ------------------------------------------------------------
2026-03-22 14:32:39,600:    100%    320000     0.6231     0.6751     0.5772     0.8132    
INFO:    gocryptfs not found, will not be able to use gocryptfs
/usr/bin/rm: cannot remove '/usr/local/cuda/compat/lib': Read-only file system
rm: cannot remove '/usr/local/cuda/compat/lib': Read-only file system
2026-03-22 14:32:45,710: Arguments:
2026-03-22 14:32:45,711:   batch_size: 64
2026-03-22 14:32:45,711:   epochs: 30
2026-03-22 14:32:45,711:   fractions: 1.0
2026-03-22 14:32:45,711:   label_column: Outcome
2026-03-22 14:32:45,711:   models: Transformer,LSTM,RNNTransformer
2026-03-22 14:32:45,711:   no_search: False
2026-03-22 14:32:45,711:   number_to_use: 144
2026-03-22 14:32:45,711:   optimal: True
2026-03-22 14:32:45,712:   output_dir: /cluster/work/projects/nn12048k/michechi/results/sensitivity_stochastic/
2026-03-22 14:32:45,712:   path_csv: /cluster/home/michechi/MIMICIV/data/simulation/sensitivity_stochastic/
2026-03-22 14:32:45,712:   patience: 3
2026-03-22 14:32:45,712:   seed: 9550
2026-03-22 14:32:45,712:   sequence_column: Sequences
2026-03-22 14:32:45,712:   sequence_separator: 
2026-03-22 14:32:46,258: Using device: cuda
2026-03-22 14:32:46,259: Loading data from: /cluster/home/michechi/MIMICIV/data/simulation/sensitivity_stochastic/
2026-03-22 14:32:47,007: Data loaded - Train: 320000, Val: 40000, Test: 40000
2026-03-22 14:32:47,030: Maximum sequence length: 20
2026-03-22 14:32:47,031: Testing fractions: [1.0]
2026-03-22 14:32:47,031: Models to train: ['Transformer', 'LSTM', 'RNNTransformer']
2026-03-22 14:32:47,031: Using OPTIMAL configurations
2026-03-22 14:32:47,031: 
======================================================================
2026-03-22 14:32:47,031: MODEL: Transformer
2026-03-22 14:32:47,031: ======================================================================
2026-03-22 14:32:47,031: --------------------------------------------------
2026-03-22 14:32:47,032: Training Transformer with 100% of training data
2026-03-22 14:32:47,032: --------------------------------------------------
2026-03-22 14:32:47,032: Training subset size: 320000
2026-03-22 14:35:10,627:   Epoch [5/30] Train Loss: 0.6316, Val F1: 0.6924, Val AUC: 0.6860
2026-03-22 14:37:33,630:   Epoch [10/30] Train Loss: 0.6295, Val F1: 0.6930, Val AUC: 0.6879
2026-03-22 14:38:02,262:   Early stopping at epoch 11
2026-03-22 14:38:03,488: Transformer @ 100% - Test AUC: 0.6917, Test F1: 0.7004, Precision: 0.7033, Recall: 0.6975, Time: 316.5s
2026-03-22 14:38:03,488:   Confusion Matrix: TN=12603, FP=6228, FN=6403, TP=14766
2026-03-22 14:38:03,570: 
======================================================================
2026-03-22 14:38:03,571: MODEL: LSTM
2026-03-22 14:38:03,571: ======================================================================
2026-03-22 14:38:03,571: --------------------------------------------------
2026-03-22 14:38:03,571: Training LSTM with 100% of training data
2026-03-22 14:38:03,571: --------------------------------------------------
2026-03-22 14:38:03,571: Training subset size: 320000
2026-03-22 14:39:07,796:   Epoch [5/30] Train Loss: 0.6497, Val F1: 0.6654, Val AUC: 0.6645
2026-03-22 14:40:12,721:   Epoch [10/30] Train Loss: 0.6361, Val F1: 0.6787, Val AUC: 0.6792
2026-03-22 14:41:18,359:   Epoch [15/30] Train Loss: 0.6264, Val F1: 0.6832, Val AUC: 0.6791
2026-03-22 14:41:31,514:   Early stopping at epoch 16
2026-03-22 14:41:32,303: LSTM @ 100% - Test AUC: 0.6827, Test F1: 0.6909, Precision: 0.6662, Recall: 0.7176, Time: 208.7s
2026-03-22 14:41:32,303:   Confusion Matrix: TN=11219, FP=7612, FN=5979, TP=15190
2026-03-22 14:41:32,381: 
======================================================================
2026-03-22 14:41:32,381: MODEL: RNNTransformer
2026-03-22 14:41:32,381: ======================================================================
2026-03-22 14:41:32,381: --------------------------------------------------
2026-03-22 14:41:32,382: Training RNNTransformer with 100% of training data
2026-03-22 14:41:32,382: --------------------------------------------------
2026-03-22 14:41:32,382: Training subset size: 320000
2026-03-22 14:43:44,280:   Epoch [5/30] Train Loss: 0.6446, Val F1: 0.6854, Val AUC: 0.6844
2026-03-22 14:45:56,753:   Epoch [10/30] Train Loss: 0.6323, Val F1: 0.7031, Val AUC: 0.6920
2026-03-22 14:48:08,011:   Epoch [15/30] Train Loss: 0.6281, Val F1: 0.7004, Val AUC: 0.6916
2026-03-22 14:49:00,362:   Early stopping at epoch 17
2026-03-22 14:49:01,563: RNNTransformer @ 100% - Test AUC: 0.6950, Test F1: 0.7093, Precision: 0.6844, Recall: 0.7361, Time: 449.2s
2026-03-22 14:49:01,563:   Confusion Matrix: TN=11646, FP=7185, FN=5586, TP=15583
2026-03-22 14:49:01,647: 
Results saved to: /cluster/work/projects/nn12048k/michechi/results/sensitivity_stochastic/dl_fraction_experiment_144_OPTIMAL_20260322_144901.csv
2026-03-22 14:49:01,649: Detailed results saved to: /cluster/work/projects/nn12048k/michechi/results/sensitivity_stochastic/dl_fraction_experiment_144_OPTIMAL_20260322_144901.json
2026-03-22 14:49:01,649: 
======================================================================
2026-03-22 14:49:01,649: EXPERIMENT SUMMARY
2026-03-22 14:49:01,649: ======================================================================
2026-03-22 14:49:01,649: 
Transformer:
2026-03-22 14:49:01,649: Fraction   Train N    Test AUC   Test F1    Precision  Recall    
2026-03-22 14:49:01,649: ------------------------------------------------------------
2026-03-22 14:49:01,650:    100%    320000     0.6917     0.7004     0.7033     0.6975    
2026-03-22 14:49:01,650: 
LSTM:
2026-03-22 14:49:01,650: Fraction   Train N    Test AUC   Test F1    Precision  Recall    
2026-03-22 14:49:01,650: ------------------------------------------------------------
2026-03-22 14:49:01,650:    100%    320000     0.6827     0.6909     0.6662     0.7176    
2026-03-22 14:49:01,650: 
RNNTransformer:
2026-03-22 14:49:01,650: Fraction   Train N    Test AUC   Test F1    Precision  Recall    
2026-03-22 14:49:01,650: ------------------------------------------------------------
2026-03-22 14:49:01,650:    100%    320000     0.6950     0.7093     0.6844     0.7361    
