The following modules were not unloaded:
  (Use "module --force purge" to unload all):

  1) init-NRIS
INFO:    gocryptfs not found, will not be able to use gocryptfs
/usr/bin/rm: cannot remove '/usr/local/cuda/compat/lib': Read-only file system
rm: cannot remove '/usr/local/cuda/compat/lib': Read-only file system
2026-03-20 11:11:15,918: Arguments:
2026-03-20 11:11:15,918:   batch_size: 64
2026-03-20 11:11:15,918:   epochs: 30
2026-03-20 11:11:15,918:   fractions: 1.0
2026-03-20 11:11:15,918:   label_column: Outcome
2026-03-20 11:11:15,918:   models: Transformer,LSTM,RNNTransformer
2026-03-20 11:11:15,918:   no_search: False
2026-03-20 11:11:15,919:   number_to_use: 100
2026-03-20 11:11:15,919:   optimal: True
2026-03-20 11:11:15,919:   output_dir: /cluster/work/projects/nn12048k/michechi/results/sensitivity/
2026-03-20 11:11:15,919:   path_csv: /cluster/home/michechi/MIMICIV/data/simulation/sensitivity/
2026-03-20 11:11:15,919:   patience: 3
2026-03-20 11:11:15,919:   seed: 9550
2026-03-20 11:11:15,919:   sequence_column: Sequences
2026-03-20 11:11:15,919:   sequence_separator: 
2026-03-20 11:11:16,288: Using device: cuda
2026-03-20 11:11:16,289: Loading data from: /cluster/home/michechi/MIMICIV/data/simulation/sensitivity/
2026-03-20 11:11:16,705: Data loaded - Train: 320000, Val: 40000, Test: 40000
2026-03-20 11:11:16,728: Maximum sequence length: 10
2026-03-20 11:11:16,729: Testing fractions: [1.0]
2026-03-20 11:11:16,729: Models to train: ['Transformer', 'LSTM', 'RNNTransformer']
2026-03-20 11:11:16,729: Using OPTIMAL configurations
2026-03-20 11:11:16,729: 
======================================================================
2026-03-20 11:11:16,729: MODEL: Transformer
2026-03-20 11:11:16,730: ======================================================================
2026-03-20 11:11:16,730: --------------------------------------------------
2026-03-20 11:11:16,730: Training Transformer with 100% of training data
2026-03-20 11:11:16,730: --------------------------------------------------
2026-03-20 11:11:16,730: Training subset size: 320000
2026-03-20 11:13:36,736:   Epoch [5/30] Train Loss: 0.0025, Val F1: 1.0000, Val AUC: 1.0000
2026-03-20 11:14:04,632:   Early stopping at epoch 6
2026-03-20 11:14:05,794: Transformer @ 100% - Test AUC: 1.0000, Test F1: 1.0000, Precision: 1.0000, Recall: 1.0000, Time: 169.1s
2026-03-20 11:14:05,794:   Confusion Matrix: TN=36390, FP=0, FN=0, TP=3610
2026-03-20 11:14:05,879: 
======================================================================
2026-03-20 11:14:05,879: MODEL: LSTM
2026-03-20 11:14:05,879: ======================================================================
2026-03-20 11:14:05,879: --------------------------------------------------
2026-03-20 11:14:05,879: Training LSTM with 100% of training data
2026-03-20 11:14:05,879: --------------------------------------------------
2026-03-20 11:14:05,880: Training subset size: 320000
2026-03-20 11:15:07,809:   Epoch [5/30] Train Loss: 0.0049, Val F1: 0.9932, Val AUC: 1.0000
2026-03-20 11:16:10,638:   Epoch [10/30] Train Loss: 0.0021, Val F1: 0.9982, Val AUC: 1.0000
2026-03-20 11:17:13,947:   Epoch [15/30] Train Loss: 0.0012, Val F1: 0.9988, Val AUC: 1.0000
2026-03-20 11:18:04,903:   Early stopping at epoch 19
2026-03-20 11:18:05,636: LSTM @ 100% - Test AUC: 1.0000, Test F1: 0.9986, Precision: 0.9978, Recall: 0.9994, Time: 239.8s
2026-03-20 11:18:05,636:   Confusion Matrix: TN=36382, FP=8, FN=2, TP=3608
2026-03-20 11:18:05,720: 
======================================================================
2026-03-20 11:18:05,720: MODEL: RNNTransformer
2026-03-20 11:18:05,720: ======================================================================
2026-03-20 11:18:05,720: --------------------------------------------------
2026-03-20 11:18:05,721: Training RNNTransformer with 100% of training data
2026-03-20 11:18:05,721: --------------------------------------------------
2026-03-20 11:18:05,721: Training subset size: 320000
2026-03-20 11:20:13,994:   Epoch [5/30] Train Loss: 0.0051, Val F1: 0.9775, Val AUC: 1.0000
2026-03-20 11:20:13,994:   Early stopping at epoch 5
2026-03-20 11:20:15,161: RNNTransformer @ 100% - Test AUC: 1.0000, Test F1: 0.9999, Precision: 1.0000, Recall: 0.9997, Time: 129.4s
2026-03-20 11:20:15,162:   Confusion Matrix: TN=36390, FP=0, FN=1, TP=3609
2026-03-20 11:20:15,256: 
Results saved to: /cluster/work/projects/nn12048k/michechi/results/sensitivity/dl_fraction_experiment_100_OPTIMAL_20260320_112015.csv
2026-03-20 11:20:15,257: Detailed results saved to: /cluster/work/projects/nn12048k/michechi/results/sensitivity/dl_fraction_experiment_100_OPTIMAL_20260320_112015.json
2026-03-20 11:20:15,257: 
======================================================================
2026-03-20 11:20:15,258: EXPERIMENT SUMMARY
2026-03-20 11:20:15,258: ======================================================================
2026-03-20 11:20:15,258: 
Transformer:
2026-03-20 11:20:15,258: Fraction   Train N    Test AUC   Test F1    Precision  Recall    
2026-03-20 11:20:15,258: ------------------------------------------------------------
2026-03-20 11:20:15,258:    100%    320000     1.0000     1.0000     1.0000     1.0000    
2026-03-20 11:20:15,258: 
LSTM:
2026-03-20 11:20:15,258: Fraction   Train N    Test AUC   Test F1    Precision  Recall    
2026-03-20 11:20:15,258: ------------------------------------------------------------
2026-03-20 11:20:15,259:    100%    320000     1.0000     0.9986     0.9978     0.9994    
2026-03-20 11:20:15,259: 
RNNTransformer:
2026-03-20 11:20:15,259: Fraction   Train N    Test AUC   Test F1    Precision  Recall    
2026-03-20 11:20:15,259: ------------------------------------------------------------
2026-03-20 11:20:15,259:    100%    320000     1.0000     0.9999     1.0000     0.9997    
INFO:    gocryptfs not found, will not be able to use gocryptfs
/usr/bin/rm: cannot remove '/usr/local/cuda/compat/lib': Read-only file system
rm: cannot remove '/usr/local/cuda/compat/lib': Read-only file system
2026-03-20 11:20:21,072: Arguments:
2026-03-20 11:20:21,072:   batch_size: 64
2026-03-20 11:20:21,073:   epochs: 30
2026-03-20 11:20:21,073:   fractions: 1.0
2026-03-20 11:20:21,073:   label_column: Outcome
2026-03-20 11:20:21,073:   models: Transformer,LSTM,RNNTransformer
2026-03-20 11:20:21,073:   no_search: False
2026-03-20 11:20:21,073:   number_to_use: 101
2026-03-20 11:20:21,073:   optimal: True
2026-03-20 11:20:21,073:   output_dir: /cluster/work/projects/nn12048k/michechi/results/sensitivity/
2026-03-20 11:20:21,073:   path_csv: /cluster/home/michechi/MIMICIV/data/simulation/sensitivity/
2026-03-20 11:20:21,074:   patience: 3
2026-03-20 11:20:21,074:   seed: 9550
2026-03-20 11:20:21,074:   sequence_column: Sequences
2026-03-20 11:20:21,074:   sequence_separator: 
2026-03-20 11:20:21,446: Using device: cuda
2026-03-20 11:20:21,447: Loading data from: /cluster/home/michechi/MIMICIV/data/simulation/sensitivity/
2026-03-20 11:20:22,157: Data loaded - Train: 320000, Val: 40000, Test: 40000
2026-03-20 11:20:22,179: Maximum sequence length: 15
2026-03-20 11:20:22,180: Testing fractions: [1.0]
2026-03-20 11:20:22,181: Models to train: ['Transformer', 'LSTM', 'RNNTransformer']
2026-03-20 11:20:22,181: Using OPTIMAL configurations
2026-03-20 11:20:22,181: 
======================================================================
2026-03-20 11:20:22,181: MODEL: Transformer
2026-03-20 11:20:22,181: ======================================================================
2026-03-20 11:20:22,181: --------------------------------------------------
2026-03-20 11:20:22,181: Training Transformer with 100% of training data
2026-03-20 11:20:22,181: --------------------------------------------------
2026-03-20 11:20:22,181: Training subset size: 320000
2026-03-20 11:22:48,568:   Epoch [5/30] Train Loss: 0.0073, Val F1: 0.9998, Val AUC: 1.0000
2026-03-20 11:23:46,925:   Early stopping at epoch 7
2026-03-20 11:23:48,159: Transformer @ 100% - Test AUC: 1.0000, Test F1: 1.0000, Precision: 1.0000, Recall: 1.0000, Time: 206.0s
2026-03-20 11:23:48,159:   Confusion Matrix: TN=8585, FP=1, FN=0, TP=31414
2026-03-20 11:23:48,242: 
======================================================================
2026-03-20 11:23:48,243: MODEL: LSTM
2026-03-20 11:23:48,243: ======================================================================
2026-03-20 11:23:48,243: --------------------------------------------------
2026-03-20 11:23:48,243: Training LSTM with 100% of training data
2026-03-20 11:23:48,243: --------------------------------------------------
2026-03-20 11:23:48,243: Training subset size: 320000
2026-03-20 11:24:52,325:   Epoch [5/30] Train Loss: 0.0333, Val F1: 0.9946, Val AUC: 0.9996
2026-03-20 11:25:57,086:   Epoch [10/30] Train Loss: 0.0153, Val F1: 0.9965, Val AUC: 0.9998
2026-03-20 11:27:02,332:   Epoch [15/30] Train Loss: 0.0094, Val F1: 0.9977, Val AUC: 0.9999
2026-03-20 11:28:07,868:   Epoch [20/30] Train Loss: 0.0065, Val F1: 0.9983, Val AUC: 1.0000
2026-03-20 11:28:47,414:   Early stopping at epoch 23
2026-03-20 11:28:48,181: LSTM @ 100% - Test AUC: 0.9999, Test F1: 0.9979, Precision: 0.9980, Recall: 0.9979, Time: 299.9s
2026-03-20 11:28:48,181:   Confusion Matrix: TN=8523, FP=63, FN=66, TP=31348
2026-03-20 11:28:48,264: 
======================================================================
2026-03-20 11:28:48,264: MODEL: RNNTransformer
2026-03-20 11:28:48,264: ======================================================================
2026-03-20 11:28:48,264: --------------------------------------------------
2026-03-20 11:28:48,265: Training RNNTransformer with 100% of training data
2026-03-20 11:28:48,265: --------------------------------------------------
2026-03-20 11:28:48,265: Training subset size: 320000
2026-03-20 11:31:02,036:   Epoch [5/30] Train Loss: 0.0144, Val F1: 0.9989, Val AUC: 1.0000
2026-03-20 11:33:16,536:   Epoch [10/30] Train Loss: 0.0080, Val F1: 0.9975, Val AUC: 0.9997
2026-03-20 11:35:31,554:   Epoch [15/30] Train Loss: 0.0071, Val F1: 0.9999, Val AUC: 1.0000
2026-03-20 11:37:45,749:   Epoch [20/30] Train Loss: 0.0060, Val F1: 1.0000, Val AUC: 1.0000
2026-03-20 11:39:05,730:   Early stopping at epoch 23
2026-03-20 11:39:06,949: RNNTransformer @ 100% - Test AUC: 1.0000, Test F1: 0.9998, Precision: 0.9998, Recall: 0.9998, Time: 618.7s
2026-03-20 11:39:06,950:   Confusion Matrix: TN=8581, FP=5, FN=6, TP=31408
2026-03-20 11:39:07,037: 
Results saved to: /cluster/work/projects/nn12048k/michechi/results/sensitivity/dl_fraction_experiment_101_OPTIMAL_20260320_113907.csv
2026-03-20 11:39:07,038: Detailed results saved to: /cluster/work/projects/nn12048k/michechi/results/sensitivity/dl_fraction_experiment_101_OPTIMAL_20260320_113907.json
2026-03-20 11:39:07,038: 
======================================================================
2026-03-20 11:39:07,039: EXPERIMENT SUMMARY
2026-03-20 11:39:07,039: ======================================================================
2026-03-20 11:39:07,039: 
Transformer:
2026-03-20 11:39:07,039: Fraction   Train N    Test AUC   Test F1    Precision  Recall    
2026-03-20 11:39:07,039: ------------------------------------------------------------
2026-03-20 11:39:07,039:    100%    320000     1.0000     1.0000     1.0000     1.0000    
2026-03-20 11:39:07,039: 
LSTM:
2026-03-20 11:39:07,039: Fraction   Train N    Test AUC   Test F1    Precision  Recall    
2026-03-20 11:39:07,039: ------------------------------------------------------------
2026-03-20 11:39:07,040:    100%    320000     0.9999     0.9979     0.9980     0.9979    
2026-03-20 11:39:07,040: 
RNNTransformer:
2026-03-20 11:39:07,040: Fraction   Train N    Test AUC   Test F1    Precision  Recall    
2026-03-20 11:39:07,040: ------------------------------------------------------------
2026-03-20 11:39:07,040:    100%    320000     1.0000     0.9998     0.9998     0.9998    
INFO:    gocryptfs not found, will not be able to use gocryptfs
/usr/bin/rm: cannot remove '/usr/local/cuda/compat/lib': Read-only file system
rm: cannot remove '/usr/local/cuda/compat/lib': Read-only file system
2026-03-20 11:39:13,155: Arguments:
2026-03-20 11:39:13,156:   batch_size: 64
2026-03-20 11:39:13,156:   epochs: 30
2026-03-20 11:39:13,156:   fractions: 1.0
2026-03-20 11:39:13,156:   label_column: Outcome
2026-03-20 11:39:13,156:   models: Transformer,LSTM,RNNTransformer
2026-03-20 11:39:13,156:   no_search: False
2026-03-20 11:39:13,157:   number_to_use: 102
2026-03-20 11:39:13,157:   optimal: True
2026-03-20 11:39:13,157:   output_dir: /cluster/work/projects/nn12048k/michechi/results/sensitivity/
2026-03-20 11:39:13,157:   path_csv: /cluster/home/michechi/MIMICIV/data/simulation/sensitivity/
2026-03-20 11:39:13,157:   patience: 3
2026-03-20 11:39:13,157:   seed: 9550
2026-03-20 11:39:13,157:   sequence_column: Sequences
2026-03-20 11:39:13,157:   sequence_separator: 
2026-03-20 11:39:13,729: Using device: cuda
2026-03-20 11:39:13,730: Loading data from: /cluster/home/michechi/MIMICIV/data/simulation/sensitivity/
2026-03-20 11:39:14,547: Data loaded - Train: 320000, Val: 40000, Test: 40000
2026-03-20 11:39:14,569: Maximum sequence length: 20
2026-03-20 11:39:14,570: Testing fractions: [1.0]
2026-03-20 11:39:14,570: Models to train: ['Transformer', 'LSTM', 'RNNTransformer']
2026-03-20 11:39:14,571: Using OPTIMAL configurations
2026-03-20 11:39:14,571: 
======================================================================
2026-03-20 11:39:14,571: MODEL: Transformer
2026-03-20 11:39:14,571: ======================================================================
2026-03-20 11:39:14,571: --------------------------------------------------
2026-03-20 11:39:14,571: Training Transformer with 100% of training data
2026-03-20 11:39:14,571: --------------------------------------------------
2026-03-20 11:39:14,571: Training subset size: 320000
2026-03-20 11:41:34,739:   Epoch [5/30] Train Loss: 0.0139, Val F1: 0.9999, Val AUC: 1.0000
2026-03-20 11:43:26,488:   Early stopping at epoch 9
2026-03-20 11:43:27,694: Transformer @ 100% - Test AUC: 1.0000, Test F1: 0.9998, Precision: 0.9997, Recall: 0.9999, Time: 253.1s
2026-03-20 11:43:27,694:   Confusion Matrix: TN=28317, FP=4, FN=1, TP=11678
2026-03-20 11:43:27,776: 
======================================================================
2026-03-20 11:43:27,777: MODEL: LSTM
2026-03-20 11:43:27,777: ======================================================================
2026-03-20 11:43:27,777: --------------------------------------------------
2026-03-20 11:43:27,777: Training LSTM with 100% of training data
2026-03-20 11:43:27,777: --------------------------------------------------
2026-03-20 11:43:27,777: Training subset size: 320000
2026-03-20 11:44:31,263:   Epoch [5/30] Train Loss: 0.0385, Val F1: 0.9813, Val AUC: 0.9994
2026-03-20 11:45:35,238:   Epoch [10/30] Train Loss: 0.0180, Val F1: 0.9884, Val AUC: 0.9997
2026-03-20 11:45:35,238:   Early stopping at epoch 10
2026-03-20 11:45:36,014: LSTM @ 100% - Test AUC: 0.9997, Test F1: 0.9894, Precision: 0.9899, Recall: 0.9890, Time: 128.2s
2026-03-20 11:45:36,014:   Confusion Matrix: TN=28203, FP=118, FN=129, TP=11550
2026-03-20 11:45:36,096: 
======================================================================
2026-03-20 11:45:36,096: MODEL: RNNTransformer
2026-03-20 11:45:36,096: ======================================================================
2026-03-20 11:45:36,097: --------------------------------------------------
2026-03-20 11:45:36,097: Training RNNTransformer with 100% of training data
2026-03-20 11:45:36,097: --------------------------------------------------
2026-03-20 11:45:36,097: Training subset size: 320000
2026-03-20 11:47:44,056:   Epoch [5/30] Train Loss: 0.0739, Val F1: 0.9851, Val AUC: 0.9996
2026-03-20 11:49:53,124:   Epoch [10/30] Train Loss: 0.0515, Val F1: 0.9952, Val AUC: 0.9999
2026-03-20 11:51:10,857:   Early stopping at epoch 13
2026-03-20 11:51:12,066: RNNTransformer @ 100% - Test AUC: 0.9999, Test F1: 0.9947, Precision: 0.9951, Recall: 0.9943, Time: 336.0s
2026-03-20 11:51:12,066:   Confusion Matrix: TN=28264, FP=57, FN=67, TP=11612
2026-03-20 11:51:12,150: 
Results saved to: /cluster/work/projects/nn12048k/michechi/results/sensitivity/dl_fraction_experiment_102_OPTIMAL_20260320_115112.csv
2026-03-20 11:51:12,152: Detailed results saved to: /cluster/work/projects/nn12048k/michechi/results/sensitivity/dl_fraction_experiment_102_OPTIMAL_20260320_115112.json
2026-03-20 11:51:12,152: 
======================================================================
2026-03-20 11:51:12,152: EXPERIMENT SUMMARY
2026-03-20 11:51:12,152: ======================================================================
2026-03-20 11:51:12,153: 
Transformer:
2026-03-20 11:51:12,153: Fraction   Train N    Test AUC   Test F1    Precision  Recall    
2026-03-20 11:51:12,153: ------------------------------------------------------------
2026-03-20 11:51:12,153:    100%    320000     1.0000     0.9998     0.9997     0.9999    
2026-03-20 11:51:12,153: 
LSTM:
2026-03-20 11:51:12,153: Fraction   Train N    Test AUC   Test F1    Precision  Recall    
2026-03-20 11:51:12,153: ------------------------------------------------------------
2026-03-20 11:51:12,153:    100%    320000     0.9997     0.9894     0.9899     0.9890    
2026-03-20 11:51:12,153: 
RNNTransformer:
2026-03-20 11:51:12,154: Fraction   Train N    Test AUC   Test F1    Precision  Recall    
2026-03-20 11:51:12,154: ------------------------------------------------------------
2026-03-20 11:51:12,154:    100%    320000     0.9999     0.9947     0.9951     0.9943    
INFO:    gocryptfs not found, will not be able to use gocryptfs
/usr/bin/rm: cannot remove '/usr/local/cuda/compat/lib': Read-only file system
rm: cannot remove '/usr/local/cuda/compat/lib': Read-only file system
2026-03-20 11:51:18,255: Arguments:
2026-03-20 11:51:18,256:   batch_size: 64
2026-03-20 11:51:18,256:   epochs: 30
2026-03-20 11:51:18,256:   fractions: 1.0
2026-03-20 11:51:18,256:   label_column: Outcome
2026-03-20 11:51:18,256:   models: Transformer,LSTM,RNNTransformer
2026-03-20 11:51:18,256:   no_search: False
2026-03-20 11:51:18,256:   number_to_use: 103
2026-03-20 11:51:18,257:   optimal: True
2026-03-20 11:51:18,257:   output_dir: /cluster/work/projects/nn12048k/michechi/results/sensitivity/
2026-03-20 11:51:18,257:   path_csv: /cluster/home/michechi/MIMICIV/data/simulation/sensitivity/
2026-03-20 11:51:18,257:   patience: 3
2026-03-20 11:51:18,257:   seed: 9550
2026-03-20 11:51:18,257:   sequence_column: Sequences
2026-03-20 11:51:18,257:   sequence_separator: 
2026-03-20 11:51:18,820: Using device: cuda
2026-03-20 11:51:18,821: Loading data from: /cluster/home/michechi/MIMICIV/data/simulation/sensitivity/
2026-03-20 11:51:19,791: Data loaded - Train: 320000, Val: 40000, Test: 40000
2026-03-20 11:51:19,815: Maximum sequence length: 30
2026-03-20 11:51:19,816: Testing fractions: [1.0]
2026-03-20 11:51:19,816: Models to train: ['Transformer', 'LSTM', 'RNNTransformer']
2026-03-20 11:51:19,816: Using OPTIMAL configurations
2026-03-20 11:51:19,816: 
======================================================================
2026-03-20 11:51:19,816: MODEL: Transformer
2026-03-20 11:51:19,817: ======================================================================
2026-03-20 11:51:19,817: --------------------------------------------------
2026-03-20 11:51:19,817: Training Transformer with 100% of training data
2026-03-20 11:51:19,817: --------------------------------------------------
2026-03-20 11:51:19,817: Training subset size: 320000
2026-03-20 11:53:45,005:   Epoch [5/30] Train Loss: 0.0470, Val F1: 0.9909, Val AUC: 0.9999
2026-03-20 11:56:08,634:   Epoch [10/30] Train Loss: 0.0261, Val F1: 0.9981, Val AUC: 1.0000
2026-03-20 11:58:32,871:   Epoch [15/30] Train Loss: 0.0188, Val F1: 0.9993, Val AUC: 1.0000
2026-03-20 12:00:57,556:   Epoch [20/30] Train Loss: 0.0163, Val F1: 0.9999, Val AUC: 1.0000
2026-03-20 12:01:26,552:   Early stopping at epoch 21
2026-03-20 12:01:27,828: Transformer @ 100% - Test AUC: 1.0000, Test F1: 0.9997, Precision: 1.0000, Recall: 0.9993, Time: 608.0s
2026-03-20 12:01:27,828:   Confusion Matrix: TN=22831, FP=0, FN=12, TP=17157
2026-03-20 12:01:27,915: 
======================================================================
2026-03-20 12:01:27,915: MODEL: LSTM
2026-03-20 12:01:27,916: ======================================================================
2026-03-20 12:01:27,916: --------------------------------------------------
2026-03-20 12:01:27,916: Training LSTM with 100% of training data
2026-03-20 12:01:27,916: --------------------------------------------------
2026-03-20 12:01:27,916: Training subset size: 320000
2026-03-20 12:02:34,450:   Epoch [5/30] Train Loss: 0.0697, Val F1: 0.9778, Val AUC: 0.9983
2026-03-20 12:03:41,249:   Epoch [10/30] Train Loss: 0.0333, Val F1: 0.9895, Val AUC: 0.9996
2026-03-20 12:04:49,063:   Epoch [15/30] Train Loss: 0.0185, Val F1: 0.9903, Val AUC: 0.9996
2026-03-20 12:05:57,262:   Epoch [20/30] Train Loss: 0.0135, Val F1: 0.9926, Val AUC: 0.9998
2026-03-20 12:07:05,674:   Epoch [25/30] Train Loss: 0.0108, Val F1: 0.9940, Val AUC: 0.9998
2026-03-20 12:07:19,338:   Early stopping at epoch 26
2026-03-20 12:07:20,196: LSTM @ 100% - Test AUC: 0.9998, Test F1: 0.9948, Precision: 0.9925, Recall: 0.9971, Time: 352.3s
2026-03-20 12:07:20,197:   Confusion Matrix: TN=22701, FP=130, FN=49, TP=17120
2026-03-20 12:07:20,282: 
======================================================================
2026-03-20 12:07:20,282: MODEL: RNNTransformer
2026-03-20 12:07:20,283: ======================================================================
2026-03-20 12:07:20,283: --------------------------------------------------
2026-03-20 12:07:20,283: Training RNNTransformer with 100% of training data
2026-03-20 12:07:20,283: --------------------------------------------------
2026-03-20 12:07:20,283: Training subset size: 320000
2026-03-20 12:09:32,468:   Epoch [5/30] Train Loss: 0.2192, Val F1: 0.8965, Val AUC: 0.9648
2026-03-20 12:11:45,293:   Epoch [10/30] Train Loss: 0.1638, Val F1: 0.9292, Val AUC: 0.9844
2026-03-20 12:13:31,854:   Early stopping at epoch 14
2026-03-20 12:13:33,124: RNNTransformer @ 100% - Test AUC: 0.9858, Test F1: 0.9310, Precision: 0.9202, Recall: 0.9419, Time: 372.8s
2026-03-20 12:13:33,124:   Confusion Matrix: TN=21429, FP=1402, FN=997, TP=16172
2026-03-20 12:13:33,221: 
Results saved to: /cluster/work/projects/nn12048k/michechi/results/sensitivity/dl_fraction_experiment_103_OPTIMAL_20260320_121333.csv
2026-03-20 12:13:33,223: Detailed results saved to: /cluster/work/projects/nn12048k/michechi/results/sensitivity/dl_fraction_experiment_103_OPTIMAL_20260320_121333.json
2026-03-20 12:13:33,223: 
======================================================================
2026-03-20 12:13:33,223: EXPERIMENT SUMMARY
2026-03-20 12:13:33,223: ======================================================================
2026-03-20 12:13:33,223: 
Transformer:
2026-03-20 12:13:33,223: Fraction   Train N    Test AUC   Test F1    Precision  Recall    
2026-03-20 12:13:33,224: ------------------------------------------------------------
2026-03-20 12:13:33,224:    100%    320000     1.0000     0.9997     1.0000     0.9993    
2026-03-20 12:13:33,224: 
LSTM:
2026-03-20 12:13:33,224: Fraction   Train N    Test AUC   Test F1    Precision  Recall    
2026-03-20 12:13:33,224: ------------------------------------------------------------
2026-03-20 12:13:33,224:    100%    320000     0.9998     0.9948     0.9925     0.9971    
2026-03-20 12:13:33,224: 
RNNTransformer:
2026-03-20 12:13:33,224: Fraction   Train N    Test AUC   Test F1    Precision  Recall    
2026-03-20 12:13:33,224: ------------------------------------------------------------
2026-03-20 12:13:33,225:    100%    320000     0.9858     0.9310     0.9202     0.9419    
INFO:    gocryptfs not found, will not be able to use gocryptfs
/usr/bin/rm: cannot remove '/usr/local/cuda/compat/lib': Read-only file system
rm: cannot remove '/usr/local/cuda/compat/lib': Read-only file system
2026-03-20 12:13:39,422: Arguments:
2026-03-20 12:13:39,423:   batch_size: 64
2026-03-20 12:13:39,423:   epochs: 30
2026-03-20 12:13:39,423:   fractions: 1.0
2026-03-20 12:13:39,423:   label_column: Outcome
2026-03-20 12:13:39,423:   models: Transformer,LSTM,RNNTransformer
2026-03-20 12:13:39,423:   no_search: False
2026-03-20 12:13:39,423:   number_to_use: 110
2026-03-20 12:13:39,423:   optimal: True
2026-03-20 12:13:39,424:   output_dir: /cluster/work/projects/nn12048k/michechi/results/sensitivity/
2026-03-20 12:13:39,424:   path_csv: /cluster/home/michechi/MIMICIV/data/simulation/sensitivity/
2026-03-20 12:13:39,424:   patience: 3
2026-03-20 12:13:39,424:   seed: 9550
2026-03-20 12:13:39,424:   sequence_column: Sequences
2026-03-20 12:13:39,424:   sequence_separator: 
2026-03-20 12:13:40,005: Using device: cuda
2026-03-20 12:13:40,005: Loading data from: /cluster/home/michechi/MIMICIV/data/simulation/sensitivity/
2026-03-20 12:13:40,753: Data loaded - Train: 320000, Val: 40000, Test: 40000
2026-03-20 12:13:40,776: Maximum sequence length: 20
2026-03-20 12:13:40,777: Testing fractions: [1.0]
2026-03-20 12:13:40,777: Models to train: ['Transformer', 'LSTM', 'RNNTransformer']
2026-03-20 12:13:40,777: Using OPTIMAL configurations
2026-03-20 12:13:40,777: 
======================================================================
2026-03-20 12:13:40,777: MODEL: Transformer
2026-03-20 12:13:40,777: ======================================================================
2026-03-20 12:13:40,777: --------------------------------------------------
2026-03-20 12:13:40,777: Training Transformer with 100% of training data
2026-03-20 12:13:40,777: --------------------------------------------------
2026-03-20 12:13:40,778: Training subset size: 320000
2026-03-20 12:16:07,857:   Epoch [5/30] Train Loss: 0.0087, Val F1: 0.9918, Val AUC: 1.0000
2026-03-20 12:17:35,091:   Early stopping at epoch 8
2026-03-20 12:17:36,332: Transformer @ 100% - Test AUC: 1.0000, Test F1: 0.9915, Precision: 0.9990, Recall: 0.9842, Time: 235.6s
2026-03-20 12:17:36,332:   Confusion Matrix: TN=35943, FP=4, FN=64, TP=3989
2026-03-20 12:17:36,416: 
======================================================================
2026-03-20 12:17:36,417: MODEL: LSTM
2026-03-20 12:17:36,417: ======================================================================
2026-03-20 12:17:36,417: --------------------------------------------------
2026-03-20 12:17:36,417: Training LSTM with 100% of training data
2026-03-20 12:17:36,417: --------------------------------------------------
2026-03-20 12:17:36,417: Training subset size: 320000
2026-03-20 12:18:40,977:   Epoch [5/30] Train Loss: 0.0127, Val F1: 0.9852, Val AUC: 0.9999
2026-03-20 12:19:46,334:   Epoch [10/30] Train Loss: 0.0051, Val F1: 0.9954, Val AUC: 1.0000
2026-03-20 12:20:25,806:   Early stopping at epoch 13
2026-03-20 12:20:26,587: LSTM @ 100% - Test AUC: 1.0000, Test F1: 0.9937, Precision: 0.9926, Recall: 0.9948, Time: 170.2s
2026-03-20 12:20:26,587:   Confusion Matrix: TN=35917, FP=30, FN=21, TP=4032
2026-03-20 12:20:26,669: 
======================================================================
2026-03-20 12:20:26,669: MODEL: RNNTransformer
2026-03-20 12:20:26,669: ======================================================================
2026-03-20 12:20:26,669: --------------------------------------------------
2026-03-20 12:20:26,669: Training RNNTransformer with 100% of training data
2026-03-20 12:20:26,670: --------------------------------------------------
2026-03-20 12:20:26,670: Training subset size: 320000
2026-03-20 12:22:40,683:   Epoch [5/30] Train Loss: 0.0193, Val F1: 0.9881, Val AUC: 0.9999
2026-03-20 12:24:55,464:   Epoch [10/30] Train Loss: 0.0125, Val F1: 0.9884, Val AUC: 0.9999
2026-03-20 12:27:11,212:   Epoch [15/30] Train Loss: 0.0105, Val F1: 0.9940, Val AUC: 1.0000
2026-03-20 12:28:05,592:   Early stopping at epoch 17
2026-03-20 12:28:06,832: RNNTransformer @ 100% - Test AUC: 1.0000, Test F1: 0.9956, Precision: 0.9963, Recall: 0.9948, Time: 460.2s
2026-03-20 12:28:06,832:   Confusion Matrix: TN=35932, FP=15, FN=21, TP=4032
2026-03-20 12:28:06,922: 
Results saved to: /cluster/work/projects/nn12048k/michechi/results/sensitivity/dl_fraction_experiment_110_OPTIMAL_20260320_122806.csv
2026-03-20 12:28:06,924: Detailed results saved to: /cluster/work/projects/nn12048k/michechi/results/sensitivity/dl_fraction_experiment_110_OPTIMAL_20260320_122806.json
2026-03-20 12:28:06,924: 
======================================================================
2026-03-20 12:28:06,924: EXPERIMENT SUMMARY
2026-03-20 12:28:06,924: ======================================================================
2026-03-20 12:28:06,924: 
Transformer:
2026-03-20 12:28:06,924: Fraction   Train N    Test AUC   Test F1    Precision  Recall    
2026-03-20 12:28:06,924: ------------------------------------------------------------
2026-03-20 12:28:06,925:    100%    320000     1.0000     0.9915     0.9990     0.9842    
2026-03-20 12:28:06,925: 
LSTM:
2026-03-20 12:28:06,925: Fraction   Train N    Test AUC   Test F1    Precision  Recall    
2026-03-20 12:28:06,925: ------------------------------------------------------------
2026-03-20 12:28:06,925:    100%    320000     1.0000     0.9937     0.9926     0.9948    
2026-03-20 12:28:06,925: 
RNNTransformer:
2026-03-20 12:28:06,925: Fraction   Train N    Test AUC   Test F1    Precision  Recall    
2026-03-20 12:28:06,925: ------------------------------------------------------------
2026-03-20 12:28:06,925:    100%    320000     1.0000     0.9956     0.9963     0.9948    
INFO:    gocryptfs not found, will not be able to use gocryptfs
/usr/bin/rm: cannot remove '/usr/local/cuda/compat/lib': Read-only file system
rm: cannot remove '/usr/local/cuda/compat/lib': Read-only file system
2026-03-20 12:28:13,839: Arguments:
2026-03-20 12:28:13,839:   batch_size: 64
2026-03-20 12:28:13,839:   epochs: 30
2026-03-20 12:28:13,839:   fractions: 1.0
2026-03-20 12:28:13,839:   label_column: Outcome
2026-03-20 12:28:13,839:   models: Transformer,LSTM,RNNTransformer
2026-03-20 12:28:13,840:   no_search: False
2026-03-20 12:28:13,840:   number_to_use: 112
2026-03-20 12:28:13,840:   optimal: True
2026-03-20 12:28:13,840:   output_dir: /cluster/work/projects/nn12048k/michechi/results/sensitivity/
2026-03-20 12:28:13,840:   path_csv: /cluster/home/michechi/MIMICIV/data/simulation/sensitivity/
2026-03-20 12:28:13,840:   patience: 3
2026-03-20 12:28:13,840:   seed: 9550
2026-03-20 12:28:13,840:   sequence_column: Sequences
2026-03-20 12:28:13,840:   sequence_separator: 
2026-03-20 12:28:14,410: Using device: cuda
2026-03-20 12:28:14,411: Loading data from: /cluster/home/michechi/MIMICIV/data/simulation/sensitivity/
2026-03-20 12:28:15,248: Data loaded - Train: 320000, Val: 40000, Test: 40000
2026-03-20 12:28:15,270: Maximum sequence length: 20
2026-03-20 12:28:15,271: Testing fractions: [1.0]
2026-03-20 12:28:15,271: Models to train: ['Transformer', 'LSTM', 'RNNTransformer']
2026-03-20 12:28:15,272: Using OPTIMAL configurations
2026-03-20 12:28:15,272: 
======================================================================
2026-03-20 12:28:15,272: MODEL: Transformer
2026-03-20 12:28:15,272: ======================================================================
2026-03-20 12:28:15,272: --------------------------------------------------
2026-03-20 12:28:15,272: Training Transformer with 100% of training data
2026-03-20 12:28:15,272: --------------------------------------------------
2026-03-20 12:28:15,272: Training subset size: 320000
2026-03-20 12:30:47,161:   Epoch [5/30] Train Loss: 0.0515, Val F1: 0.9959, Val AUC: 0.9990
2026-03-20 12:33:17,912:   Epoch [10/30] Train Loss: 0.0312, Val F1: 0.9988, Val AUC: 0.9994
2026-03-20 12:33:48,126:   Early stopping at epoch 11
2026-03-20 12:33:49,384: Transformer @ 100% - Test AUC: 0.9991, Test F1: 0.9984, Precision: 0.9995, Recall: 0.9972, Time: 334.1s
2026-03-20 12:33:49,384:   Confusion Matrix: TN=17934, FP=11, FN=61, TP=21994
2026-03-20 12:33:49,466: 
======================================================================
2026-03-20 12:33:49,466: MODEL: LSTM
2026-03-20 12:33:49,467: ======================================================================
2026-03-20 12:33:49,467: --------------------------------------------------
2026-03-20 12:33:49,467: Training LSTM with 100% of training data
2026-03-20 12:33:49,467: --------------------------------------------------
2026-03-20 12:33:49,467: Training subset size: 320000
2026-03-20 12:34:54,979:   Epoch [5/30] Train Loss: 0.0923, Val F1: 0.9741, Val AUC: 0.9970
2026-03-20 12:36:01,256:   Epoch [10/30] Train Loss: 0.0439, Val F1: 0.9833, Val AUC: 0.9988
2026-03-20 12:37:08,172:   Epoch [15/30] Train Loss: 0.0294, Val F1: 0.9857, Val AUC: 0.9989
2026-03-20 12:37:08,173:   Early stopping at epoch 15
2026-03-20 12:37:08,965: LSTM @ 100% - Test AUC: 0.9991, Test F1: 0.9875, Precision: 0.9880, Recall: 0.9870, Time: 199.5s
2026-03-20 12:37:08,966:   Confusion Matrix: TN=17681, FP=264, FN=287, TP=21768
2026-03-20 12:37:09,046: 
======================================================================
2026-03-20 12:37:09,046: MODEL: RNNTransformer
2026-03-20 12:37:09,046: ======================================================================
2026-03-20 12:37:09,046: --------------------------------------------------
2026-03-20 12:37:09,046: Training RNNTransformer with 100% of training data
2026-03-20 12:37:09,046: --------------------------------------------------
2026-03-20 12:37:09,047: Training subset size: 320000
2026-03-20 12:39:26,638:   Epoch [5/30] Train Loss: 0.1492, Val F1: 0.9722, Val AUC: 0.9960
2026-03-20 12:41:45,498:   Epoch [10/30] Train Loss: 0.0876, Val F1: 0.9838, Val AUC: 0.9990
2026-03-20 12:44:04,816:   Epoch [15/30] Train Loss: 0.0754, Val F1: 0.9849, Val AUC: 0.9985
2026-03-20 12:46:23,957:   Epoch [20/30] Train Loss: 0.0648, Val F1: 0.9916, Val AUC: 0.9996
2026-03-20 12:46:23,958:   Early stopping at epoch 20
2026-03-20 12:46:25,219: RNNTransformer @ 100% - Test AUC: 0.9997, Test F1: 0.9915, Precision: 0.9969, Recall: 0.9861, Time: 556.2s
2026-03-20 12:46:25,219:   Confusion Matrix: TN=17877, FP=68, FN=306, TP=21749
2026-03-20 12:46:25,324: 
Results saved to: /cluster/work/projects/nn12048k/michechi/results/sensitivity/dl_fraction_experiment_112_OPTIMAL_20260320_124625.csv
2026-03-20 12:46:25,326: Detailed results saved to: /cluster/work/projects/nn12048k/michechi/results/sensitivity/dl_fraction_experiment_112_OPTIMAL_20260320_124625.json
2026-03-20 12:46:25,326: 
======================================================================
2026-03-20 12:46:25,326: EXPERIMENT SUMMARY
2026-03-20 12:46:25,326: ======================================================================
2026-03-20 12:46:25,326: 
Transformer:
2026-03-20 12:46:25,326: Fraction   Train N    Test AUC   Test F1    Precision  Recall    
2026-03-20 12:46:25,326: ------------------------------------------------------------
2026-03-20 12:46:25,326:    100%    320000     0.9991     0.9984     0.9995     0.9972    
2026-03-20 12:46:25,327: 
LSTM:
2026-03-20 12:46:25,327: Fraction   Train N    Test AUC   Test F1    Precision  Recall    
2026-03-20 12:46:25,327: ------------------------------------------------------------
2026-03-20 12:46:25,327:    100%    320000     0.9991     0.9875     0.9880     0.9870    
2026-03-20 12:46:25,327: 
RNNTransformer:
2026-03-20 12:46:25,327: Fraction   Train N    Test AUC   Test F1    Precision  Recall    
2026-03-20 12:46:25,327: ------------------------------------------------------------
2026-03-20 12:46:25,327:    100%    320000     0.9997     0.9915     0.9969     0.9861    
INFO:    gocryptfs not found, will not be able to use gocryptfs
/usr/bin/rm: cannot remove '/usr/local/cuda/compat/lib': Read-only file system
rm: cannot remove '/usr/local/cuda/compat/lib': Read-only file system
2026-03-20 12:46:31,503: Arguments:
2026-03-20 12:46:31,503:   batch_size: 64
2026-03-20 12:46:31,503:   epochs: 30
2026-03-20 12:46:31,503:   fractions: 1.0
2026-03-20 12:46:31,503:   label_column: Outcome
2026-03-20 12:46:31,503:   models: Transformer,LSTM,RNNTransformer
2026-03-20 12:46:31,503:   no_search: False
2026-03-20 12:46:31,504:   number_to_use: 120
2026-03-20 12:46:31,504:   optimal: True
2026-03-20 12:46:31,504:   output_dir: /cluster/work/projects/nn12048k/michechi/results/sensitivity/
2026-03-20 12:46:31,504:   path_csv: /cluster/home/michechi/MIMICIV/data/simulation/sensitivity/
2026-03-20 12:46:31,504:   patience: 3
2026-03-20 12:46:31,504:   seed: 9550
2026-03-20 12:46:31,504:   sequence_column: Sequences
2026-03-20 12:46:31,504:   sequence_separator: 
2026-03-20 12:46:32,073: Using device: cuda
2026-03-20 12:46:32,073: Loading data from: /cluster/home/michechi/MIMICIV/data/simulation/sensitivity/
2026-03-20 12:46:32,816: Data loaded - Train: 320000, Val: 40000, Test: 40000
2026-03-20 12:46:32,838: Maximum sequence length: 20
2026-03-20 12:46:32,839: Testing fractions: [1.0]
2026-03-20 12:46:32,839: Models to train: ['Transformer', 'LSTM', 'RNNTransformer']
2026-03-20 12:46:32,840: Using OPTIMAL configurations
2026-03-20 12:46:32,840: 
======================================================================
2026-03-20 12:46:32,840: MODEL: Transformer
2026-03-20 12:46:32,840: ======================================================================
2026-03-20 12:46:32,840: --------------------------------------------------
2026-03-20 12:46:32,840: Training Transformer with 100% of training data
2026-03-20 12:46:32,840: --------------------------------------------------
2026-03-20 12:46:32,840: Training subset size: 320000
2026-03-20 12:48:58,068:   Epoch [5/30] Train Loss: 0.0501, Val F1: 0.9920, Val AUC: 0.9999
2026-03-20 12:51:22,827:   Epoch [10/30] Train Loss: 0.0343, Val F1: 0.9953, Val AUC: 1.0000
2026-03-20 12:53:47,816:   Epoch [15/30] Train Loss: 0.0279, Val F1: 0.9974, Val AUC: 1.0000
2026-03-20 12:56:13,109:   Epoch [20/30] Train Loss: 0.0239, Val F1: 0.9979, Val AUC: 1.0000
2026-03-20 12:58:38,042:   Epoch [25/30] Train Loss: 0.0208, Val F1: 0.9989, Val AUC: 1.0000
2026-03-20 12:59:07,016:   Early stopping at epoch 26
2026-03-20 12:59:08,258: Transformer @ 100% - Test AUC: 1.0000, Test F1: 0.9990, Precision: 0.9991, Recall: 0.9988, Time: 755.4s
2026-03-20 12:59:08,258:   Confusion Matrix: TN=26363, FP=12, FN=16, TP=13609
2026-03-20 12:59:08,343: 
======================================================================
2026-03-20 12:59:08,344: MODEL: LSTM
2026-03-20 12:59:08,344: ======================================================================
2026-03-20 12:59:08,344: --------------------------------------------------
2026-03-20 12:59:08,344: Training LSTM with 100% of training data
2026-03-20 12:59:08,344: --------------------------------------------------
2026-03-20 12:59:08,344: Training subset size: 320000
2026-03-20 13:00:12,761:   Epoch [5/30] Train Loss: 0.0001, Val F1: 1.0000, Val AUC: 1.0000
2026-03-20 13:00:12,761:   Early stopping at epoch 5
2026-03-20 13:00:13,532: LSTM @ 100% - Test AUC: 1.0000, Test F1: 1.0000, Precision: 1.0000, Recall: 1.0000, Time: 65.2s
2026-03-20 13:00:13,532:   Confusion Matrix: TN=26375, FP=0, FN=0, TP=13625
2026-03-20 13:00:13,613: 
======================================================================
2026-03-20 13:00:13,613: MODEL: RNNTransformer
2026-03-20 13:00:13,614: ======================================================================
2026-03-20 13:00:13,614: --------------------------------------------------
2026-03-20 13:00:13,614: Training RNNTransformer with 100% of training data
2026-03-20 13:00:13,614: --------------------------------------------------
2026-03-20 13:00:13,614: Training subset size: 320000
2026-03-20 13:01:57,426:   Early stopping at epoch 4
2026-03-20 13:01:58,642: RNNTransformer @ 100% - Test AUC: 1.0000, Test F1: 1.0000, Precision: 1.0000, Recall: 1.0000, Time: 105.0s
2026-03-20 13:01:58,643:   Confusion Matrix: TN=26375, FP=0, FN=0, TP=13625
2026-03-20 13:01:58,730: 
Results saved to: /cluster/work/projects/nn12048k/michechi/results/sensitivity/dl_fraction_experiment_120_OPTIMAL_20260320_130158.csv
2026-03-20 13:01:58,731: Detailed results saved to: /cluster/work/projects/nn12048k/michechi/results/sensitivity/dl_fraction_experiment_120_OPTIMAL_20260320_130158.json
2026-03-20 13:01:58,731: 
======================================================================
2026-03-20 13:01:58,731: EXPERIMENT SUMMARY
2026-03-20 13:01:58,731: ======================================================================
2026-03-20 13:01:58,732: 
Transformer:
2026-03-20 13:01:58,732: Fraction   Train N    Test AUC   Test F1    Precision  Recall    
2026-03-20 13:01:58,732: ------------------------------------------------------------
2026-03-20 13:01:58,732:    100%    320000     1.0000     0.9990     0.9991     0.9988    
2026-03-20 13:01:58,732: 
LSTM:
2026-03-20 13:01:58,732: Fraction   Train N    Test AUC   Test F1    Precision  Recall    
2026-03-20 13:01:58,732: ------------------------------------------------------------
2026-03-20 13:01:58,732:    100%    320000     1.0000     1.0000     1.0000     1.0000    
2026-03-20 13:01:58,732: 
RNNTransformer:
2026-03-20 13:01:58,732: Fraction   Train N    Test AUC   Test F1    Precision  Recall    
2026-03-20 13:01:58,733: ------------------------------------------------------------
2026-03-20 13:01:58,733:    100%    320000     1.0000     1.0000     1.0000     1.0000    
INFO:    gocryptfs not found, will not be able to use gocryptfs
/usr/bin/rm: cannot remove '/usr/local/cuda/compat/lib': Read-only file system
rm: cannot remove '/usr/local/cuda/compat/lib': Read-only file system
2026-03-20 13:02:04,884: Arguments:
2026-03-20 13:02:04,884:   batch_size: 64
2026-03-20 13:02:04,884:   epochs: 30
2026-03-20 13:02:04,885:   fractions: 1.0
2026-03-20 13:02:04,885:   label_column: Outcome
2026-03-20 13:02:04,885:   models: Transformer,LSTM,RNNTransformer
2026-03-20 13:02:04,885:   no_search: False
2026-03-20 13:02:04,885:   number_to_use: 121
2026-03-20 13:02:04,885:   optimal: True
2026-03-20 13:02:04,885:   output_dir: /cluster/work/projects/nn12048k/michechi/results/sensitivity/
2026-03-20 13:02:04,885:   path_csv: /cluster/home/michechi/MIMICIV/data/simulation/sensitivity/
2026-03-20 13:02:04,885:   patience: 3
2026-03-20 13:02:04,886:   seed: 9550
2026-03-20 13:02:04,886:   sequence_column: Sequences
2026-03-20 13:02:04,886:   sequence_separator: 
2026-03-20 13:02:05,482: Using device: cuda
2026-03-20 13:02:05,483: Loading data from: /cluster/home/michechi/MIMICIV/data/simulation/sensitivity/
2026-03-20 13:02:06,281: Data loaded - Train: 320000, Val: 40000, Test: 40000
2026-03-20 13:02:06,304: Maximum sequence length: 20
2026-03-20 13:02:06,305: Testing fractions: [1.0]
2026-03-20 13:02:06,305: Models to train: ['Transformer', 'LSTM', 'RNNTransformer']
2026-03-20 13:02:06,305: Using OPTIMAL configurations
2026-03-20 13:02:06,305: 
======================================================================
2026-03-20 13:02:06,305: MODEL: Transformer
2026-03-20 13:02:06,305: ======================================================================
2026-03-20 13:02:06,305: --------------------------------------------------
2026-03-20 13:02:06,306: Training Transformer with 100% of training data
2026-03-20 13:02:06,306: --------------------------------------------------
2026-03-20 13:02:06,306: Training subset size: 320000
2026-03-20 13:04:32,606:   Epoch [5/30] Train Loss: 0.0377, Val F1: 0.9839, Val AUC: 0.9994
2026-03-20 13:06:58,094:   Epoch [10/30] Train Loss: 0.0278, Val F1: 0.9901, Val AUC: 0.9997
2026-03-20 13:08:55,295:   Early stopping at epoch 14
2026-03-20 13:08:56,523: Transformer @ 100% - Test AUC: 0.9999, Test F1: 0.9926, Precision: 0.9992, Recall: 0.9861, Time: 410.2s
2026-03-20 13:08:56,523:   Confusion Matrix: TN=26993, FP=10, FN=181, TP=12816
2026-03-20 13:08:56,608: 
======================================================================
2026-03-20 13:08:56,608: MODEL: LSTM
2026-03-20 13:08:56,608: ======================================================================
2026-03-20 13:08:56,608: --------------------------------------------------
2026-03-20 13:08:56,608: Training LSTM with 100% of training data
2026-03-20 13:08:56,608: --------------------------------------------------
2026-03-20 13:08:56,609: Training subset size: 320000
2026-03-20 13:10:00,855:   Epoch [5/30] Train Loss: 0.0051, Val F1: 0.9983, Val AUC: 1.0000
2026-03-20 13:11:05,693:   Epoch [10/30] Train Loss: 0.0019, Val F1: 0.9995, Val AUC: 1.0000
2026-03-20 13:12:11,225:   Epoch [15/30] Train Loss: 0.0012, Val F1: 0.9994, Val AUC: 1.0000
2026-03-20 13:12:11,226:   Early stopping at epoch 15
2026-03-20 13:12:11,998: LSTM @ 100% - Test AUC: 1.0000, Test F1: 0.9992, Precision: 0.9993, Recall: 0.9991, Time: 195.4s
2026-03-20 13:12:11,999:   Confusion Matrix: TN=26994, FP=9, FN=12, TP=12985
2026-03-20 13:12:12,080: 
======================================================================
2026-03-20 13:12:12,080: MODEL: RNNTransformer
2026-03-20 13:12:12,080: ======================================================================
2026-03-20 13:12:12,080: --------------------------------------------------
2026-03-20 13:12:12,081: Training RNNTransformer with 100% of training data
2026-03-20 13:12:12,081: --------------------------------------------------
2026-03-20 13:12:12,081: Training subset size: 320000
2026-03-20 13:14:25,318:   Epoch [5/30] Train Loss: 0.0108, Val F1: 0.9956, Val AUC: 0.9999
2026-03-20 13:15:45,490:   Early stopping at epoch 8
2026-03-20 13:15:46,704: RNNTransformer @ 100% - Test AUC: 1.0000, Test F1: 0.9962, Precision: 0.9956, Recall: 0.9967, Time: 214.6s
2026-03-20 13:15:46,705:   Confusion Matrix: TN=26946, FP=57, FN=43, TP=12954
2026-03-20 13:15:46,797: 
Results saved to: /cluster/work/projects/nn12048k/michechi/results/sensitivity/dl_fraction_experiment_121_OPTIMAL_20260320_131546.csv
2026-03-20 13:15:46,799: Detailed results saved to: /cluster/work/projects/nn12048k/michechi/results/sensitivity/dl_fraction_experiment_121_OPTIMAL_20260320_131546.json
2026-03-20 13:15:46,799: 
======================================================================
2026-03-20 13:15:46,799: EXPERIMENT SUMMARY
2026-03-20 13:15:46,799: ======================================================================
2026-03-20 13:15:46,799: 
Transformer:
2026-03-20 13:15:46,799: Fraction   Train N    Test AUC   Test F1    Precision  Recall    
2026-03-20 13:15:46,799: ------------------------------------------------------------
2026-03-20 13:15:46,800:    100%    320000     0.9999     0.9926     0.9992     0.9861    
2026-03-20 13:15:46,800: 
LSTM:
2026-03-20 13:15:46,800: Fraction   Train N    Test AUC   Test F1    Precision  Recall    
2026-03-20 13:15:46,800: ------------------------------------------------------------
2026-03-20 13:15:46,800:    100%    320000     1.0000     0.9992     0.9993     0.9991    
2026-03-20 13:15:46,800: 
RNNTransformer:
2026-03-20 13:15:46,800: Fraction   Train N    Test AUC   Test F1    Precision  Recall    
2026-03-20 13:15:46,800: ------------------------------------------------------------
2026-03-20 13:15:46,801:    100%    320000     1.0000     0.9962     0.9956     0.9967    
INFO:    gocryptfs not found, will not be able to use gocryptfs
/usr/bin/rm: cannot remove '/usr/local/cuda/compat/lib': Read-only file system
rm: cannot remove '/usr/local/cuda/compat/lib': Read-only file system
2026-03-20 13:15:52,936: Arguments:
2026-03-20 13:15:52,937:   batch_size: 64
2026-03-20 13:15:52,937:   epochs: 30
2026-03-20 13:15:52,937:   fractions: 1.0
2026-03-20 13:15:52,937:   label_column: Outcome
2026-03-20 13:15:52,937:   models: Transformer,LSTM,RNNTransformer
2026-03-20 13:15:52,937:   no_search: False
2026-03-20 13:15:52,937:   number_to_use: 122
2026-03-20 13:15:52,938:   optimal: True
2026-03-20 13:15:52,938:   output_dir: /cluster/work/projects/nn12048k/michechi/results/sensitivity/
2026-03-20 13:15:52,938:   path_csv: /cluster/home/michechi/MIMICIV/data/simulation/sensitivity/
2026-03-20 13:15:52,938:   patience: 3
2026-03-20 13:15:52,938:   seed: 9550
2026-03-20 13:15:52,938:   sequence_column: Sequences
2026-03-20 13:15:52,938:   sequence_separator: 
2026-03-20 13:15:53,515: Using device: cuda
2026-03-20 13:15:53,516: Loading data from: /cluster/home/michechi/MIMICIV/data/simulation/sensitivity/
2026-03-20 13:15:54,263: Data loaded - Train: 320000, Val: 40000, Test: 40000
2026-03-20 13:15:54,285: Maximum sequence length: 20
2026-03-20 13:15:54,286: Testing fractions: [1.0]
2026-03-20 13:15:54,287: Models to train: ['Transformer', 'LSTM', 'RNNTransformer']
2026-03-20 13:15:54,287: Using OPTIMAL configurations
2026-03-20 13:15:54,287: 
======================================================================
2026-03-20 13:15:54,287: MODEL: Transformer
2026-03-20 13:15:54,287: ======================================================================
2026-03-20 13:15:54,287: --------------------------------------------------
2026-03-20 13:15:54,287: Training Transformer with 100% of training data
2026-03-20 13:15:54,287: --------------------------------------------------
2026-03-20 13:15:54,287: Training subset size: 320000
2026-03-20 13:18:15,335:   Epoch [5/30] Train Loss: 0.0621, Val F1: 0.9576, Val AUC: 0.9978
2026-03-20 13:19:39,415:   Early stopping at epoch 8
2026-03-20 13:19:40,611: Transformer @ 100% - Test AUC: 0.9980, Test F1: 0.9585, Precision: 0.9779, Recall: 0.9398, Time: 226.3s
2026-03-20 13:19:40,611:   Confusion Matrix: TN=27330, FP=263, FN=747, TP=11660
2026-03-20 13:19:40,694: 
======================================================================
2026-03-20 13:19:40,695: MODEL: LSTM
2026-03-20 13:19:40,695: ======================================================================
2026-03-20 13:19:40,695: --------------------------------------------------
2026-03-20 13:19:40,695: Training LSTM with 100% of training data
2026-03-20 13:19:40,695: --------------------------------------------------
2026-03-20 13:19:40,695: Training subset size: 320000
2026-03-20 13:20:44,188:   Epoch [5/30] Train Loss: 0.0170, Val F1: 0.9892, Val AUC: 0.9998
2026-03-20 13:21:48,451:   Epoch [10/30] Train Loss: 0.0081, Val F1: 0.9944, Val AUC: 0.9999
2026-03-20 13:22:01,347:   Early stopping at epoch 11
2026-03-20 13:22:02,110: LSTM @ 100% - Test AUC: 1.0000, Test F1: 0.9955, Precision: 0.9936, Recall: 0.9974, Time: 141.4s
2026-03-20 13:22:02,111:   Confusion Matrix: TN=27513, FP=80, FN=32, TP=12375
2026-03-20 13:22:02,190: 
======================================================================
2026-03-20 13:22:02,190: MODEL: RNNTransformer
2026-03-20 13:22:02,191: ======================================================================
2026-03-20 13:22:02,191: --------------------------------------------------
2026-03-20 13:22:02,191: Training RNNTransformer with 100% of training data
2026-03-20 13:22:02,191: --------------------------------------------------
2026-03-20 13:22:02,191: Training subset size: 320000
2026-03-20 13:24:11,458:   Epoch [5/30] Train Loss: 0.0490, Val F1: 0.9826, Val AUC: 0.9993
2026-03-20 13:26:21,215:   Epoch [10/30] Train Loss: 0.0180, Val F1: 0.9949, Val AUC: 0.9999
2026-03-20 13:28:05,393:   Early stopping at epoch 14
2026-03-20 13:28:06,584: RNNTransformer @ 100% - Test AUC: 0.9999, Test F1: 0.9954, Precision: 0.9976, Recall: 0.9931, Time: 364.4s
2026-03-20 13:28:06,584:   Confusion Matrix: TN=27563, FP=30, FN=85, TP=12322
2026-03-20 13:28:06,672: 
Results saved to: /cluster/work/projects/nn12048k/michechi/results/sensitivity/dl_fraction_experiment_122_OPTIMAL_20260320_132806.csv
2026-03-20 13:28:06,673: Detailed results saved to: /cluster/work/projects/nn12048k/michechi/results/sensitivity/dl_fraction_experiment_122_OPTIMAL_20260320_132806.json
2026-03-20 13:28:06,673: 
======================================================================
2026-03-20 13:28:06,673: EXPERIMENT SUMMARY
2026-03-20 13:28:06,674: ======================================================================
2026-03-20 13:28:06,674: 
Transformer:
2026-03-20 13:28:06,674: Fraction   Train N    Test AUC   Test F1    Precision  Recall    
2026-03-20 13:28:06,674: ------------------------------------------------------------
2026-03-20 13:28:06,674:    100%    320000     0.9980     0.9585     0.9779     0.9398    
2026-03-20 13:28:06,674: 
LSTM:
2026-03-20 13:28:06,674: Fraction   Train N    Test AUC   Test F1    Precision  Recall    
2026-03-20 13:28:06,674: ------------------------------------------------------------
2026-03-20 13:28:06,675:    100%    320000     1.0000     0.9955     0.9936     0.9974    
2026-03-20 13:28:06,675: 
RNNTransformer:
2026-03-20 13:28:06,675: Fraction   Train N    Test AUC   Test F1    Precision  Recall    
2026-03-20 13:28:06,675: ------------------------------------------------------------
2026-03-20 13:28:06,675:    100%    320000     0.9999     0.9954     0.9976     0.9931    
INFO:    gocryptfs not found, will not be able to use gocryptfs
/usr/bin/rm: cannot remove '/usr/local/cuda/compat/lib': Read-only file system
rm: cannot remove '/usr/local/cuda/compat/lib': Read-only file system
2026-03-20 13:28:12,783: Arguments:
2026-03-20 13:28:12,784:   batch_size: 64
2026-03-20 13:28:12,784:   epochs: 30
2026-03-20 13:28:12,784:   fractions: 1.0
2026-03-20 13:28:12,784:   label_column: Outcome
2026-03-20 13:28:12,784:   models: Transformer,LSTM,RNNTransformer
2026-03-20 13:28:12,784:   no_search: False
2026-03-20 13:28:12,784:   number_to_use: 123
2026-03-20 13:28:12,785:   optimal: True
2026-03-20 13:28:12,785:   output_dir: /cluster/work/projects/nn12048k/michechi/results/sensitivity/
2026-03-20 13:28:12,785:   path_csv: /cluster/home/michechi/MIMICIV/data/simulation/sensitivity/
2026-03-20 13:28:12,785:   patience: 3
2026-03-20 13:28:12,785:   seed: 9550
2026-03-20 13:28:12,785:   sequence_column: Sequences
2026-03-20 13:28:12,785:   sequence_separator: 
2026-03-20 13:28:13,364: Using device: cuda
2026-03-20 13:28:13,365: Loading data from: /cluster/home/michechi/MIMICIV/data/simulation/sensitivity/
2026-03-20 13:28:14,152: Data loaded - Train: 320000, Val: 40000, Test: 40000
2026-03-20 13:28:14,174: Maximum sequence length: 20
2026-03-20 13:28:14,175: Testing fractions: [1.0]
2026-03-20 13:28:14,176: Models to train: ['Transformer', 'LSTM', 'RNNTransformer']
2026-03-20 13:28:14,176: Using OPTIMAL configurations
2026-03-20 13:28:14,176: 
======================================================================
2026-03-20 13:28:14,176: MODEL: Transformer
2026-03-20 13:28:14,176: ======================================================================
2026-03-20 13:28:14,176: --------------------------------------------------
2026-03-20 13:28:14,176: Training Transformer with 100% of training data
2026-03-20 13:28:14,176: --------------------------------------------------
2026-03-20 13:28:14,177: Training subset size: 320000
2026-03-20 13:30:36,074:   Epoch [5/30] Train Loss: 0.0082, Val F1: 0.9995, Val AUC: 1.0000
2026-03-20 13:31:04,189:   Early stopping at epoch 6
2026-03-20 13:31:05,390: Transformer @ 100% - Test AUC: 1.0000, Test F1: 0.9998, Precision: 0.9995, Recall: 1.0000, Time: 171.2s
2026-03-20 13:31:05,390:   Confusion Matrix: TN=28896, FP=5, FN=0, TP=11099
2026-03-20 13:31:05,469: 
======================================================================
2026-03-20 13:31:05,470: MODEL: LSTM
2026-03-20 13:31:05,470: ======================================================================
2026-03-20 13:31:05,470: --------------------------------------------------
2026-03-20 13:31:05,470: Training LSTM with 100% of training data
2026-03-20 13:31:05,470: --------------------------------------------------
2026-03-20 13:31:05,470: Training subset size: 320000
2026-03-20 13:32:08,737:   Epoch [5/30] Train Loss: 0.0779, Val F1: 0.9591, Val AUC: 0.9977
2026-03-20 13:33:13,106:   Epoch [10/30] Train Loss: 0.0405, Val F1: 0.9730, Val AUC: 0.9991
2026-03-20 13:34:18,057:   Epoch [15/30] Train Loss: 0.0262, Val F1: 0.9811, Val AUC: 0.9995
2026-03-20 13:35:23,247:   Epoch [20/30] Train Loss: 0.0200, Val F1: 0.9862, Val AUC: 0.9997
2026-03-20 13:36:28,620:   Epoch [25/30] Train Loss: 0.0155, Val F1: 0.9874, Val AUC: 0.9997
2026-03-20 13:37:34,175:   Epoch [30/30] Train Loss: 0.0133, Val F1: 0.9892, Val AUC: 0.9997
2026-03-20 13:37:34,957: LSTM @ 100% - Test AUC: 0.9998, Test F1: 0.9903, Precision: 0.9913, Recall: 0.9894, Time: 389.5s
2026-03-20 13:37:34,957:   Confusion Matrix: TN=28805, FP=96, FN=118, TP=10981
2026-03-20 13:37:35,039: 
======================================================================
2026-03-20 13:37:35,040: MODEL: RNNTransformer
2026-03-20 13:37:35,040: ======================================================================
2026-03-20 13:37:35,040: --------------------------------------------------
2026-03-20 13:37:35,040: Training RNNTransformer with 100% of training data
2026-03-20 13:37:35,040: --------------------------------------------------
2026-03-20 13:37:35,040: Training subset size: 320000
2026-03-20 13:39:45,725:   Epoch [5/30] Train Loss: 0.0326, Val F1: 0.9951, Val AUC: 0.9999
2026-03-20 13:41:56,651:   Epoch [10/30] Train Loss: 0.0228, Val F1: 0.9981, Val AUC: 1.0000
2026-03-20 13:43:41,939:   Early stopping at epoch 14
2026-03-20 13:43:43,170: RNNTransformer @ 100% - Test AUC: 1.0000, Test F1: 0.9989, Precision: 0.9992, Recall: 0.9986, Time: 368.1s
2026-03-20 13:43:43,170:   Confusion Matrix: TN=28892, FP=9, FN=16, TP=11083
2026-03-20 13:43:43,267: 
Results saved to: /cluster/work/projects/nn12048k/michechi/results/sensitivity/dl_fraction_experiment_123_OPTIMAL_20260320_134343.csv
2026-03-20 13:43:43,269: Detailed results saved to: /cluster/work/projects/nn12048k/michechi/results/sensitivity/dl_fraction_experiment_123_OPTIMAL_20260320_134343.json
2026-03-20 13:43:43,269: 
======================================================================
2026-03-20 13:43:43,269: EXPERIMENT SUMMARY
2026-03-20 13:43:43,269: ======================================================================
2026-03-20 13:43:43,269: 
Transformer:
2026-03-20 13:43:43,269: Fraction   Train N    Test AUC   Test F1    Precision  Recall    
2026-03-20 13:43:43,269: ------------------------------------------------------------
2026-03-20 13:43:43,269:    100%    320000     1.0000     0.9998     0.9995     1.0000    
2026-03-20 13:43:43,270: 
LSTM:
2026-03-20 13:43:43,270: Fraction   Train N    Test AUC   Test F1    Precision  Recall    
2026-03-20 13:43:43,270: ------------------------------------------------------------
2026-03-20 13:43:43,270:    100%    320000     0.9998     0.9903     0.9913     0.9894    
2026-03-20 13:43:43,270: 
RNNTransformer:
2026-03-20 13:43:43,270: Fraction   Train N    Test AUC   Test F1    Precision  Recall    
2026-03-20 13:43:43,270: ------------------------------------------------------------
2026-03-20 13:43:43,270:    100%    320000     1.0000     0.9989     0.9992     0.9986    
INFO:    gocryptfs not found, will not be able to use gocryptfs
/usr/bin/rm: cannot remove '/usr/local/cuda/compat/lib': Read-only file system
rm: cannot remove '/usr/local/cuda/compat/lib': Read-only file system
2026-03-20 13:43:50,171: Arguments:
2026-03-20 13:43:50,172:   batch_size: 64
2026-03-20 13:43:50,172:   epochs: 30
2026-03-20 13:43:50,172:   fractions: 1.0
2026-03-20 13:43:50,172:   label_column: Outcome
2026-03-20 13:43:50,172:   models: Transformer,LSTM,RNNTransformer
2026-03-20 13:43:50,172:   no_search: False
2026-03-20 13:43:50,172:   number_to_use: 124
2026-03-20 13:43:50,173:   optimal: True
2026-03-20 13:43:50,173:   output_dir: /cluster/work/projects/nn12048k/michechi/results/sensitivity/
2026-03-20 13:43:50,173:   path_csv: /cluster/home/michechi/MIMICIV/data/simulation/sensitivity/
2026-03-20 13:43:50,173:   patience: 3
2026-03-20 13:43:50,173:   seed: 9550
2026-03-20 13:43:50,173:   sequence_column: Sequences
2026-03-20 13:43:50,173:   sequence_separator: 
2026-03-20 13:43:50,753: Using device: cuda
2026-03-20 13:43:50,753: Loading data from: /cluster/home/michechi/MIMICIV/data/simulation/sensitivity/
2026-03-20 13:43:51,592: Data loaded - Train: 320000, Val: 40000, Test: 40000
2026-03-20 13:43:51,614: Maximum sequence length: 20
2026-03-20 13:43:51,615: Testing fractions: [1.0]
2026-03-20 13:43:51,615: Models to train: ['Transformer', 'LSTM', 'RNNTransformer']
2026-03-20 13:43:51,615: Using OPTIMAL configurations
2026-03-20 13:43:51,615: 
======================================================================
2026-03-20 13:43:51,615: MODEL: Transformer
2026-03-20 13:43:51,615: ======================================================================
2026-03-20 13:43:51,615: --------------------------------------------------
2026-03-20 13:43:51,616: Training Transformer with 100% of training data
2026-03-20 13:43:51,616: --------------------------------------------------
2026-03-20 13:43:51,616: Training subset size: 320000
2026-03-20 13:46:13,569:   Epoch [5/30] Train Loss: 0.0069, Val F1: 1.0000, Val AUC: 1.0000
2026-03-20 13:46:41,541:   Early stopping at epoch 6
2026-03-20 13:46:42,742: Transformer @ 100% - Test AUC: 1.0000, Test F1: 1.0000, Precision: 1.0000, Recall: 1.0000, Time: 171.1s
2026-03-20 13:46:42,742:   Confusion Matrix: TN=29153, FP=0, FN=0, TP=10847
2026-03-20 13:46:42,823: 
======================================================================
2026-03-20 13:46:42,823: MODEL: LSTM
2026-03-20 13:46:42,824: ======================================================================
2026-03-20 13:46:42,824: --------------------------------------------------
2026-03-20 13:46:42,824: Training LSTM with 100% of training data
2026-03-20 13:46:42,824: --------------------------------------------------
2026-03-20 13:46:42,824: Training subset size: 320000
2026-03-20 13:47:46,516:   Epoch [5/30] Train Loss: 0.0723, Val F1: 0.9534, Val AUC: 0.9977
2026-03-20 13:48:51,111:   Epoch [10/30] Train Loss: 0.0349, Val F1: 0.9806, Val AUC: 0.9994
2026-03-20 13:49:56,303:   Epoch [15/30] Train Loss: 0.0235, Val F1: 0.9853, Val AUC: 0.9996
2026-03-20 13:51:01,810:   Epoch [20/30] Train Loss: 0.0178, Val F1: 0.9861, Val AUC: 0.9997
2026-03-20 13:51:01,810:   Early stopping at epoch 20
2026-03-20 13:51:02,589: LSTM @ 100% - Test AUC: 0.9997, Test F1: 0.9865, Precision: 0.9844, Recall: 0.9887, Time: 259.8s
2026-03-20 13:51:02,589:   Confusion Matrix: TN=28983, FP=170, FN=123, TP=10724
2026-03-20 13:51:02,671: 
======================================================================
2026-03-20 13:51:02,672: MODEL: RNNTransformer
2026-03-20 13:51:02,672: ======================================================================
2026-03-20 13:51:02,672: --------------------------------------------------
2026-03-20 13:51:02,672: Training RNNTransformer with 100% of training data
2026-03-20 13:51:02,672: --------------------------------------------------
2026-03-20 13:51:02,672: Training subset size: 320000
2026-03-20 13:53:13,962:   Epoch [5/30] Train Loss: 0.0278, Val F1: 0.9941, Val AUC: 0.9999
2026-03-20 13:55:25,691:   Epoch [10/30] Train Loss: 0.0163, Val F1: 0.9976, Val AUC: 1.0000
2026-03-20 13:57:38,270:   Epoch [15/30] Train Loss: 0.0133, Val F1: 0.9989, Val AUC: 1.0000
2026-03-20 13:58:04,689:   Early stopping at epoch 16
2026-03-20 13:58:05,913: RNNTransformer @ 100% - Test AUC: 1.0000, Test F1: 0.9994, Precision: 0.9997, Recall: 0.9991, Time: 423.2s
2026-03-20 13:58:05,913:   Confusion Matrix: TN=29150, FP=3, FN=10, TP=10837
2026-03-20 13:58:05,998: 
Results saved to: /cluster/work/projects/nn12048k/michechi/results/sensitivity/dl_fraction_experiment_124_OPTIMAL_20260320_135805.csv
2026-03-20 13:58:06,000: Detailed results saved to: /cluster/work/projects/nn12048k/michechi/results/sensitivity/dl_fraction_experiment_124_OPTIMAL_20260320_135805.json
2026-03-20 13:58:06,000: 
======================================================================
2026-03-20 13:58:06,000: EXPERIMENT SUMMARY
2026-03-20 13:58:06,000: ======================================================================
2026-03-20 13:58:06,000: 
Transformer:
2026-03-20 13:58:06,001: Fraction   Train N    Test AUC   Test F1    Precision  Recall    
2026-03-20 13:58:06,001: ------------------------------------------------------------
2026-03-20 13:58:06,001:    100%    320000     1.0000     1.0000     1.0000     1.0000    
2026-03-20 13:58:06,001: 
LSTM:
2026-03-20 13:58:06,001: Fraction   Train N    Test AUC   Test F1    Precision  Recall    
2026-03-20 13:58:06,001: ------------------------------------------------------------
2026-03-20 13:58:06,001:    100%    320000     0.9997     0.9865     0.9844     0.9887    
2026-03-20 13:58:06,001: 
RNNTransformer:
2026-03-20 13:58:06,001: Fraction   Train N    Test AUC   Test F1    Precision  Recall    
2026-03-20 13:58:06,002: ------------------------------------------------------------
2026-03-20 13:58:06,002:    100%    320000     1.0000     0.9994     0.9997     0.9991    
INFO:    gocryptfs not found, will not be able to use gocryptfs
/usr/bin/rm: cannot remove '/usr/local/cuda/compat/lib': Read-only file system
rm: cannot remove '/usr/local/cuda/compat/lib': Read-only file system
2026-03-20 13:58:12,183: Arguments:
2026-03-20 13:58:12,184:   batch_size: 64
2026-03-20 13:58:12,184:   epochs: 30
2026-03-20 13:58:12,184:   fractions: 1.0
2026-03-20 13:58:12,184:   label_column: Outcome
2026-03-20 13:58:12,184:   models: Transformer,LSTM,RNNTransformer
2026-03-20 13:58:12,184:   no_search: False
2026-03-20 13:58:12,184:   number_to_use: 130
2026-03-20 13:58:12,185:   optimal: True
2026-03-20 13:58:12,185:   output_dir: /cluster/work/projects/nn12048k/michechi/results/sensitivity/
2026-03-20 13:58:12,185:   path_csv: /cluster/home/michechi/MIMICIV/data/simulation/sensitivity/
2026-03-20 13:58:12,185:   patience: 3
2026-03-20 13:58:12,185:   seed: 9550
2026-03-20 13:58:12,185:   sequence_column: Sequences
2026-03-20 13:58:12,185:   sequence_separator: 
2026-03-20 13:58:12,763: Using device: cuda
2026-03-20 13:58:12,763: Loading data from: /cluster/home/michechi/MIMICIV/data/simulation/sensitivity/
2026-03-20 13:58:13,578: Data loaded - Train: 320000, Val: 40000, Test: 40000
2026-03-20 13:58:13,600: Maximum sequence length: 20
2026-03-20 13:58:13,601: Testing fractions: [1.0]
2026-03-20 13:58:13,601: Models to train: ['Transformer', 'LSTM', 'RNNTransformer']
2026-03-20 13:58:13,601: Using OPTIMAL configurations
2026-03-20 13:58:13,602: 
======================================================================
2026-03-20 13:58:13,602: MODEL: Transformer
2026-03-20 13:58:13,602: ======================================================================
2026-03-20 13:58:13,602: --------------------------------------------------
2026-03-20 13:58:13,602: Training Transformer with 100% of training data
2026-03-20 13:58:13,602: --------------------------------------------------
2026-03-20 13:58:13,602: Training subset size: 320000
2026-03-20 14:00:39,853:   Epoch [5/30] Train Loss: 0.0226, Val F1: 0.9706, Val AUC: 0.9998
2026-03-20 14:01:08,978:   Early stopping at epoch 6
2026-03-20 14:01:10,208: Transformer @ 100% - Test AUC: 0.9997, Test F1: 0.9741, Precision: 0.9840, Recall: 0.9644, Time: 176.6s
2026-03-20 14:01:10,208:   Confusion Matrix: TN=34555, FP=84, FN=191, TP=5170
2026-03-20 14:01:10,292: 
======================================================================
2026-03-20 14:01:10,292: MODEL: LSTM
2026-03-20 14:01:10,293: ======================================================================
2026-03-20 14:01:10,293: --------------------------------------------------
2026-03-20 14:01:10,293: Training LSTM with 100% of training data
2026-03-20 14:01:10,293: --------------------------------------------------
2026-03-20 14:01:10,293: Training subset size: 320000
2026-03-20 14:02:02,047:   Early stopping at epoch 4
2026-03-20 14:02:02,817: LSTM @ 100% - Test AUC: 1.0000, Test F1: 1.0000, Precision: 1.0000, Recall: 1.0000, Time: 52.5s
2026-03-20 14:02:02,817:   Confusion Matrix: TN=34639, FP=0, FN=0, TP=5361
2026-03-20 14:02:02,896: 
======================================================================
2026-03-20 14:02:02,896: MODEL: RNNTransformer
2026-03-20 14:02:02,896: ======================================================================
2026-03-20 14:02:02,896: --------------------------------------------------
2026-03-20 14:02:02,896: Training RNNTransformer with 100% of training data
2026-03-20 14:02:02,897: --------------------------------------------------
2026-03-20 14:02:02,897: Training subset size: 320000
2026-03-20 14:04:13,727:   Epoch [5/30] Train Loss: 0.0000, Val F1: 1.0000, Val AUC: 1.0000
2026-03-20 14:04:13,727:   Early stopping at epoch 5
2026-03-20 14:04:14,935: RNNTransformer @ 100% - Test AUC: 1.0000, Test F1: 1.0000, Precision: 1.0000, Recall: 1.0000, Time: 132.0s
2026-03-20 14:04:14,936:   Confusion Matrix: TN=34639, FP=0, FN=0, TP=5361
2026-03-20 14:04:15,024: 
Results saved to: /cluster/work/projects/nn12048k/michechi/results/sensitivity/dl_fraction_experiment_130_OPTIMAL_20260320_140415.csv
2026-03-20 14:04:15,026: Detailed results saved to: /cluster/work/projects/nn12048k/michechi/results/sensitivity/dl_fraction_experiment_130_OPTIMAL_20260320_140415.json
2026-03-20 14:04:15,026: 
======================================================================
2026-03-20 14:04:15,026: EXPERIMENT SUMMARY
2026-03-20 14:04:15,026: ======================================================================
2026-03-20 14:04:15,026: 
Transformer:
2026-03-20 14:04:15,026: Fraction   Train N    Test AUC   Test F1    Precision  Recall    
2026-03-20 14:04:15,027: ------------------------------------------------------------
2026-03-20 14:04:15,027:    100%    320000     0.9997     0.9741     0.9840     0.9644    
2026-03-20 14:04:15,027: 
LSTM:
2026-03-20 14:04:15,027: Fraction   Train N    Test AUC   Test F1    Precision  Recall    
2026-03-20 14:04:15,027: ------------------------------------------------------------
2026-03-20 14:04:15,027:    100%    320000     1.0000     1.0000     1.0000     1.0000    
2026-03-20 14:04:15,027: 
RNNTransformer:
2026-03-20 14:04:15,027: Fraction   Train N    Test AUC   Test F1    Precision  Recall    
2026-03-20 14:04:15,027: ------------------------------------------------------------
2026-03-20 14:04:15,028:    100%    320000     1.0000     1.0000     1.0000     1.0000    
INFO:    gocryptfs not found, will not be able to use gocryptfs
/usr/bin/rm: cannot remove '/usr/local/cuda/compat/lib': Read-only file system
rm: cannot remove '/usr/local/cuda/compat/lib': Read-only file system
2026-03-20 14:04:21,118: Arguments:
2026-03-20 14:04:21,118:   batch_size: 64
2026-03-20 14:04:21,118:   epochs: 30
2026-03-20 14:04:21,119:   fractions: 1.0
2026-03-20 14:04:21,119:   label_column: Outcome
2026-03-20 14:04:21,119:   models: Transformer,LSTM,RNNTransformer
2026-03-20 14:04:21,119:   no_search: False
2026-03-20 14:04:21,119:   number_to_use: 131
2026-03-20 14:04:21,119:   optimal: True
2026-03-20 14:04:21,119:   output_dir: /cluster/work/projects/nn12048k/michechi/results/sensitivity/
2026-03-20 14:04:21,119:   path_csv: /cluster/home/michechi/MIMICIV/data/simulation/sensitivity/
2026-03-20 14:04:21,119:   patience: 3
2026-03-20 14:04:21,120:   seed: 9550
2026-03-20 14:04:21,120:   sequence_column: Sequences
2026-03-20 14:04:21,120:   sequence_separator: 
2026-03-20 14:04:21,712: Using device: cuda
2026-03-20 14:04:21,713: Loading data from: /cluster/home/michechi/MIMICIV/data/simulation/sensitivity/
2026-03-20 14:04:22,582: Data loaded - Train: 320000, Val: 40000, Test: 40000
2026-03-20 14:04:22,604: Maximum sequence length: 20
2026-03-20 14:04:22,605: Testing fractions: [1.0]
2026-03-20 14:04:22,605: Models to train: ['Transformer', 'LSTM', 'RNNTransformer']
2026-03-20 14:04:22,606: Using OPTIMAL configurations
2026-03-20 14:04:22,606: 
======================================================================
2026-03-20 14:04:22,606: MODEL: Transformer
2026-03-20 14:04:22,606: ======================================================================
2026-03-20 14:04:22,606: --------------------------------------------------
2026-03-20 14:04:22,606: Training Transformer with 100% of training data
2026-03-20 14:04:22,606: --------------------------------------------------
2026-03-20 14:04:22,606: Training subset size: 320000
2026-03-20 14:06:48,991:   Epoch [5/30] Train Loss: 0.0174, Val F1: 0.9752, Val AUC: 0.9998
2026-03-20 14:09:13,991:   Epoch [10/30] Train Loss: 0.0151, Val F1: 0.9761, Val AUC: 0.9998
2026-03-20 14:09:43,053:   Early stopping at epoch 11
2026-03-20 14:09:44,283: Transformer @ 100% - Test AUC: 0.9998, Test F1: 0.9774, Precision: 0.9894, Recall: 0.9657, Time: 321.7s
2026-03-20 14:09:44,284:   Confusion Matrix: TN=35026, FP=51, FN=169, TP=4754
2026-03-20 14:09:44,368: 
======================================================================
2026-03-20 14:09:44,368: MODEL: LSTM
2026-03-20 14:09:44,369: ======================================================================
2026-03-20 14:09:44,369: --------------------------------------------------
2026-03-20 14:09:44,369: Training LSTM with 100% of training data
2026-03-20 14:09:44,369: --------------------------------------------------
2026-03-20 14:09:44,369: Training subset size: 320000
2026-03-20 14:10:48,749:   Epoch [5/30] Train Loss: 0.0020, Val F1: 0.9981, Val AUC: 1.0000
2026-03-20 14:11:53,696:   Epoch [10/30] Train Loss: 0.0009, Val F1: 0.9991, Val AUC: 1.0000
2026-03-20 14:12:33,011:   Early stopping at epoch 13
2026-03-20 14:12:33,789: LSTM @ 100% - Test AUC: 1.0000, Test F1: 0.9992, Precision: 0.9998, Recall: 0.9986, Time: 169.4s
2026-03-20 14:12:33,789:   Confusion Matrix: TN=35076, FP=1, FN=7, TP=4916
2026-03-20 14:12:33,870: 
======================================================================
2026-03-20 14:12:33,870: MODEL: RNNTransformer
2026-03-20 14:12:33,870: ======================================================================
2026-03-20 14:12:33,870: --------------------------------------------------
2026-03-20 14:12:33,870: Training RNNTransformer with 100% of training data
2026-03-20 14:12:33,870: --------------------------------------------------
2026-03-20 14:12:33,871: Training subset size: 320000
2026-03-20 14:14:46,662:   Epoch [5/30] Train Loss: 0.0039, Val F1: 0.9975, Val AUC: 1.0000
2026-03-20 14:17:00,263:   Epoch [10/30] Train Loss: 0.0017, Val F1: 0.9985, Val AUC: 1.0000
2026-03-20 14:19:13,764:   Epoch [15/30] Train Loss: 0.0009, Val F1: 0.9983, Val AUC: 1.0000
2026-03-20 14:21:27,335:   Epoch [20/30] Train Loss: 0.0007, Val F1: 0.9985, Val AUC: 1.0000
2026-03-20 14:21:54,093:   Early stopping at epoch 21
2026-03-20 14:21:55,324: RNNTransformer @ 100% - Test AUC: 1.0000, Test F1: 0.9990, Precision: 0.9990, Recall: 0.9990, Time: 561.5s
2026-03-20 14:21:55,324:   Confusion Matrix: TN=35072, FP=5, FN=5, TP=4918
2026-03-20 14:21:55,412: 
Results saved to: /cluster/work/projects/nn12048k/michechi/results/sensitivity/dl_fraction_experiment_131_OPTIMAL_20260320_142155.csv
2026-03-20 14:21:55,413: Detailed results saved to: /cluster/work/projects/nn12048k/michechi/results/sensitivity/dl_fraction_experiment_131_OPTIMAL_20260320_142155.json
2026-03-20 14:21:55,414: 
======================================================================
2026-03-20 14:21:55,414: EXPERIMENT SUMMARY
2026-03-20 14:21:55,414: ======================================================================
2026-03-20 14:21:55,414: 
Transformer:
2026-03-20 14:21:55,414: Fraction   Train N    Test AUC   Test F1    Precision  Recall    
2026-03-20 14:21:55,414: ------------------------------------------------------------
2026-03-20 14:21:55,414:    100%    320000     0.9998     0.9774     0.9894     0.9657    
2026-03-20 14:21:55,414: 
LSTM:
2026-03-20 14:21:55,415: Fraction   Train N    Test AUC   Test F1    Precision  Recall    
2026-03-20 14:21:55,415: ------------------------------------------------------------
2026-03-20 14:21:55,415:    100%    320000     1.0000     0.9992     0.9998     0.9986    
2026-03-20 14:21:55,415: 
RNNTransformer:
2026-03-20 14:21:55,415: Fraction   Train N    Test AUC   Test F1    Precision  Recall    
2026-03-20 14:21:55,415: ------------------------------------------------------------
2026-03-20 14:21:55,415:    100%    320000     1.0000     0.9990     0.9990     0.9990    
INFO:    gocryptfs not found, will not be able to use gocryptfs
/usr/bin/rm: cannot remove '/usr/local/cuda/compat/lib': Read-only file system
rm: cannot remove '/usr/local/cuda/compat/lib': Read-only file system
2026-03-20 14:22:01,528: Arguments:
2026-03-20 14:22:01,529:   batch_size: 64
2026-03-20 14:22:01,529:   epochs: 30
2026-03-20 14:22:01,529:   fractions: 1.0
2026-03-20 14:22:01,529:   label_column: Outcome
2026-03-20 14:22:01,529:   models: Transformer,LSTM,RNNTransformer
2026-03-20 14:22:01,529:   no_search: False
2026-03-20 14:22:01,529:   number_to_use: 132
2026-03-20 14:22:01,530:   optimal: True
2026-03-20 14:22:01,530:   output_dir: /cluster/work/projects/nn12048k/michechi/results/sensitivity/
2026-03-20 14:22:01,530:   path_csv: /cluster/home/michechi/MIMICIV/data/simulation/sensitivity/
2026-03-20 14:22:01,530:   patience: 3
2026-03-20 14:22:01,530:   seed: 9550
2026-03-20 14:22:01,530:   sequence_column: Sequences
2026-03-20 14:22:01,530:   sequence_separator: 
2026-03-20 14:22:02,103: Using device: cuda
2026-03-20 14:22:02,104: Loading data from: /cluster/home/michechi/MIMICIV/data/simulation/sensitivity/
2026-03-20 14:22:02,913: Data loaded - Train: 320000, Val: 40000, Test: 40000
2026-03-20 14:22:02,936: Maximum sequence length: 20
2026-03-20 14:22:02,937: Testing fractions: [1.0]
2026-03-20 14:22:02,937: Models to train: ['Transformer', 'LSTM', 'RNNTransformer']
2026-03-20 14:22:02,937: Using OPTIMAL configurations
2026-03-20 14:22:02,937: 
======================================================================
2026-03-20 14:22:02,937: MODEL: Transformer
2026-03-20 14:22:02,937: ======================================================================
2026-03-20 14:22:02,937: --------------------------------------------------
2026-03-20 14:22:02,937: Training Transformer with 100% of training data
2026-03-20 14:22:02,937: --------------------------------------------------
2026-03-20 14:22:02,938: Training subset size: 320000
2026-03-20 14:24:28,352:   Epoch [5/30] Train Loss: 0.0146, Val F1: 0.9769, Val AUC: 0.9999
2026-03-20 14:26:52,746:   Epoch [10/30] Train Loss: 0.0123, Val F1: 0.9848, Val AUC: 0.9999
2026-03-20 14:28:19,697:   Early stopping at epoch 13
2026-03-20 14:28:20,935: Transformer @ 100% - Test AUC: 0.9999, Test F1: 0.9858, Precision: 0.9913, Recall: 0.9805, Time: 378.0s
2026-03-20 14:28:20,935:   Confusion Matrix: TN=35449, FP=39, FN=88, TP=4424
2026-03-20 14:28:21,019: 
======================================================================
2026-03-20 14:28:21,020: MODEL: LSTM
2026-03-20 14:28:21,020: ======================================================================
2026-03-20 14:28:21,020: --------------------------------------------------
2026-03-20 14:28:21,020: Training LSTM with 100% of training data
2026-03-20 14:28:21,020: --------------------------------------------------
2026-03-20 14:28:21,020: Training subset size: 320000
2026-03-20 14:29:25,412:   Epoch [5/30] Train Loss: 0.0062, Val F1: 0.9939, Val AUC: 1.0000
2026-03-20 14:30:30,763:   Epoch [10/30] Train Loss: 0.0021, Val F1: 0.9937, Val AUC: 0.9999
2026-03-20 14:30:57,029:   Early stopping at epoch 12
2026-03-20 14:30:57,808: LSTM @ 100% - Test AUC: 1.0000, Test F1: 0.9966, Precision: 0.9969, Recall: 0.9962, Time: 156.8s
2026-03-20 14:30:57,809:   Confusion Matrix: TN=35474, FP=14, FN=17, TP=4495
2026-03-20 14:30:57,891: 
======================================================================
2026-03-20 14:30:57,891: MODEL: RNNTransformer
2026-03-20 14:30:57,891: ======================================================================
2026-03-20 14:30:57,891: --------------------------------------------------
2026-03-20 14:30:57,891: Training RNNTransformer with 100% of training data
2026-03-20 14:30:57,891: --------------------------------------------------
2026-03-20 14:30:57,892: Training subset size: 320000
2026-03-20 14:33:10,387:   Epoch [5/30] Train Loss: 0.0159, Val F1: 0.9793, Val AUC: 0.9997
2026-03-20 14:35:24,047:   Epoch [10/30] Train Loss: 0.0126, Val F1: 0.9837, Val AUC: 0.9998
2026-03-20 14:36:44,449:   Early stopping at epoch 13
2026-03-20 14:36:45,689: RNNTransformer @ 100% - Test AUC: 0.9998, Test F1: 0.9844, Precision: 0.9819, Recall: 0.9869, Time: 347.8s
2026-03-20 14:36:45,689:   Confusion Matrix: TN=35406, FP=82, FN=59, TP=4453
2026-03-20 14:36:45,784: 
Results saved to: /cluster/work/projects/nn12048k/michechi/results/sensitivity/dl_fraction_experiment_132_OPTIMAL_20260320_143645.csv
2026-03-20 14:36:45,785: Detailed results saved to: /cluster/work/projects/nn12048k/michechi/results/sensitivity/dl_fraction_experiment_132_OPTIMAL_20260320_143645.json
2026-03-20 14:36:45,785: 
======================================================================
2026-03-20 14:36:45,786: EXPERIMENT SUMMARY
2026-03-20 14:36:45,786: ======================================================================
2026-03-20 14:36:45,786: 
Transformer:
2026-03-20 14:36:45,786: Fraction   Train N    Test AUC   Test F1    Precision  Recall    
2026-03-20 14:36:45,786: ------------------------------------------------------------
2026-03-20 14:36:45,786:    100%    320000     0.9999     0.9858     0.9913     0.9805    
2026-03-20 14:36:45,786: 
LSTM:
2026-03-20 14:36:45,786: Fraction   Train N    Test AUC   Test F1    Precision  Recall    
2026-03-20 14:36:45,787: ------------------------------------------------------------
2026-03-20 14:36:45,787:    100%    320000     1.0000     0.9966     0.9969     0.9962    
2026-03-20 14:36:45,787: 
RNNTransformer:
2026-03-20 14:36:45,787: Fraction   Train N    Test AUC   Test F1    Precision  Recall    
2026-03-20 14:36:45,787: ------------------------------------------------------------
2026-03-20 14:36:45,787:    100%    320000     0.9998     0.9844     0.9819     0.9869    
INFO:    gocryptfs not found, will not be able to use gocryptfs
/usr/bin/rm: cannot remove '/usr/local/cuda/compat/lib': Read-only file system
rm: cannot remove '/usr/local/cuda/compat/lib': Read-only file system
2026-03-20 14:36:51,886: Arguments:
2026-03-20 14:36:51,886:   batch_size: 64
2026-03-20 14:36:51,886:   epochs: 30
2026-03-20 14:36:51,886:   fractions: 1.0
2026-03-20 14:36:51,886:   label_column: Outcome
2026-03-20 14:36:51,887:   models: Transformer,LSTM,RNNTransformer
2026-03-20 14:36:51,887:   no_search: False
2026-03-20 14:36:51,887:   number_to_use: 133
2026-03-20 14:36:51,887:   optimal: True
2026-03-20 14:36:51,887:   output_dir: /cluster/work/projects/nn12048k/michechi/results/sensitivity/
2026-03-20 14:36:51,887:   path_csv: /cluster/home/michechi/MIMICIV/data/simulation/sensitivity/
2026-03-20 14:36:51,887:   patience: 3
2026-03-20 14:36:51,887:   seed: 9550
2026-03-20 14:36:51,887:   sequence_column: Sequences
2026-03-20 14:36:51,887:   sequence_separator: 
2026-03-20 14:36:52,465: Using device: cuda
2026-03-20 14:36:52,465: Loading data from: /cluster/home/michechi/MIMICIV/data/simulation/sensitivity/
2026-03-20 14:36:53,321: Data loaded - Train: 320000, Val: 40000, Test: 40000
2026-03-20 14:36:53,344: Maximum sequence length: 20
2026-03-20 14:36:53,345: Testing fractions: [1.0]
2026-03-20 14:36:53,345: Models to train: ['Transformer', 'LSTM', 'RNNTransformer']
2026-03-20 14:36:53,345: Using OPTIMAL configurations
2026-03-20 14:36:53,345: 
======================================================================
2026-03-20 14:36:53,345: MODEL: Transformer
2026-03-20 14:36:53,345: ======================================================================
2026-03-20 14:36:53,345: --------------------------------------------------
2026-03-20 14:36:53,346: Training Transformer with 100% of training data
2026-03-20 14:36:53,346: --------------------------------------------------
2026-03-20 14:36:53,346: Training subset size: 320000
2026-03-20 14:39:19,437:   Epoch [5/30] Train Loss: 0.0064, Val F1: 0.9976, Val AUC: 1.0000
2026-03-20 14:41:15,631:   Early stopping at epoch 9
2026-03-20 14:41:16,862: Transformer @ 100% - Test AUC: 1.0000, Test F1: 0.9993, Precision: 0.9994, Recall: 0.9992, Time: 263.5s
2026-03-20 14:41:16,862:   Confusion Matrix: TN=36381, FP=2, FN=3, TP=3614
2026-03-20 14:41:16,947: 
======================================================================
2026-03-20 14:41:16,947: MODEL: LSTM
2026-03-20 14:41:16,947: ======================================================================
2026-03-20 14:41:16,947: --------------------------------------------------
2026-03-20 14:41:16,947: Training LSTM with 100% of training data
2026-03-20 14:41:16,948: --------------------------------------------------
2026-03-20 14:41:16,948: Training subset size: 320000
2026-03-20 14:42:21,874:   Epoch [5/30] Train Loss: 0.0256, Val F1: 0.9519, Val AUC: 0.9993
2026-03-20 14:43:27,302:   Epoch [10/30] Train Loss: 0.0115, Val F1: 0.9807, Val AUC: 0.9998
2026-03-20 14:44:33,140:   Epoch [15/30] Train Loss: 0.0071, Val F1: 0.9874, Val AUC: 0.9999
2026-03-20 14:45:39,256:   Epoch [20/30] Train Loss: 0.0050, Val F1: 0.9888, Val AUC: 0.9999
2026-03-20 14:46:05,858:   Early stopping at epoch 22
2026-03-20 14:46:06,636: LSTM @ 100% - Test AUC: 0.9999, Test F1: 0.9882, Precision: 0.9933, Recall: 0.9831, Time: 289.7s
2026-03-20 14:46:06,637:   Confusion Matrix: TN=36359, FP=24, FN=61, TP=3556
2026-03-20 14:46:06,718: 
======================================================================
2026-03-20 14:46:06,719: MODEL: RNNTransformer
2026-03-20 14:46:06,719: ======================================================================
2026-03-20 14:46:06,719: --------------------------------------------------
2026-03-20 14:46:06,719: Training RNNTransformer with 100% of training data
2026-03-20 14:46:06,719: --------------------------------------------------
2026-03-20 14:46:06,719: Training subset size: 320000
2026-03-20 14:48:18,976:   Epoch [5/30] Train Loss: 0.0116, Val F1: 0.9939, Val AUC: 1.0000
2026-03-20 14:50:32,181:   Epoch [10/30] Train Loss: 0.0088, Val F1: 0.9907, Val AUC: 0.9999
2026-03-20 14:50:58,965:   Early stopping at epoch 11
2026-03-20 14:51:00,192: RNNTransformer @ 100% - Test AUC: 1.0000, Test F1: 0.9963, Precision: 0.9986, Recall: 0.9939, Time: 293.5s
2026-03-20 14:51:00,192:   Confusion Matrix: TN=36378, FP=5, FN=22, TP=3595
2026-03-20 14:51:00,281: 
Results saved to: /cluster/work/projects/nn12048k/michechi/results/sensitivity/dl_fraction_experiment_133_OPTIMAL_20260320_145100.csv
2026-03-20 14:51:00,283: Detailed results saved to: /cluster/work/projects/nn12048k/michechi/results/sensitivity/dl_fraction_experiment_133_OPTIMAL_20260320_145100.json
2026-03-20 14:51:00,283: 
======================================================================
2026-03-20 14:51:00,283: EXPERIMENT SUMMARY
2026-03-20 14:51:00,283: ======================================================================
2026-03-20 14:51:00,283: 
Transformer:
2026-03-20 14:51:00,283: Fraction   Train N    Test AUC   Test F1    Precision  Recall    
2026-03-20 14:51:00,283: ------------------------------------------------------------
2026-03-20 14:51:00,283:    100%    320000     1.0000     0.9993     0.9994     0.9992    
2026-03-20 14:51:00,284: 
LSTM:
2026-03-20 14:51:00,284: Fraction   Train N    Test AUC   Test F1    Precision  Recall    
2026-03-20 14:51:00,284: ------------------------------------------------------------
2026-03-20 14:51:00,284:    100%    320000     0.9999     0.9882     0.9933     0.9831    
2026-03-20 14:51:00,284: 
RNNTransformer:
2026-03-20 14:51:00,284: Fraction   Train N    Test AUC   Test F1    Precision  Recall    
2026-03-20 14:51:00,284: ------------------------------------------------------------
2026-03-20 14:51:00,284:    100%    320000     1.0000     0.9963     0.9986     0.9939    
INFO:    gocryptfs not found, will not be able to use gocryptfs
/usr/bin/rm: cannot remove '/usr/local/cuda/compat/lib': Read-only file system
rm: cannot remove '/usr/local/cuda/compat/lib': Read-only file system
2026-03-20 14:51:07,083: Arguments:
2026-03-20 14:51:07,084:   batch_size: 64
2026-03-20 14:51:07,084:   epochs: 30
2026-03-20 14:51:07,084:   fractions: 1.0
2026-03-20 14:51:07,084:   label_column: Outcome
2026-03-20 14:51:07,084:   models: Transformer,LSTM,RNNTransformer
2026-03-20 14:51:07,084:   no_search: False
2026-03-20 14:51:07,084:   number_to_use: 134
2026-03-20 14:51:07,084:   optimal: True
2026-03-20 14:51:07,084:   output_dir: /cluster/work/projects/nn12048k/michechi/results/sensitivity/
2026-03-20 14:51:07,085:   path_csv: /cluster/home/michechi/MIMICIV/data/simulation/sensitivity/
2026-03-20 14:51:07,085:   patience: 3
2026-03-20 14:51:07,085:   seed: 9550
2026-03-20 14:51:07,085:   sequence_column: Sequences
2026-03-20 14:51:07,085:   sequence_separator: 
2026-03-20 14:51:07,657: Using device: cuda
2026-03-20 14:51:07,657: Loading data from: /cluster/home/michechi/MIMICIV/data/simulation/sensitivity/
2026-03-20 14:51:08,532: Data loaded - Train: 320000, Val: 40000, Test: 40000
2026-03-20 14:51:08,554: Maximum sequence length: 20
2026-03-20 14:51:08,555: Testing fractions: [1.0]
2026-03-20 14:51:08,555: Models to train: ['Transformer', 'LSTM', 'RNNTransformer']
2026-03-20 14:51:08,556: Using OPTIMAL configurations
2026-03-20 14:51:08,556: 
======================================================================
2026-03-20 14:51:08,556: MODEL: Transformer
2026-03-20 14:51:08,556: ======================================================================
2026-03-20 14:51:08,556: --------------------------------------------------
2026-03-20 14:51:08,556: Training Transformer with 100% of training data
2026-03-20 14:51:08,556: --------------------------------------------------
2026-03-20 14:51:08,556: Training subset size: 320000
2026-03-20 14:53:05,203:   Early stopping at epoch 4
2026-03-20 14:53:06,422: Transformer @ 100% - Test AUC: 1.0000, Test F1: 1.0000, Precision: 1.0000, Recall: 1.0000, Time: 117.9s
2026-03-20 14:53:06,422:   Confusion Matrix: TN=36575, FP=0, FN=0, TP=3425
2026-03-20 14:53:06,503: 
======================================================================
2026-03-20 14:53:06,504: MODEL: LSTM
2026-03-20 14:53:06,504: ======================================================================
2026-03-20 14:53:06,504: --------------------------------------------------
2026-03-20 14:53:06,504: Training LSTM with 100% of training data
2026-03-20 14:53:06,504: --------------------------------------------------
2026-03-20 14:53:06,504: Training subset size: 320000
2026-03-20 14:54:11,136:   Epoch [5/30] Train Loss: 0.0295, Val F1: 0.9369, Val AUC: 0.9986
2026-03-20 14:55:16,595:   Epoch [10/30] Train Loss: 0.0152, Val F1: 0.9675, Val AUC: 0.9997
2026-03-20 14:56:22,586:   Epoch [15/30] Train Loss: 0.0093, Val F1: 0.9842, Val AUC: 0.9999
2026-03-20 14:57:28,406:   Epoch [20/30] Train Loss: 0.0062, Val F1: 0.9863, Val AUC: 0.9999
2026-03-20 14:57:41,613:   Early stopping at epoch 21
2026-03-20 14:57:42,395: LSTM @ 100% - Test AUC: 0.9999, Test F1: 0.9835, Precision: 0.9911, Recall: 0.9761, Time: 275.9s
2026-03-20 14:57:42,395:   Confusion Matrix: TN=36545, FP=30, FN=82, TP=3343
2026-03-20 14:57:42,474: 
======================================================================
2026-03-20 14:57:42,475: MODEL: RNNTransformer
2026-03-20 14:57:42,475: ======================================================================
2026-03-20 14:57:42,475: --------------------------------------------------
2026-03-20 14:57:42,475: Training RNNTransformer with 100% of training data
2026-03-20 14:57:42,475: --------------------------------------------------
2026-03-20 14:57:42,475: Training subset size: 320000
2026-03-20 14:59:55,373:   Epoch [5/30] Train Loss: 0.0144, Val F1: 0.9928, Val AUC: 1.0000
2026-03-20 15:02:09,576:   Epoch [10/30] Train Loss: 0.0088, Val F1: 0.9980, Val AUC: 1.0000
2026-03-20 15:03:30,492:   Early stopping at epoch 13
2026-03-20 15:03:31,732: RNNTransformer @ 100% - Test AUC: 1.0000, Test F1: 0.9980, Precision: 0.9997, Recall: 0.9962, Time: 349.3s
2026-03-20 15:03:31,732:   Confusion Matrix: TN=36574, FP=1, FN=13, TP=3412
2026-03-20 15:03:31,819: 
Results saved to: /cluster/work/projects/nn12048k/michechi/results/sensitivity/dl_fraction_experiment_134_OPTIMAL_20260320_150331.csv
2026-03-20 15:03:31,820: Detailed results saved to: /cluster/work/projects/nn12048k/michechi/results/sensitivity/dl_fraction_experiment_134_OPTIMAL_20260320_150331.json
2026-03-20 15:03:31,821: 
======================================================================
2026-03-20 15:03:31,821: EXPERIMENT SUMMARY
2026-03-20 15:03:31,821: ======================================================================
2026-03-20 15:03:31,821: 
Transformer:
2026-03-20 15:03:31,821: Fraction   Train N    Test AUC   Test F1    Precision  Recall    
2026-03-20 15:03:31,821: ------------------------------------------------------------
2026-03-20 15:03:31,821:    100%    320000     1.0000     1.0000     1.0000     1.0000    
2026-03-20 15:03:31,821: 
LSTM:
2026-03-20 15:03:31,822: Fraction   Train N    Test AUC   Test F1    Precision  Recall    
2026-03-20 15:03:31,822: ------------------------------------------------------------
2026-03-20 15:03:31,822:    100%    320000     0.9999     0.9835     0.9911     0.9761    
2026-03-20 15:03:31,822: 
RNNTransformer:
2026-03-20 15:03:31,822: Fraction   Train N    Test AUC   Test F1    Precision  Recall    
2026-03-20 15:03:31,822: ------------------------------------------------------------
2026-03-20 15:03:31,822:    100%    320000     1.0000     0.9980     0.9997     0.9962    
INFO:    gocryptfs not found, will not be able to use gocryptfs
/usr/bin/rm: cannot remove '/usr/local/cuda/compat/lib': Read-only file system
rm: cannot remove '/usr/local/cuda/compat/lib': Read-only file system
2026-03-20 15:03:38,037: Arguments:
2026-03-20 15:03:38,037:   batch_size: 64
2026-03-20 15:03:38,037:   epochs: 30
2026-03-20 15:03:38,037:   fractions: 1.0
2026-03-20 15:03:38,037:   label_column: Outcome
2026-03-20 15:03:38,037:   models: Transformer,LSTM,RNNTransformer
2026-03-20 15:03:38,038:   no_search: False
2026-03-20 15:03:38,038:   number_to_use: 140
2026-03-20 15:03:38,038:   optimal: True
2026-03-20 15:03:38,038:   output_dir: /cluster/work/projects/nn12048k/michechi/results/sensitivity/
2026-03-20 15:03:38,038:   path_csv: /cluster/home/michechi/MIMICIV/data/simulation/sensitivity/
2026-03-20 15:03:38,038:   patience: 3
2026-03-20 15:03:38,038:   seed: 9550
2026-03-20 15:03:38,038:   sequence_column: Sequences
2026-03-20 15:03:38,038:   sequence_separator: 
2026-03-20 15:03:38,605: Using device: cuda
2026-03-20 15:03:38,605: Loading data from: /cluster/home/michechi/MIMICIV/data/simulation/sensitivity/
2026-03-20 15:03:39,414: Data loaded - Train: 320000, Val: 40000, Test: 40000
2026-03-20 15:03:39,437: Maximum sequence length: 20
2026-03-20 15:03:39,438: Testing fractions: [1.0]
2026-03-20 15:03:39,438: Models to train: ['Transformer', 'LSTM', 'RNNTransformer']
2026-03-20 15:03:39,438: Using OPTIMAL configurations
2026-03-20 15:03:39,438: 
======================================================================
2026-03-20 15:03:39,438: MODEL: Transformer
2026-03-20 15:03:39,438: ======================================================================
2026-03-20 15:03:39,439: --------------------------------------------------
2026-03-20 15:03:39,439: Training Transformer with 100% of training data
2026-03-20 15:03:39,439: --------------------------------------------------
2026-03-20 15:03:39,439: Training subset size: 320000
2026-03-20 15:05:59,075:   Epoch [5/30] Train Loss: 0.1469, Val F1: 0.9866, Val AUC: 0.9986
2026-03-20 15:08:17,662:   Epoch [10/30] Train Loss: 0.1025, Val F1: 0.9910, Val AUC: 0.9993
2026-03-20 15:10:36,585:   Epoch [15/30] Train Loss: 0.0847, Val F1: 0.9937, Val AUC: 0.9994
2026-03-20 15:10:36,585:   Early stopping at epoch 15
2026-03-20 15:10:37,808: Transformer @ 100% - Test AUC: 0.9994, Test F1: 0.9933, Precision: 0.9953, Recall: 0.9913, Time: 418.4s
2026-03-20 15:10:37,808:   Confusion Matrix: TN=18183, FP=102, FN=190, TP=21525
2026-03-20 15:10:37,893: 
======================================================================
2026-03-20 15:10:37,893: MODEL: LSTM
2026-03-20 15:10:37,893: ======================================================================
2026-03-20 15:10:37,893: --------------------------------------------------
2026-03-20 15:10:37,894: Training LSTM with 100% of training data
2026-03-20 15:10:37,894: --------------------------------------------------
2026-03-20 15:10:37,894: Training subset size: 320000
2026-03-20 15:11:41,250:   Epoch [5/30] Train Loss: 0.0006, Val F1: 1.0000, Val AUC: 1.0000
2026-03-20 15:11:53,960:   Early stopping at epoch 6
2026-03-20 15:11:54,734: LSTM @ 100% - Test AUC: 1.0000, Test F1: 1.0000, Precision: 1.0000, Recall: 1.0000, Time: 76.8s
2026-03-20 15:11:54,734:   Confusion Matrix: TN=18285, FP=0, FN=0, TP=21715
2026-03-20 15:11:54,814: 
======================================================================
2026-03-20 15:11:54,814: MODEL: RNNTransformer
2026-03-20 15:11:54,815: ======================================================================
2026-03-20 15:11:54,815: --------------------------------------------------
2026-03-20 15:11:54,815: Training RNNTransformer with 100% of training data
2026-03-20 15:11:54,815: --------------------------------------------------
2026-03-20 15:11:54,815: Training subset size: 320000
2026-03-20 15:14:01,840:   Epoch [5/30] Train Loss: 0.0011, Val F1: 1.0000, Val AUC: 1.0000
2026-03-20 15:15:18,895:   Early stopping at epoch 8
2026-03-20 15:15:20,089: RNNTransformer @ 100% - Test AUC: 1.0000, Test F1: 1.0000, Precision: 1.0000, Recall: 1.0000, Time: 205.3s
2026-03-20 15:15:20,089:   Confusion Matrix: TN=18284, FP=1, FN=0, TP=21715
2026-03-20 15:15:20,177: 
Results saved to: /cluster/work/projects/nn12048k/michechi/results/sensitivity/dl_fraction_experiment_140_OPTIMAL_20260320_151520.csv
2026-03-20 15:15:20,178: Detailed results saved to: /cluster/work/projects/nn12048k/michechi/results/sensitivity/dl_fraction_experiment_140_OPTIMAL_20260320_151520.json
2026-03-20 15:15:20,179: 
======================================================================
2026-03-20 15:15:20,179: EXPERIMENT SUMMARY
2026-03-20 15:15:20,179: ======================================================================
2026-03-20 15:15:20,179: 
Transformer:
2026-03-20 15:15:20,179: Fraction   Train N    Test AUC   Test F1    Precision  Recall    
2026-03-20 15:15:20,179: ------------------------------------------------------------
2026-03-20 15:15:20,179:    100%    320000     0.9994     0.9933     0.9953     0.9913    
2026-03-20 15:15:20,179: 
LSTM:
2026-03-20 15:15:20,179: Fraction   Train N    Test AUC   Test F1    Precision  Recall    
2026-03-20 15:15:20,180: ------------------------------------------------------------
2026-03-20 15:15:20,180:    100%    320000     1.0000     1.0000     1.0000     1.0000    
2026-03-20 15:15:20,180: 
RNNTransformer:
2026-03-20 15:15:20,180: Fraction   Train N    Test AUC   Test F1    Precision  Recall    
2026-03-20 15:15:20,180: ------------------------------------------------------------
2026-03-20 15:15:20,180:    100%    320000     1.0000     1.0000     1.0000     1.0000    
INFO:    gocryptfs not found, will not be able to use gocryptfs
/usr/bin/rm: cannot remove '/usr/local/cuda/compat/lib': Read-only file system
rm: cannot remove '/usr/local/cuda/compat/lib': Read-only file system
2026-03-20 15:15:26,210: Arguments:
2026-03-20 15:15:26,211:   batch_size: 64
2026-03-20 15:15:26,211:   epochs: 30
2026-03-20 15:15:26,211:   fractions: 1.0
2026-03-20 15:15:26,211:   label_column: Outcome
2026-03-20 15:15:26,211:   models: Transformer,LSTM,RNNTransformer
2026-03-20 15:15:26,211:   no_search: False
2026-03-20 15:15:26,211:   number_to_use: 141
2026-03-20 15:15:26,211:   optimal: True
2026-03-20 15:15:26,211:   output_dir: /cluster/work/projects/nn12048k/michechi/results/sensitivity/
2026-03-20 15:15:26,212:   path_csv: /cluster/home/michechi/MIMICIV/data/simulation/sensitivity/
2026-03-20 15:15:26,212:   patience: 3
2026-03-20 15:15:26,212:   seed: 9550
2026-03-20 15:15:26,212:   sequence_column: Sequences
2026-03-20 15:15:26,212:   sequence_separator: 
2026-03-20 15:15:26,773: Using device: cuda
2026-03-20 15:15:26,774: Loading data from: /cluster/home/michechi/MIMICIV/data/simulation/sensitivity/
2026-03-20 15:15:27,602: Data loaded - Train: 320000, Val: 40000, Test: 40000
2026-03-20 15:15:27,625: Maximum sequence length: 20
2026-03-20 15:15:27,626: Testing fractions: [1.0]
2026-03-20 15:15:27,626: Models to train: ['Transformer', 'LSTM', 'RNNTransformer']
2026-03-20 15:15:27,626: Using OPTIMAL configurations
2026-03-20 15:15:27,626: 
======================================================================
2026-03-20 15:15:27,626: MODEL: Transformer
2026-03-20 15:15:27,626: ======================================================================
2026-03-20 15:15:27,626: --------------------------------------------------
2026-03-20 15:15:27,626: Training Transformer with 100% of training data
2026-03-20 15:15:27,627: --------------------------------------------------
2026-03-20 15:15:27,627: Training subset size: 320000
2026-03-20 15:17:52,438:   Epoch [5/30] Train Loss: 0.1331, Val F1: 0.9886, Val AUC: 0.9955
2026-03-20 15:20:16,689:   Epoch [10/30] Train Loss: 0.0875, Val F1: 0.9939, Val AUC: 0.9981
2026-03-20 15:22:41,472:   Epoch [15/30] Train Loss: 0.0580, Val F1: 0.9983, Val AUC: 0.9996
2026-03-20 15:24:08,496:   Early stopping at epoch 18
2026-03-20 15:24:09,733: Transformer @ 100% - Test AUC: 0.9996, Test F1: 0.9980, Precision: 0.9998, Recall: 0.9963, Time: 522.1s
2026-03-20 15:24:09,733:   Confusion Matrix: TN=18185, FP=5, FN=80, TP=21730
2026-03-20 15:24:09,817: 
======================================================================
2026-03-20 15:24:09,817: MODEL: LSTM
2026-03-20 15:24:09,817: ======================================================================
2026-03-20 15:24:09,817: --------------------------------------------------
2026-03-20 15:24:09,818: Training LSTM with 100% of training data
2026-03-20 15:24:09,818: --------------------------------------------------
2026-03-20 15:24:09,818: Training subset size: 320000
2026-03-20 15:25:14,695:   Epoch [5/30] Train Loss: 0.0113, Val F1: 0.9982, Val AUC: 1.0000
2026-03-20 15:26:20,046:   Epoch [10/30] Train Loss: 0.0044, Val F1: 0.9990, Val AUC: 1.0000
2026-03-20 15:27:26,014:   Epoch [15/30] Train Loss: 0.0029, Val F1: 0.9993, Val AUC: 1.0000
2026-03-20 15:27:26,014:   Early stopping at epoch 15
2026-03-20 15:27:26,794: LSTM @ 100% - Test AUC: 1.0000, Test F1: 0.9995, Precision: 0.9997, Recall: 0.9994, Time: 197.0s
2026-03-20 15:27:26,794:   Confusion Matrix: TN=18184, FP=6, FN=14, TP=21796
2026-03-20 15:27:26,875: 
======================================================================
2026-03-20 15:27:26,875: MODEL: RNNTransformer
2026-03-20 15:27:26,875: ======================================================================
2026-03-20 15:27:26,875: --------------------------------------------------
2026-03-20 15:27:26,875: Training RNNTransformer with 100% of training data
2026-03-20 15:27:26,876: --------------------------------------------------
2026-03-20 15:27:26,876: Training subset size: 320000
2026-03-20 15:29:38,359:   Epoch [5/30] Train Loss: 0.0370, Val F1: 0.9884, Val AUC: 0.9992
2026-03-20 15:31:50,781:   Epoch [10/30] Train Loss: 0.0279, Val F1: 0.9914, Val AUC: 0.9995
2026-03-20 15:34:03,790:   Epoch [15/30] Train Loss: 0.0478, Val F1: 0.9914, Val AUC: 0.9991
2026-03-20 15:34:30,391:   Early stopping at epoch 16
2026-03-20 15:34:31,620: RNNTransformer @ 100% - Test AUC: 0.9994, Test F1: 0.9923, Precision: 0.9926, Recall: 0.9920, Time: 424.7s
2026-03-20 15:34:31,620:   Confusion Matrix: TN=18029, FP=161, FN=174, TP=21636
2026-03-20 15:34:31,714: 
Results saved to: /cluster/work/projects/nn12048k/michechi/results/sensitivity/dl_fraction_experiment_141_OPTIMAL_20260320_153431.csv
2026-03-20 15:34:31,715: Detailed results saved to: /cluster/work/projects/nn12048k/michechi/results/sensitivity/dl_fraction_experiment_141_OPTIMAL_20260320_153431.json
2026-03-20 15:34:31,716: 
======================================================================
2026-03-20 15:34:31,716: EXPERIMENT SUMMARY
2026-03-20 15:34:31,716: ======================================================================
2026-03-20 15:34:31,716: 
Transformer:
2026-03-20 15:34:31,716: Fraction   Train N    Test AUC   Test F1    Precision  Recall    
2026-03-20 15:34:31,716: ------------------------------------------------------------
2026-03-20 15:34:31,716:    100%    320000     0.9996     0.9980     0.9998     0.9963    
2026-03-20 15:34:31,716: 
LSTM:
2026-03-20 15:34:31,717: Fraction   Train N    Test AUC   Test F1    Precision  Recall    
2026-03-20 15:34:31,717: ------------------------------------------------------------
2026-03-20 15:34:31,717:    100%    320000     1.0000     0.9995     0.9997     0.9994    
2026-03-20 15:34:31,717: 
RNNTransformer:
2026-03-20 15:34:31,717: Fraction   Train N    Test AUC   Test F1    Precision  Recall    
2026-03-20 15:34:31,717: ------------------------------------------------------------
2026-03-20 15:34:31,717:    100%    320000     0.9994     0.9923     0.9926     0.9920    
INFO:    gocryptfs not found, will not be able to use gocryptfs
/usr/bin/rm: cannot remove '/usr/local/cuda/compat/lib': Read-only file system
rm: cannot remove '/usr/local/cuda/compat/lib': Read-only file system
2026-03-20 15:34:37,829: Arguments:
2026-03-20 15:34:37,830:   batch_size: 64
2026-03-20 15:34:37,830:   epochs: 30
2026-03-20 15:34:37,830:   fractions: 1.0
2026-03-20 15:34:37,830:   label_column: Outcome
2026-03-20 15:34:37,830:   models: Transformer,LSTM,RNNTransformer
2026-03-20 15:34:37,830:   no_search: False
2026-03-20 15:34:37,830:   number_to_use: 142
2026-03-20 15:34:37,830:   optimal: True
2026-03-20 15:34:37,831:   output_dir: /cluster/work/projects/nn12048k/michechi/results/sensitivity/
2026-03-20 15:34:37,831:   path_csv: /cluster/home/michechi/MIMICIV/data/simulation/sensitivity/
2026-03-20 15:34:37,831:   patience: 3
2026-03-20 15:34:37,831:   seed: 9550
2026-03-20 15:34:37,831:   sequence_column: Sequences
2026-03-20 15:34:37,831:   sequence_separator: 
2026-03-20 15:34:38,406: Using device: cuda
2026-03-20 15:34:38,406: Loading data from: /cluster/home/michechi/MIMICIV/data/simulation/sensitivity/
2026-03-20 15:34:39,246: Data loaded - Train: 320000, Val: 40000, Test: 40000
2026-03-20 15:34:39,269: Maximum sequence length: 20
2026-03-20 15:34:39,270: Testing fractions: [1.0]
2026-03-20 15:34:39,270: Models to train: ['Transformer', 'LSTM', 'RNNTransformer']
2026-03-20 15:34:39,270: Using OPTIMAL configurations
2026-03-20 15:34:39,270: 
======================================================================
2026-03-20 15:34:39,271: MODEL: Transformer
2026-03-20 15:34:39,271: ======================================================================
2026-03-20 15:34:39,271: --------------------------------------------------
2026-03-20 15:34:39,271: Training Transformer with 100% of training data
2026-03-20 15:34:39,271: --------------------------------------------------
2026-03-20 15:34:39,271: Training subset size: 320000
2026-03-20 15:37:00,133:   Epoch [5/30] Train Loss: 0.0867, Val F1: 0.9958, Val AUC: 0.9995
2026-03-20 15:39:20,468:   Epoch [10/30] Train Loss: 0.0549, Val F1: 0.9973, Val AUC: 0.9995
2026-03-20 15:41:41,322:   Epoch [15/30] Train Loss: 0.0437, Val F1: 0.9987, Val AUC: 0.9998
2026-03-20 15:44:01,935:   Epoch [20/30] Train Loss: 0.0378, Val F1: 0.9993, Val AUC: 0.9999
2026-03-20 15:45:54,541:   Early stopping at epoch 24
2026-03-20 15:45:55,776: Transformer @ 100% - Test AUC: 1.0000, Test F1: 0.9995, Precision: 0.9997, Recall: 0.9993, Time: 676.5s
2026-03-20 15:45:55,776:   Confusion Matrix: TN=17933, FP=7, FN=16, TP=22044
2026-03-20 15:45:55,859: 
======================================================================
2026-03-20 15:45:55,860: MODEL: LSTM
2026-03-20 15:45:55,860: ======================================================================
2026-03-20 15:45:55,860: --------------------------------------------------
2026-03-20 15:45:55,860: Training LSTM with 100% of training data
2026-03-20 15:45:55,860: --------------------------------------------------
2026-03-20 15:45:55,860: Training subset size: 320000
2026-03-20 15:47:00,273:   Epoch [5/30] Train Loss: 0.0624, Val F1: 0.9840, Val AUC: 0.9987
2026-03-20 15:48:04,742:   Epoch [10/30] Train Loss: 0.0267, Val F1: 0.9924, Val AUC: 0.9996
2026-03-20 15:49:09,891:   Epoch [15/30] Train Loss: 0.0175, Val F1: 0.9939, Val AUC: 0.9996
2026-03-20 15:50:15,400:   Epoch [20/30] Train Loss: 0.0134, Val F1: 0.9946, Val AUC: 0.9998
2026-03-20 15:50:15,400:   Early stopping at epoch 20
2026-03-20 15:50:16,186: LSTM @ 100% - Test AUC: 0.9998, Test F1: 0.9953, Precision: 0.9958, Recall: 0.9949, Time: 260.3s
2026-03-20 15:50:16,186:   Confusion Matrix: TN=17847, FP=93, FN=113, TP=21947
2026-03-20 15:50:16,265: 
======================================================================
2026-03-20 15:50:16,265: MODEL: RNNTransformer
2026-03-20 15:50:16,265: ======================================================================
2026-03-20 15:50:16,265: --------------------------------------------------
2026-03-20 15:50:16,265: Training RNNTransformer with 100% of training data
2026-03-20 15:50:16,265: --------------------------------------------------
2026-03-20 15:50:16,266: Training subset size: 320000
2026-03-20 15:52:26,268:   Epoch [5/30] Train Loss: 0.0893, Val F1: 0.9834, Val AUC: 0.9987
2026-03-20 15:54:36,406:   Epoch [10/30] Train Loss: 0.0344, Val F1: 0.9939, Val AUC: 0.9997
2026-03-20 15:56:45,701:   Epoch [15/30] Train Loss: 0.0226, Val F1: 0.9962, Val AUC: 0.9999
2026-03-20 15:58:55,664:   Epoch [20/30] Train Loss: 0.0169, Val F1: 0.9975, Val AUC: 0.9999
2026-03-20 16:00:13,398:   Early stopping at epoch 23
2026-03-20 16:00:14,613: RNNTransformer @ 100% - Test AUC: 0.9999, Test F1: 0.9973, Precision: 0.9969, Recall: 0.9977, Time: 598.3s
2026-03-20 16:00:14,614:   Confusion Matrix: TN=17872, FP=68, FN=51, TP=22009
2026-03-20 16:00:14,709: 
Results saved to: /cluster/work/projects/nn12048k/michechi/results/sensitivity/dl_fraction_experiment_142_OPTIMAL_20260320_160014.csv
2026-03-20 16:00:14,710: Detailed results saved to: /cluster/work/projects/nn12048k/michechi/results/sensitivity/dl_fraction_experiment_142_OPTIMAL_20260320_160014.json
2026-03-20 16:00:14,710: 
======================================================================
2026-03-20 16:00:14,710: EXPERIMENT SUMMARY
2026-03-20 16:00:14,711: ======================================================================
2026-03-20 16:00:14,711: 
Transformer:
2026-03-20 16:00:14,711: Fraction   Train N    Test AUC   Test F1    Precision  Recall    
2026-03-20 16:00:14,711: ------------------------------------------------------------
2026-03-20 16:00:14,711:    100%    320000     1.0000     0.9995     0.9997     0.9993    
2026-03-20 16:00:14,711: 
LSTM:
2026-03-20 16:00:14,711: Fraction   Train N    Test AUC   Test F1    Precision  Recall    
2026-03-20 16:00:14,711: ------------------------------------------------------------
2026-03-20 16:00:14,711:    100%    320000     0.9998     0.9953     0.9958     0.9949    
2026-03-20 16:00:14,711: 
RNNTransformer:
2026-03-20 16:00:14,712: Fraction   Train N    Test AUC   Test F1    Precision  Recall    
2026-03-20 16:00:14,712: ------------------------------------------------------------
2026-03-20 16:00:14,712:    100%    320000     0.9999     0.9973     0.9969     0.9977    
INFO:    gocryptfs not found, will not be able to use gocryptfs
/usr/bin/rm: cannot remove '/usr/local/cuda/compat/lib': Read-only file system
rm: cannot remove '/usr/local/cuda/compat/lib': Read-only file system
2026-03-20 16:00:21,594: Arguments:
2026-03-20 16:00:21,595:   batch_size: 64
2026-03-20 16:00:21,595:   epochs: 30
2026-03-20 16:00:21,595:   fractions: 1.0
2026-03-20 16:00:21,595:   label_column: Outcome
2026-03-20 16:00:21,595:   models: Transformer,LSTM,RNNTransformer
2026-03-20 16:00:21,595:   no_search: False
2026-03-20 16:00:21,595:   number_to_use: 143
2026-03-20 16:00:21,595:   optimal: True
2026-03-20 16:00:21,596:   output_dir: /cluster/work/projects/nn12048k/michechi/results/sensitivity/
2026-03-20 16:00:21,596:   path_csv: /cluster/home/michechi/MIMICIV/data/simulation/sensitivity/
2026-03-20 16:00:21,596:   patience: 3
2026-03-20 16:00:21,596:   seed: 9550
2026-03-20 16:00:21,596:   sequence_column: Sequences
2026-03-20 16:00:21,596:   sequence_separator: 
2026-03-20 16:00:22,174: Using device: cuda
2026-03-20 16:00:22,175: Loading data from: /cluster/home/michechi/MIMICIV/data/simulation/sensitivity/
2026-03-20 16:00:22,951: Data loaded - Train: 320000, Val: 40000, Test: 40000
2026-03-20 16:00:22,973: Maximum sequence length: 20
2026-03-20 16:00:22,974: Testing fractions: [1.0]
2026-03-20 16:00:22,974: Models to train: ['Transformer', 'LSTM', 'RNNTransformer']
2026-03-20 16:00:22,974: Using OPTIMAL configurations
2026-03-20 16:00:22,974: 
======================================================================
2026-03-20 16:00:22,974: MODEL: Transformer
2026-03-20 16:00:22,974: ======================================================================
2026-03-20 16:00:22,975: --------------------------------------------------
2026-03-20 16:00:22,975: Training Transformer with 100% of training data
2026-03-20 16:00:22,975: --------------------------------------------------
2026-03-20 16:00:22,975: Training subset size: 320000
2026-03-20 16:02:50,130:   Epoch [5/30] Train Loss: 0.0596, Val F1: 0.9917, Val AUC: 0.9949
2026-03-20 16:05:16,418:   Epoch [10/30] Train Loss: 0.0500, Val F1: 0.9943, Val AUC: 0.9949
2026-03-20 16:05:45,678:   Early stopping at epoch 11
2026-03-20 16:05:46,924: Transformer @ 100% - Test AUC: 0.9951, Test F1: 0.9945, Precision: 0.9998, Recall: 0.9892, Time: 323.9s
2026-03-20 16:05:46,924:   Confusion Matrix: TN=17381, FP=4, FN=245, TP=22370
2026-03-20 16:05:47,006: 
======================================================================
2026-03-20 16:05:47,007: MODEL: LSTM
2026-03-20 16:05:47,007: ======================================================================
2026-03-20 16:05:47,007: --------------------------------------------------
2026-03-20 16:05:47,007: Training LSTM with 100% of training data
2026-03-20 16:05:47,007: --------------------------------------------------
2026-03-20 16:05:47,007: Training subset size: 320000
2026-03-20 16:06:51,571:   Epoch [5/30] Train Loss: 0.1727, Val F1: 0.9434, Val AUC: 0.9871
2026-03-20 16:07:56,644:   Epoch [10/30] Train Loss: 0.0815, Val F1: 0.9705, Val AUC: 0.9958
2026-03-20 16:09:02,380:   Epoch [15/30] Train Loss: 0.0525, Val F1: 0.9809, Val AUC: 0.9983
2026-03-20 16:10:08,406:   Epoch [20/30] Train Loss: 0.0383, Val F1: 0.9827, Val AUC: 0.9985
2026-03-20 16:11:14,716:   Epoch [25/30] Train Loss: 0.0300, Val F1: 0.9860, Val AUC: 0.9988
2026-03-20 16:11:54,684:   Early stopping at epoch 28
2026-03-20 16:11:55,472: LSTM @ 100% - Test AUC: 0.9989, Test F1: 0.9864, Precision: 0.9884, Recall: 0.9843, Time: 368.5s
2026-03-20 16:11:55,472:   Confusion Matrix: TN=17124, FP=261, FN=354, TP=22261
2026-03-20 16:11:55,555: 
======================================================================
2026-03-20 16:11:55,555: MODEL: RNNTransformer
2026-03-20 16:11:55,555: ======================================================================
2026-03-20 16:11:55,555: --------------------------------------------------
2026-03-20 16:11:55,555: Training RNNTransformer with 100% of training data
2026-03-20 16:11:55,556: --------------------------------------------------
2026-03-20 16:11:55,556: Training subset size: 320000
2026-03-20 16:14:10,581:   Epoch [5/30] Train Loss: 0.1041, Val F1: 0.9812, Val AUC: 0.9980
2026-03-20 16:16:25,538:   Epoch [10/30] Train Loss: 0.0665, Val F1: 0.9920, Val AUC: 0.9996
2026-03-20 16:18:41,183:   Epoch [15/30] Train Loss: 0.0489, Val F1: 0.9953, Val AUC: 0.9999
2026-03-20 16:20:57,496:   Epoch [20/30] Train Loss: 0.0391, Val F1: 0.9962, Val AUC: 0.9999
2026-03-20 16:22:19,036:   Early stopping at epoch 23
2026-03-20 16:22:20,284: RNNTransformer @ 100% - Test AUC: 0.9999, Test F1: 0.9962, Precision: 0.9991, Recall: 0.9933, Time: 624.7s
2026-03-20 16:22:20,284:   Confusion Matrix: TN=17364, FP=21, FN=151, TP=22464
2026-03-20 16:22:20,378: 
Results saved to: /cluster/work/projects/nn12048k/michechi/results/sensitivity/dl_fraction_experiment_143_OPTIMAL_20260320_162220.csv
2026-03-20 16:22:20,380: Detailed results saved to: /cluster/work/projects/nn12048k/michechi/results/sensitivity/dl_fraction_experiment_143_OPTIMAL_20260320_162220.json
2026-03-20 16:22:20,380: 
======================================================================
2026-03-20 16:22:20,380: EXPERIMENT SUMMARY
2026-03-20 16:22:20,380: ======================================================================
2026-03-20 16:22:20,380: 
Transformer:
2026-03-20 16:22:20,380: Fraction   Train N    Test AUC   Test F1    Precision  Recall    
2026-03-20 16:22:20,380: ------------------------------------------------------------
2026-03-20 16:22:20,381:    100%    320000     0.9951     0.9945     0.9998     0.9892    
2026-03-20 16:22:20,381: 
LSTM:
2026-03-20 16:22:20,381: Fraction   Train N    Test AUC   Test F1    Precision  Recall    
2026-03-20 16:22:20,381: ------------------------------------------------------------
2026-03-20 16:22:20,381:    100%    320000     0.9989     0.9864     0.9884     0.9843    
2026-03-20 16:22:20,381: 
RNNTransformer:
2026-03-20 16:22:20,381: Fraction   Train N    Test AUC   Test F1    Precision  Recall    
2026-03-20 16:22:20,381: ------------------------------------------------------------
2026-03-20 16:22:20,381:    100%    320000     0.9999     0.9962     0.9991     0.9933    
INFO:    gocryptfs not found, will not be able to use gocryptfs
/usr/bin/rm: cannot remove '/usr/local/cuda/compat/lib': Read-only file system
rm: cannot remove '/usr/local/cuda/compat/lib': Read-only file system
2026-03-20 16:22:26,507: Arguments:
2026-03-20 16:22:26,507:   batch_size: 64
2026-03-20 16:22:26,507:   epochs: 30
2026-03-20 16:22:26,507:   fractions: 1.0
2026-03-20 16:22:26,508:   label_column: Outcome
2026-03-20 16:22:26,508:   models: Transformer,LSTM,RNNTransformer
2026-03-20 16:22:26,508:   no_search: False
2026-03-20 16:22:26,508:   number_to_use: 144
2026-03-20 16:22:26,508:   optimal: True
2026-03-20 16:22:26,508:   output_dir: /cluster/work/projects/nn12048k/michechi/results/sensitivity/
2026-03-20 16:22:26,508:   path_csv: /cluster/home/michechi/MIMICIV/data/simulation/sensitivity/
2026-03-20 16:22:26,508:   patience: 3
2026-03-20 16:22:26,508:   seed: 9550
2026-03-20 16:22:26,508:   sequence_column: Sequences
2026-03-20 16:22:26,508:   sequence_separator: 
2026-03-20 16:22:27,089: Using device: cuda
2026-03-20 16:22:27,090: Loading data from: /cluster/home/michechi/MIMICIV/data/simulation/sensitivity/
2026-03-20 16:22:27,893: Data loaded - Train: 320000, Val: 40000, Test: 40000
2026-03-20 16:22:27,915: Maximum sequence length: 20
2026-03-20 16:22:27,916: Testing fractions: [1.0]
2026-03-20 16:22:27,916: Models to train: ['Transformer', 'LSTM', 'RNNTransformer']
2026-03-20 16:22:27,917: Using OPTIMAL configurations
2026-03-20 16:22:27,917: 
======================================================================
2026-03-20 16:22:27,917: MODEL: Transformer
2026-03-20 16:22:27,917: ======================================================================
2026-03-20 16:22:27,917: --------------------------------------------------
2026-03-20 16:22:27,917: Training Transformer with 100% of training data
2026-03-20 16:22:27,917: --------------------------------------------------
2026-03-20 16:22:27,917: Training subset size: 320000
2026-03-20 16:24:52,968:   Epoch [5/30] Train Loss: 0.0500, Val F1: 0.9935, Val AUC: 0.9935
2026-03-20 16:25:21,814:   Early stopping at epoch 6
2026-03-20 16:25:23,060: Transformer @ 100% - Test AUC: 0.9941, Test F1: 0.9938, Precision: 1.0000, Recall: 0.9876, Time: 175.1s
2026-03-20 16:25:23,060:   Confusion Matrix: TN=17118, FP=0, FN=284, TP=22598
2026-03-20 16:25:23,143: 
======================================================================
2026-03-20 16:25:23,143: MODEL: LSTM
2026-03-20 16:25:23,143: ======================================================================
2026-03-20 16:25:23,143: --------------------------------------------------
2026-03-20 16:25:23,143: Training LSTM with 100% of training data
2026-03-20 16:25:23,143: --------------------------------------------------
2026-03-20 16:25:23,144: Training subset size: 320000
2026-03-20 16:26:27,697:   Epoch [5/30] Train Loss: 0.1367, Val F1: 0.9670, Val AUC: 0.9950
2026-03-20 16:27:33,035:   Epoch [10/30] Train Loss: 0.0673, Val F1: 0.9819, Val AUC: 0.9983
2026-03-20 16:28:38,939:   Epoch [15/30] Train Loss: 0.0440, Val F1: 0.9849, Val AUC: 0.9990
2026-03-20 16:29:44,891:   Epoch [20/30] Train Loss: 0.0334, Val F1: 0.9871, Val AUC: 0.9992
2026-03-20 16:30:11,211:   Early stopping at epoch 22
2026-03-20 16:30:11,994: LSTM @ 100% - Test AUC: 0.9993, Test F1: 0.9887, Precision: 0.9876, Recall: 0.9899, Time: 288.9s
2026-03-20 16:30:11,994:   Confusion Matrix: TN=16834, FP=284, FN=232, TP=22650
2026-03-20 16:30:12,073: 
======================================================================
2026-03-20 16:30:12,074: MODEL: RNNTransformer
2026-03-20 16:30:12,074: ======================================================================
2026-03-20 16:30:12,074: --------------------------------------------------
2026-03-20 16:30:12,074: Training RNNTransformer with 100% of training data
2026-03-20 16:30:12,074: --------------------------------------------------
2026-03-20 16:30:12,074: Training subset size: 320000
2026-03-20 16:32:24,710:   Epoch [5/30] Train Loss: 0.0686, Val F1: 0.9868, Val AUC: 0.9982
2026-03-20 16:34:37,954:   Epoch [10/30] Train Loss: 0.0465, Val F1: 0.9935, Val AUC: 0.9996
2026-03-20 16:35:31,121:   Early stopping at epoch 12
2026-03-20 16:35:32,366: RNNTransformer @ 100% - Test AUC: 0.9996, Test F1: 0.9943, Precision: 0.9989, Recall: 0.9897, Time: 320.3s
2026-03-20 16:35:32,366:   Confusion Matrix: TN=17094, FP=24, FN=236, TP=22646
2026-03-20 16:35:32,451: 
Results saved to: /cluster/work/projects/nn12048k/michechi/results/sensitivity/dl_fraction_experiment_144_OPTIMAL_20260320_163532.csv
2026-03-20 16:35:32,453: Detailed results saved to: /cluster/work/projects/nn12048k/michechi/results/sensitivity/dl_fraction_experiment_144_OPTIMAL_20260320_163532.json
2026-03-20 16:35:32,453: 
======================================================================
2026-03-20 16:35:32,453: EXPERIMENT SUMMARY
2026-03-20 16:35:32,453: ======================================================================
2026-03-20 16:35:32,453: 
Transformer:
2026-03-20 16:35:32,454: Fraction   Train N    Test AUC   Test F1    Precision  Recall    
2026-03-20 16:35:32,454: ------------------------------------------------------------
2026-03-20 16:35:32,454:    100%    320000     0.9941     0.9938     1.0000     0.9876    
2026-03-20 16:35:32,454: 
LSTM:
2026-03-20 16:35:32,454: Fraction   Train N    Test AUC   Test F1    Precision  Recall    
2026-03-20 16:35:32,454: ------------------------------------------------------------
2026-03-20 16:35:32,454:    100%    320000     0.9993     0.9887     0.9876     0.9899    
2026-03-20 16:35:32,454: 
RNNTransformer:
2026-03-20 16:35:32,454: Fraction   Train N    Test AUC   Test F1    Precision  Recall    
2026-03-20 16:35:32,455: ------------------------------------------------------------
2026-03-20 16:35:32,455:    100%    320000     0.9996     0.9943     0.9989     0.9897    
