model,training_mode,seed,task,family,background,split,group_keys,orientation,n_pairs,win_rate,tie_rate,loss_rate,pair_accuracy,win_rate_tol1e-06,tie_rate_tol1e-06,loss_rate_tol1e-06,pair_accuracy_tol1e-06,win_rate_tol1e-10,tie_rate_tol1e-10,loss_rate_tol1e-10,pair_accuracy_tol1e-10,mean_margin,median_margin,std_margin,flattened_auc,pair_accuracy_ci_lo,pair_accuracy_ci_hi,kappa_gap,chain_r,chain_s
oracle,oracle,0,ocdet,two_hole,clean,val,orientation,1.0,113,1.0,0.0,0.0,1.0,1.0,0.0,0.0,1.0,1.0,0.0,0.0,1.0,1.0,1.0,0.0,1.0,1.0,1.0,,,
oracle,oracle,0,ocdet,two_hole,clean,val,orientation,2.0,87,1.0,0.0,0.0,1.0,1.0,0.0,0.0,1.0,1.0,0.0,0.0,1.0,1.0,1.0,0.0,1.0,1.0,1.0,,,
oracle,oracle,0,ocdet,two_hole,clean,val,kappa_gap,,63,1.0,0.0,0.0,1.0,1.0,0.0,0.0,1.0,1.0,0.0,0.0,1.0,1.0,1.0,0.0,1.0,1.0,1.0,1.0,,
oracle,oracle,0,ocdet,two_hole,clean,val,kappa_gap,,60,1.0,0.0,0.0,1.0,1.0,0.0,0.0,1.0,1.0,0.0,0.0,1.0,1.0,1.0,0.0,1.0,1.0,1.0,2.0,,
oracle,oracle,0,ocdet,two_hole,clean,val,kappa_gap,,34,1.0,0.0,0.0,1.0,1.0,0.0,0.0,1.0,1.0,0.0,0.0,1.0,1.0,1.0,0.0,1.0,1.0,1.0,3.0,,
oracle,oracle,0,ocdet,two_hole,clean,val,kappa_gap,,40,1.0,0.0,0.0,1.0,1.0,0.0,0.0,1.0,1.0,0.0,0.0,1.0,1.0,1.0,0.0,1.0,1.0,1.0,4.0,,
oracle,oracle,0,ocdet,two_hole,clean,val,kappa_gap,,3,1.0,0.0,0.0,1.0,1.0,0.0,0.0,1.0,1.0,0.0,0.0,1.0,1.0,1.0,0.0,1.0,1.0,1.0,5.0,,
oracle,oracle,0,ocdet,two_hole,clean,val,chain_r+chain_s,,7,1.0,0.0,0.0,1.0,1.0,0.0,0.0,1.0,1.0,0.0,0.0,1.0,1.0,1.0,0.0,1.0,1.0,1.0,,1.0,2.0
oracle,oracle,0,ocdet,two_hole,clean,val,chain_r+chain_s,,12,1.0,0.0,0.0,1.0,1.0,0.0,0.0,1.0,1.0,0.0,0.0,1.0,1.0,1.0,0.0,1.0,1.0,1.0,,1.0,3.0
oracle,oracle,0,ocdet,two_hole,clean,val,chain_r+chain_s,,8,1.0,0.0,0.0,1.0,1.0,0.0,0.0,1.0,1.0,0.0,0.0,1.0,1.0,1.0,0.0,1.0,1.0,1.0,,1.0,4.0
oracle,oracle,0,ocdet,two_hole,clean,val,chain_r+chain_s,,10,1.0,0.0,0.0,1.0,1.0,0.0,0.0,1.0,1.0,0.0,0.0,1.0,1.0,1.0,0.0,1.0,1.0,1.0,,1.0,5.0
oracle,oracle,0,ocdet,two_hole,clean,val,chain_r+chain_s,,8,1.0,0.0,0.0,1.0,1.0,0.0,0.0,1.0,1.0,0.0,0.0,1.0,1.0,1.0,0.0,1.0,1.0,1.0,,1.0,6.0
oracle,oracle,0,ocdet,two_hole,clean,val,chain_r+chain_s,,4,1.0,0.0,0.0,1.0,1.0,0.0,0.0,1.0,1.0,0.0,0.0,1.0,1.0,1.0,0.0,1.0,1.0,1.0,,2.0,1.0
oracle,oracle,0,ocdet,two_hole,clean,val,chain_r+chain_s,,5,1.0,0.0,0.0,1.0,1.0,0.0,0.0,1.0,1.0,0.0,0.0,1.0,1.0,1.0,0.0,1.0,1.0,1.0,,2.0,3.0
oracle,oracle,0,ocdet,two_hole,clean,val,chain_r+chain_s,,8,1.0,0.0,0.0,1.0,1.0,0.0,0.0,1.0,1.0,0.0,0.0,1.0,1.0,1.0,0.0,1.0,1.0,1.0,,2.0,4.0
oracle,oracle,0,ocdet,two_hole,clean,val,chain_r+chain_s,,5,1.0,0.0,0.0,1.0,1.0,0.0,0.0,1.0,1.0,0.0,0.0,1.0,1.0,1.0,0.0,1.0,1.0,1.0,,2.0,5.0
oracle,oracle,0,ocdet,two_hole,clean,val,chain_r+chain_s,,5,1.0,0.0,0.0,1.0,1.0,0.0,0.0,1.0,1.0,0.0,0.0,1.0,1.0,1.0,0.0,1.0,1.0,1.0,,2.0,6.0
oracle,oracle,0,ocdet,two_hole,clean,val,chain_r+chain_s,,4,1.0,0.0,0.0,1.0,1.0,0.0,0.0,1.0,1.0,0.0,0.0,1.0,1.0,1.0,0.0,1.0,1.0,1.0,,3.0,1.0
oracle,oracle,0,ocdet,two_hole,clean,val,chain_r+chain_s,,5,1.0,0.0,0.0,1.0,1.0,0.0,0.0,1.0,1.0,0.0,0.0,1.0,1.0,1.0,0.0,1.0,1.0,1.0,,3.0,2.0
oracle,oracle,0,ocdet,two_hole,clean,val,chain_r+chain_s,,4,1.0,0.0,0.0,1.0,1.0,0.0,0.0,1.0,1.0,0.0,0.0,1.0,1.0,1.0,0.0,1.0,1.0,1.0,,3.0,4.0
oracle,oracle,0,ocdet,two_hole,clean,val,chain_r+chain_s,,5,1.0,0.0,0.0,1.0,1.0,0.0,0.0,1.0,1.0,0.0,0.0,1.0,1.0,1.0,0.0,1.0,1.0,1.0,,3.0,5.0
oracle,oracle,0,ocdet,two_hole,clean,val,chain_r+chain_s,,7,1.0,0.0,0.0,1.0,1.0,0.0,0.0,1.0,1.0,0.0,0.0,1.0,1.0,1.0,0.0,1.0,1.0,1.0,,3.0,6.0
oracle,oracle,0,ocdet,two_hole,clean,val,chain_r+chain_s,,9,1.0,0.0,0.0,1.0,1.0,0.0,0.0,1.0,1.0,0.0,0.0,1.0,1.0,1.0,0.0,1.0,1.0,1.0,,4.0,1.0
oracle,oracle,0,ocdet,two_hole,clean,val,chain_r+chain_s,,3,1.0,0.0,0.0,1.0,1.0,0.0,0.0,1.0,1.0,0.0,0.0,1.0,1.0,1.0,0.0,1.0,1.0,1.0,,4.0,2.0
oracle,oracle,0,ocdet,two_hole,clean,val,chain_r+chain_s,,7,1.0,0.0,0.0,1.0,1.0,0.0,0.0,1.0,1.0,0.0,0.0,1.0,1.0,1.0,0.0,1.0,1.0,1.0,,4.0,3.0
oracle,oracle,0,ocdet,two_hole,clean,val,chain_r+chain_s,,7,1.0,0.0,0.0,1.0,1.0,0.0,0.0,1.0,1.0,0.0,0.0,1.0,1.0,1.0,0.0,1.0,1.0,1.0,,4.0,5.0
oracle,oracle,0,ocdet,two_hole,clean,val,chain_r+chain_s,,3,1.0,0.0,0.0,1.0,1.0,0.0,0.0,1.0,1.0,0.0,0.0,1.0,1.0,1.0,0.0,1.0,1.0,1.0,,4.0,6.0
oracle,oracle,0,ocdet,two_hole,clean,val,chain_r+chain_s,,12,1.0,0.0,0.0,1.0,1.0,0.0,0.0,1.0,1.0,0.0,0.0,1.0,1.0,1.0,0.0,1.0,1.0,1.0,,5.0,1.0
oracle,oracle,0,ocdet,two_hole,clean,val,chain_r+chain_s,,8,1.0,0.0,0.0,1.0,1.0,0.0,0.0,1.0,1.0,0.0,0.0,1.0,1.0,1.0,0.0,1.0,1.0,1.0,,5.0,2.0
oracle,oracle,0,ocdet,two_hole,clean,val,chain_r+chain_s,,7,1.0,0.0,0.0,1.0,1.0,0.0,0.0,1.0,1.0,0.0,0.0,1.0,1.0,1.0,0.0,1.0,1.0,1.0,,5.0,3.0
oracle,oracle,0,ocdet,two_hole,clean,val,chain_r+chain_s,,6,1.0,0.0,0.0,1.0,1.0,0.0,0.0,1.0,1.0,0.0,0.0,1.0,1.0,1.0,0.0,1.0,1.0,1.0,,5.0,4.0
oracle,oracle,0,ocdet,two_hole,clean,val,chain_r+chain_s,,8,1.0,0.0,0.0,1.0,1.0,0.0,0.0,1.0,1.0,0.0,0.0,1.0,1.0,1.0,0.0,1.0,1.0,1.0,,5.0,6.0
oracle,oracle,0,ocdet,two_hole,clean,val,chain_r+chain_s,,7,1.0,0.0,0.0,1.0,1.0,0.0,0.0,1.0,1.0,0.0,0.0,1.0,1.0,1.0,0.0,1.0,1.0,1.0,,6.0,1.0
oracle,oracle,0,ocdet,two_hole,clean,val,chain_r+chain_s,,9,1.0,0.0,0.0,1.0,1.0,0.0,0.0,1.0,1.0,0.0,0.0,1.0,1.0,1.0,0.0,1.0,1.0,1.0,,6.0,2.0
oracle,oracle,0,ocdet,two_hole,clean,val,chain_r+chain_s,,4,1.0,0.0,0.0,1.0,1.0,0.0,0.0,1.0,1.0,0.0,0.0,1.0,1.0,1.0,0.0,1.0,1.0,1.0,,6.0,3.0
oracle,oracle,0,ocdet,two_hole,clean,val,chain_r+chain_s,,6,1.0,0.0,0.0,1.0,1.0,0.0,0.0,1.0,1.0,0.0,0.0,1.0,1.0,1.0,0.0,1.0,1.0,1.0,,6.0,4.0
oracle,oracle,0,ocdet,two_hole,clean,val,chain_r+chain_s,,7,1.0,0.0,0.0,1.0,1.0,0.0,0.0,1.0,1.0,0.0,0.0,1.0,1.0,1.0,0.0,1.0,1.0,1.0,,6.0,5.0
oracle,oracle,0,ocdet,two_hole,clean,test,orientation,1.0,261,1.0,0.0,0.0,1.0,1.0,0.0,0.0,1.0,1.0,0.0,0.0,1.0,1.0,1.0,0.0,1.0,1.0,1.0,,,
oracle,oracle,0,ocdet,two_hole,clean,test,orientation,2.0,239,1.0,0.0,0.0,1.0,1.0,0.0,0.0,1.0,1.0,0.0,0.0,1.0,1.0,1.0,0.0,1.0,1.0,1.0,,,
oracle,oracle,0,ocdet,two_hole,clean,test,kappa_gap,,166,1.0,0.0,0.0,1.0,1.0,0.0,0.0,1.0,1.0,0.0,0.0,1.0,1.0,1.0,0.0,1.0,1.0,1.0,1.0,,
oracle,oracle,0,ocdet,two_hole,clean,test,kappa_gap,,125,1.0,0.0,0.0,1.0,1.0,0.0,0.0,1.0,1.0,0.0,0.0,1.0,1.0,1.0,0.0,1.0,1.0,1.0,2.0,,
oracle,oracle,0,ocdet,two_hole,clean,test,kappa_gap,,114,1.0,0.0,0.0,1.0,1.0,0.0,0.0,1.0,1.0,0.0,0.0,1.0,1.0,1.0,0.0,1.0,1.0,1.0,3.0,,
oracle,oracle,0,ocdet,two_hole,clean,test,kappa_gap,,58,1.0,0.0,0.0,1.0,1.0,0.0,0.0,1.0,1.0,0.0,0.0,1.0,1.0,1.0,0.0,1.0,1.0,1.0,4.0,,
oracle,oracle,0,ocdet,two_hole,clean,test,kappa_gap,,37,1.0,0.0,0.0,1.0,1.0,0.0,0.0,1.0,1.0,0.0,0.0,1.0,1.0,1.0,0.0,1.0,1.0,1.0,5.0,,
oracle,oracle,0,ocdet,two_hole,clean,test,chain_r+chain_s,,12,1.0,0.0,0.0,1.0,1.0,0.0,0.0,1.0,1.0,0.0,0.0,1.0,1.0,1.0,0.0,1.0,1.0,1.0,,1.0,2.0
oracle,oracle,0,ocdet,two_hole,clean,test,chain_r+chain_s,,14,1.0,0.0,0.0,1.0,1.0,0.0,0.0,1.0,1.0,0.0,0.0,1.0,1.0,1.0,0.0,1.0,1.0,1.0,,1.0,3.0
oracle,oracle,0,ocdet,two_hole,clean,test,chain_r+chain_s,,14,1.0,0.0,0.0,1.0,1.0,0.0,0.0,1.0,1.0,0.0,0.0,1.0,1.0,1.0,0.0,1.0,1.0,1.0,,1.0,4.0
oracle,oracle,0,ocdet,two_hole,clean,test,chain_r+chain_s,,18,1.0,0.0,0.0,1.0,1.0,0.0,0.0,1.0,1.0,0.0,0.0,1.0,1.0,1.0,0.0,1.0,1.0,1.0,,1.0,5.0
oracle,oracle,0,ocdet,two_hole,clean,test,chain_r+chain_s,,22,1.0,0.0,0.0,1.0,1.0,0.0,0.0,1.0,1.0,0.0,0.0,1.0,1.0,1.0,0.0,1.0,1.0,1.0,,1.0,6.0
oracle,oracle,0,ocdet,two_hole,clean,test,chain_r+chain_s,,15,1.0,0.0,0.0,1.0,1.0,0.0,0.0,1.0,1.0,0.0,0.0,1.0,1.0,1.0,0.0,1.0,1.0,1.0,,2.0,1.0
oracle,oracle,0,ocdet,two_hole,clean,test,chain_r+chain_s,,19,1.0,0.0,0.0,1.0,1.0,0.0,0.0,1.0,1.0,0.0,0.0,1.0,1.0,1.0,0.0,1.0,1.0,1.0,,2.0,3.0
oracle,oracle,0,ocdet,two_hole,clean,test,chain_r+chain_s,,17,1.0,0.0,0.0,1.0,1.0,0.0,0.0,1.0,1.0,0.0,0.0,1.0,1.0,1.0,0.0,1.0,1.0,1.0,,2.0,4.0
oracle,oracle,0,ocdet,two_hole,clean,test,chain_r+chain_s,,23,1.0,0.0,0.0,1.0,1.0,0.0,0.0,1.0,1.0,0.0,0.0,1.0,1.0,1.0,0.0,1.0,1.0,1.0,,2.0,5.0
oracle,oracle,0,ocdet,two_hole,clean,test,chain_r+chain_s,,26,1.0,0.0,0.0,1.0,1.0,0.0,0.0,1.0,1.0,0.0,0.0,1.0,1.0,1.0,0.0,1.0,1.0,1.0,,2.0,6.0
oracle,oracle,0,ocdet,two_hole,clean,test,chain_r+chain_s,,20,1.0,0.0,0.0,1.0,1.0,0.0,0.0,1.0,1.0,0.0,0.0,1.0,1.0,1.0,0.0,1.0,1.0,1.0,,3.0,1.0
oracle,oracle,0,ocdet,two_hole,clean,test,chain_r+chain_s,,19,1.0,0.0,0.0,1.0,1.0,0.0,0.0,1.0,1.0,0.0,0.0,1.0,1.0,1.0,0.0,1.0,1.0,1.0,,3.0,2.0
oracle,oracle,0,ocdet,two_hole,clean,test,chain_r+chain_s,,10,1.0,0.0,0.0,1.0,1.0,0.0,0.0,1.0,1.0,0.0,0.0,1.0,1.0,1.0,0.0,1.0,1.0,1.0,,3.0,4.0
oracle,oracle,0,ocdet,two_hole,clean,test,chain_r+chain_s,,14,1.0,0.0,0.0,1.0,1.0,0.0,0.0,1.0,1.0,0.0,0.0,1.0,1.0,1.0,0.0,1.0,1.0,1.0,,3.0,5.0
oracle,oracle,0,ocdet,two_hole,clean,test,chain_r+chain_s,,17,1.0,0.0,0.0,1.0,1.0,0.0,0.0,1.0,1.0,0.0,0.0,1.0,1.0,1.0,0.0,1.0,1.0,1.0,,3.0,6.0
oracle,oracle,0,ocdet,two_hole,clean,test,chain_r+chain_s,,16,1.0,0.0,0.0,1.0,1.0,0.0,0.0,1.0,1.0,0.0,0.0,1.0,1.0,1.0,0.0,1.0,1.0,1.0,,4.0,1.0
oracle,oracle,0,ocdet,two_hole,clean,test,chain_r+chain_s,,14,1.0,0.0,0.0,1.0,1.0,0.0,0.0,1.0,1.0,0.0,0.0,1.0,1.0,1.0,0.0,1.0,1.0,1.0,,4.0,2.0
oracle,oracle,0,ocdet,two_hole,clean,test,chain_r+chain_s,,18,1.0,0.0,0.0,1.0,1.0,0.0,0.0,1.0,1.0,0.0,0.0,1.0,1.0,1.0,0.0,1.0,1.0,1.0,,4.0,3.0
oracle,oracle,0,ocdet,two_hole,clean,test,chain_r+chain_s,,17,1.0,0.0,0.0,1.0,1.0,0.0,0.0,1.0,1.0,0.0,0.0,1.0,1.0,1.0,0.0,1.0,1.0,1.0,,4.0,5.0
oracle,oracle,0,ocdet,two_hole,clean,test,chain_r+chain_s,,23,1.0,0.0,0.0,1.0,1.0,0.0,0.0,1.0,1.0,0.0,0.0,1.0,1.0,1.0,0.0,1.0,1.0,1.0,,4.0,6.0
oracle,oracle,0,ocdet,two_hole,clean,test,chain_r+chain_s,,16,1.0,0.0,0.0,1.0,1.0,0.0,0.0,1.0,1.0,0.0,0.0,1.0,1.0,1.0,0.0,1.0,1.0,1.0,,5.0,1.0
oracle,oracle,0,ocdet,two_hole,clean,test,chain_r+chain_s,,19,1.0,0.0,0.0,1.0,1.0,0.0,0.0,1.0,1.0,0.0,0.0,1.0,1.0,1.0,0.0,1.0,1.0,1.0,,5.0,2.0
oracle,oracle,0,ocdet,two_hole,clean,test,chain_r+chain_s,,15,1.0,0.0,0.0,1.0,1.0,0.0,0.0,1.0,1.0,0.0,0.0,1.0,1.0,1.0,0.0,1.0,1.0,1.0,,5.0,3.0
oracle,oracle,0,ocdet,two_hole,clean,test,chain_r+chain_s,,18,1.0,0.0,0.0,1.0,1.0,0.0,0.0,1.0,1.0,0.0,0.0,1.0,1.0,1.0,0.0,1.0,1.0,1.0,,5.0,4.0
oracle,oracle,0,ocdet,two_hole,clean,test,chain_r+chain_s,,14,1.0,0.0,0.0,1.0,1.0,0.0,0.0,1.0,1.0,0.0,0.0,1.0,1.0,1.0,0.0,1.0,1.0,1.0,,5.0,6.0
oracle,oracle,0,ocdet,two_hole,clean,test,chain_r+chain_s,,20,1.0,0.0,0.0,1.0,1.0,0.0,0.0,1.0,1.0,0.0,0.0,1.0,1.0,1.0,0.0,1.0,1.0,1.0,,6.0,1.0
oracle,oracle,0,ocdet,two_hole,clean,test,chain_r+chain_s,,16,1.0,0.0,0.0,1.0,1.0,0.0,0.0,1.0,1.0,0.0,0.0,1.0,1.0,1.0,0.0,1.0,1.0,1.0,,6.0,2.0
oracle,oracle,0,ocdet,two_hole,clean,test,chain_r+chain_s,,14,1.0,0.0,0.0,1.0,1.0,0.0,0.0,1.0,1.0,0.0,0.0,1.0,1.0,1.0,0.0,1.0,1.0,1.0,,6.0,3.0
oracle,oracle,0,ocdet,two_hole,clean,test,chain_r+chain_s,,11,1.0,0.0,0.0,1.0,1.0,0.0,0.0,1.0,1.0,0.0,0.0,1.0,1.0,1.0,0.0,1.0,1.0,1.0,,6.0,4.0
oracle,oracle,0,ocdet,two_hole,clean,test,chain_r+chain_s,,9,1.0,0.0,0.0,1.0,1.0,0.0,0.0,1.0,1.0,0.0,0.0,1.0,1.0,1.0,0.0,1.0,1.0,1.0,,6.0,5.0
oracle,oracle,0,ocdet,two_hole,heldout,val,orientation,1.0,119,1.0,0.0,0.0,1.0,1.0,0.0,0.0,1.0,1.0,0.0,0.0,1.0,1.0,1.0,0.0,1.0,1.0,1.0,,,
oracle,oracle,0,ocdet,two_hole,heldout,val,orientation,2.0,81,1.0,0.0,0.0,1.0,1.0,0.0,0.0,1.0,1.0,0.0,0.0,1.0,1.0,1.0,0.0,1.0,1.0,1.0,,,
oracle,oracle,0,ocdet,two_hole,heldout,val,kappa_gap,,65,1.0,0.0,0.0,1.0,1.0,0.0,0.0,1.0,1.0,0.0,0.0,1.0,1.0,1.0,0.0,1.0,1.0,1.0,1.0,,
oracle,oracle,0,ocdet,two_hole,heldout,val,kappa_gap,,56,1.0,0.0,0.0,1.0,1.0,0.0,0.0,1.0,1.0,0.0,0.0,1.0,1.0,1.0,0.0,1.0,1.0,1.0,2.0,,
oracle,oracle,0,ocdet,two_hole,heldout,val,kappa_gap,,38,1.0,0.0,0.0,1.0,1.0,0.0,0.0,1.0,1.0,0.0,0.0,1.0,1.0,1.0,0.0,1.0,1.0,1.0,3.0,,
oracle,oracle,0,ocdet,two_hole,heldout,val,kappa_gap,,26,1.0,0.0,0.0,1.0,1.0,0.0,0.0,1.0,1.0,0.0,0.0,1.0,1.0,1.0,0.0,1.0,1.0,1.0,4.0,,
oracle,oracle,0,ocdet,two_hole,heldout,val,kappa_gap,,15,1.0,0.0,0.0,1.0,1.0,0.0,0.0,1.0,1.0,0.0,0.0,1.0,1.0,1.0,0.0,1.0,1.0,1.0,5.0,,
oracle,oracle,0,ocdet,two_hole,heldout,val,chain_r+chain_s,,8,1.0,0.0,0.0,1.0,1.0,0.0,0.0,1.0,1.0,0.0,0.0,1.0,1.0,1.0,0.0,1.0,1.0,1.0,,1.0,2.0
oracle,oracle,0,ocdet,two_hole,heldout,val,chain_r+chain_s,,8,1.0,0.0,0.0,1.0,1.0,0.0,0.0,1.0,1.0,0.0,0.0,1.0,1.0,1.0,0.0,1.0,1.0,1.0,,1.0,3.0
oracle,oracle,0,ocdet,two_hole,heldout,val,chain_r+chain_s,,5,1.0,0.0,0.0,1.0,1.0,0.0,0.0,1.0,1.0,0.0,0.0,1.0,1.0,1.0,0.0,1.0,1.0,1.0,,1.0,4.0
oracle,oracle,0,ocdet,two_hole,heldout,val,chain_r+chain_s,,9,1.0,0.0,0.0,1.0,1.0,0.0,0.0,1.0,1.0,0.0,0.0,1.0,1.0,1.0,0.0,1.0,1.0,1.0,,1.0,5.0
oracle,oracle,0,ocdet,two_hole,heldout,val,chain_r+chain_s,,7,1.0,0.0,0.0,1.0,1.0,0.0,0.0,1.0,1.0,0.0,0.0,1.0,1.0,1.0,0.0,1.0,1.0,1.0,,1.0,6.0
oracle,oracle,0,ocdet,two_hole,heldout,val,chain_r+chain_s,,6,1.0,0.0,0.0,1.0,1.0,0.0,0.0,1.0,1.0,0.0,0.0,1.0,1.0,1.0,0.0,1.0,1.0,1.0,,2.0,1.0
oracle,oracle,0,ocdet,two_hole,heldout,val,chain_r+chain_s,,3,1.0,0.0,0.0,1.0,1.0,0.0,0.0,1.0,1.0,0.0,0.0,1.0,1.0,1.0,0.0,1.0,1.0,1.0,,2.0,3.0
oracle,oracle,0,ocdet,two_hole,heldout,val,chain_r+chain_s,,8,1.0,0.0,0.0,1.0,1.0,0.0,0.0,1.0,1.0,0.0,0.0,1.0,1.0,1.0,0.0,1.0,1.0,1.0,,2.0,4.0
oracle,oracle,0,ocdet,two_hole,heldout,val,chain_r+chain_s,,5,1.0,0.0,0.0,1.0,1.0,0.0,0.0,1.0,1.0,0.0,0.0,1.0,1.0,1.0,0.0,1.0,1.0,1.0,,2.0,5.0
oracle,oracle,0,ocdet,two_hole,heldout,val,chain_r+chain_s,,3,1.0,0.0,0.0,1.0,1.0,0.0,0.0,1.0,1.0,0.0,0.0,1.0,1.0,1.0,0.0,1.0,1.0,1.0,,2.0,6.0
oracle,oracle,0,ocdet,two_hole,heldout,val,chain_r+chain_s,,7,1.0,0.0,0.0,1.0,1.0,0.0,0.0,1.0,1.0,0.0,0.0,1.0,1.0,1.0,0.0,1.0,1.0,1.0,,3.0,1.0
oracle,oracle,0,ocdet,two_hole,heldout,val,chain_r+chain_s,,9,1.0,0.0,0.0,1.0,1.0,0.0,0.0,1.0,1.0,0.0,0.0,1.0,1.0,1.0,0.0,1.0,1.0,1.0,,3.0,2.0
oracle,oracle,0,ocdet,two_hole,heldout,val,chain_r+chain_s,,8,1.0,0.0,0.0,1.0,1.0,0.0,0.0,1.0,1.0,0.0,0.0,1.0,1.0,1.0,0.0,1.0,1.0,1.0,,3.0,4.0
oracle,oracle,0,ocdet,two_hole,heldout,val,chain_r+chain_s,,8,1.0,0.0,0.0,1.0,1.0,0.0,0.0,1.0,1.0,0.0,0.0,1.0,1.0,1.0,0.0,1.0,1.0,1.0,,3.0,5.0
oracle,oracle,0,ocdet,two_hole,heldout,val,chain_r+chain_s,,6,1.0,0.0,0.0,1.0,1.0,0.0,0.0,1.0,1.0,0.0,0.0,1.0,1.0,1.0,0.0,1.0,1.0,1.0,,3.0,6.0
oracle,oracle,0,ocdet,two_hole,heldout,val,chain_r+chain_s,,10,1.0,0.0,0.0,1.0,1.0,0.0,0.0,1.0,1.0,0.0,0.0,1.0,1.0,1.0,0.0,1.0,1.0,1.0,,4.0,1.0
oracle,oracle,0,ocdet,two_hole,heldout,val,chain_r+chain_s,,4,1.0,0.0,0.0,1.0,1.0,0.0,0.0,1.0,1.0,0.0,0.0,1.0,1.0,1.0,0.0,1.0,1.0,1.0,,4.0,2.0
oracle,oracle,0,ocdet,two_hole,heldout,val,chain_r+chain_s,,10,1.0,0.0,0.0,1.0,1.0,0.0,0.0,1.0,1.0,0.0,0.0,1.0,1.0,1.0,0.0,1.0,1.0,1.0,,4.0,3.0
oracle,oracle,0,ocdet,two_hole,heldout,val,chain_r+chain_s,,12,1.0,0.0,0.0,1.0,1.0,0.0,0.0,1.0,1.0,0.0,0.0,1.0,1.0,1.0,0.0,1.0,1.0,1.0,,4.0,5.0
oracle,oracle,0,ocdet,two_hole,heldout,val,chain_r+chain_s,,4,1.0,0.0,0.0,1.0,1.0,0.0,0.0,1.0,1.0,0.0,0.0,1.0,1.0,1.0,0.0,1.0,1.0,1.0,,4.0,6.0
oracle,oracle,0,ocdet,two_hole,heldout,val,chain_r+chain_s,,8,1.0,0.0,0.0,1.0,1.0,0.0,0.0,1.0,1.0,0.0,0.0,1.0,1.0,1.0,0.0,1.0,1.0,1.0,,5.0,1.0
oracle,oracle,0,ocdet,two_hole,heldout,val,chain_r+chain_s,,5,1.0,0.0,0.0,1.0,1.0,0.0,0.0,1.0,1.0,0.0,0.0,1.0,1.0,1.0,0.0,1.0,1.0,1.0,,5.0,2.0
oracle,oracle,0,ocdet,two_hole,heldout,val,chain_r+chain_s,,7,1.0,0.0,0.0,1.0,1.0,0.0,0.0,1.0,1.0,0.0,0.0,1.0,1.0,1.0,0.0,1.0,1.0,1.0,,5.0,3.0
oracle,oracle,0,ocdet,two_hole,heldout,val,chain_r+chain_s,,3,1.0,0.0,0.0,1.0,1.0,0.0,0.0,1.0,1.0,0.0,0.0,1.0,1.0,1.0,0.0,1.0,1.0,1.0,,5.0,4.0
oracle,oracle,0,ocdet,two_hole,heldout,val,chain_r+chain_s,,3,1.0,0.0,0.0,1.0,1.0,0.0,0.0,1.0,1.0,0.0,0.0,1.0,1.0,1.0,0.0,1.0,1.0,1.0,,5.0,6.0
oracle,oracle,0,ocdet,two_hole,heldout,val,chain_r+chain_s,,5,1.0,0.0,0.0,1.0,1.0,0.0,0.0,1.0,1.0,0.0,0.0,1.0,1.0,1.0,0.0,1.0,1.0,1.0,,6.0,1.0
oracle,oracle,0,ocdet,two_hole,heldout,val,chain_r+chain_s,,6,1.0,0.0,0.0,1.0,1.0,0.0,0.0,1.0,1.0,0.0,0.0,1.0,1.0,1.0,0.0,1.0,1.0,1.0,,6.0,2.0
oracle,oracle,0,ocdet,two_hole,heldout,val,chain_r+chain_s,,4,1.0,0.0,0.0,1.0,1.0,0.0,0.0,1.0,1.0,0.0,0.0,1.0,1.0,1.0,0.0,1.0,1.0,1.0,,6.0,3.0
oracle,oracle,0,ocdet,two_hole,heldout,val,chain_r+chain_s,,10,1.0,0.0,0.0,1.0,1.0,0.0,0.0,1.0,1.0,0.0,0.0,1.0,1.0,1.0,0.0,1.0,1.0,1.0,,6.0,4.0
oracle,oracle,0,ocdet,two_hole,heldout,val,chain_r+chain_s,,9,1.0,0.0,0.0,1.0,1.0,0.0,0.0,1.0,1.0,0.0,0.0,1.0,1.0,1.0,0.0,1.0,1.0,1.0,,6.0,5.0
oracle,oracle,0,ocdet,two_hole,heldout,test,orientation,1.0,229,1.0,0.0,0.0,1.0,1.0,0.0,0.0,1.0,1.0,0.0,0.0,1.0,1.0,1.0,0.0,1.0,1.0,1.0,,,
oracle,oracle,0,ocdet,two_hole,heldout,test,orientation,2.0,271,1.0,0.0,0.0,1.0,1.0,0.0,0.0,1.0,1.0,0.0,0.0,1.0,1.0,1.0,0.0,1.0,1.0,1.0,,,
oracle,oracle,0,ocdet,two_hole,heldout,test,kappa_gap,,176,1.0,0.0,0.0,1.0,1.0,0.0,0.0,1.0,1.0,0.0,0.0,1.0,1.0,1.0,0.0,1.0,1.0,1.0,1.0,,
oracle,oracle,0,ocdet,two_hole,heldout,test,kappa_gap,,131,1.0,0.0,0.0,1.0,1.0,0.0,0.0,1.0,1.0,0.0,0.0,1.0,1.0,1.0,0.0,1.0,1.0,1.0,2.0,,
oracle,oracle,0,ocdet,two_hole,heldout,test,kappa_gap,,101,1.0,0.0,0.0,1.0,1.0,0.0,0.0,1.0,1.0,0.0,0.0,1.0,1.0,1.0,0.0,1.0,1.0,1.0,3.0,,
oracle,oracle,0,ocdet,two_hole,heldout,test,kappa_gap,,60,1.0,0.0,0.0,1.0,1.0,0.0,0.0,1.0,1.0,0.0,0.0,1.0,1.0,1.0,0.0,1.0,1.0,1.0,4.0,,
oracle,oracle,0,ocdet,two_hole,heldout,test,kappa_gap,,32,1.0,0.0,0.0,1.0,1.0,0.0,0.0,1.0,1.0,0.0,0.0,1.0,1.0,1.0,0.0,1.0,1.0,1.0,5.0,,
oracle,oracle,0,ocdet,two_hole,heldout,test,chain_r+chain_s,,14,1.0,0.0,0.0,1.0,1.0,0.0,0.0,1.0,1.0,0.0,0.0,1.0,1.0,1.0,0.0,1.0,1.0,1.0,,1.0,2.0
oracle,oracle,0,ocdet,two_hole,heldout,test,chain_r+chain_s,,19,1.0,0.0,0.0,1.0,1.0,0.0,0.0,1.0,1.0,0.0,0.0,1.0,1.0,1.0,0.0,1.0,1.0,1.0,,1.0,3.0
oracle,oracle,0,ocdet,two_hole,heldout,test,chain_r+chain_s,,14,1.0,0.0,0.0,1.0,1.0,0.0,0.0,1.0,1.0,0.0,0.0,1.0,1.0,1.0,0.0,1.0,1.0,1.0,,1.0,4.0
oracle,oracle,0,ocdet,two_hole,heldout,test,chain_r+chain_s,,13,1.0,0.0,0.0,1.0,1.0,0.0,0.0,1.0,1.0,0.0,0.0,1.0,1.0,1.0,0.0,1.0,1.0,1.0,,1.0,5.0
oracle,oracle,0,ocdet,two_hole,heldout,test,chain_r+chain_s,,18,1.0,0.0,0.0,1.0,1.0,0.0,0.0,1.0,1.0,0.0,0.0,1.0,1.0,1.0,0.0,1.0,1.0,1.0,,1.0,6.0
oracle,oracle,0,ocdet,two_hole,heldout,test,chain_r+chain_s,,16,1.0,0.0,0.0,1.0,1.0,0.0,0.0,1.0,1.0,0.0,0.0,1.0,1.0,1.0,0.0,1.0,1.0,1.0,,2.0,1.0
oracle,oracle,0,ocdet,two_hole,heldout,test,chain_r+chain_s,,21,1.0,0.0,0.0,1.0,1.0,0.0,0.0,1.0,1.0,0.0,0.0,1.0,1.0,1.0,0.0,1.0,1.0,1.0,,2.0,3.0
oracle,oracle,0,ocdet,two_hole,heldout,test,chain_r+chain_s,,9,1.0,0.0,0.0,1.0,1.0,0.0,0.0,1.0,1.0,0.0,0.0,1.0,1.0,1.0,0.0,1.0,1.0,1.0,,2.0,4.0
oracle,oracle,0,ocdet,two_hole,heldout,test,chain_r+chain_s,,14,1.0,0.0,0.0,1.0,1.0,0.0,0.0,1.0,1.0,0.0,0.0,1.0,1.0,1.0,0.0,1.0,1.0,1.0,,2.0,5.0
oracle,oracle,0,ocdet,two_hole,heldout,test,chain_r+chain_s,,18,1.0,0.0,0.0,1.0,1.0,0.0,0.0,1.0,1.0,0.0,0.0,1.0,1.0,1.0,0.0,1.0,1.0,1.0,,2.0,6.0
oracle,oracle,0,ocdet,two_hole,heldout,test,chain_r+chain_s,,21,1.0,0.0,0.0,1.0,1.0,0.0,0.0,1.0,1.0,0.0,0.0,1.0,1.0,1.0,0.0,1.0,1.0,1.0,,3.0,1.0
oracle,oracle,0,ocdet,two_hole,heldout,test,chain_r+chain_s,,19,1.0,0.0,0.0,1.0,1.0,0.0,0.0,1.0,1.0,0.0,0.0,1.0,1.0,1.0,0.0,1.0,1.0,1.0,,3.0,2.0
oracle,oracle,0,ocdet,two_hole,heldout,test,chain_r+chain_s,,21,1.0,0.0,0.0,1.0,1.0,0.0,0.0,1.0,1.0,0.0,0.0,1.0,1.0,1.0,0.0,1.0,1.0,1.0,,3.0,4.0
oracle,oracle,0,ocdet,two_hole,heldout,test,chain_r+chain_s,,22,1.0,0.0,0.0,1.0,1.0,0.0,0.0,1.0,1.0,0.0,0.0,1.0,1.0,1.0,0.0,1.0,1.0,1.0,,3.0,5.0
oracle,oracle,0,ocdet,two_hole,heldout,test,chain_r+chain_s,,9,1.0,0.0,0.0,1.0,1.0,0.0,0.0,1.0,1.0,0.0,0.0,1.0,1.0,1.0,0.0,1.0,1.0,1.0,,3.0,6.0
oracle,oracle,0,ocdet,two_hole,heldout,test,chain_r+chain_s,,21,1.0,0.0,0.0,1.0,1.0,0.0,0.0,1.0,1.0,0.0,0.0,1.0,1.0,1.0,0.0,1.0,1.0,1.0,,4.0,1.0
oracle,oracle,0,ocdet,two_hole,heldout,test,chain_r+chain_s,,11,1.0,0.0,0.0,1.0,1.0,0.0,0.0,1.0,1.0,0.0,0.0,1.0,1.0,1.0,0.0,1.0,1.0,1.0,,4.0,2.0
oracle,oracle,0,ocdet,two_hole,heldout,test,chain_r+chain_s,,18,1.0,0.0,0.0,1.0,1.0,0.0,0.0,1.0,1.0,0.0,0.0,1.0,1.0,1.0,0.0,1.0,1.0,1.0,,4.0,3.0
oracle,oracle,0,ocdet,two_hole,heldout,test,chain_r+chain_s,,15,1.0,0.0,0.0,1.0,1.0,0.0,0.0,1.0,1.0,0.0,0.0,1.0,1.0,1.0,0.0,1.0,1.0,1.0,,4.0,5.0
oracle,oracle,0,ocdet,two_hole,heldout,test,chain_r+chain_s,,21,1.0,0.0,0.0,1.0,1.0,0.0,0.0,1.0,1.0,0.0,0.0,1.0,1.0,1.0,0.0,1.0,1.0,1.0,,4.0,6.0
oracle,oracle,0,ocdet,two_hole,heldout,test,chain_r+chain_s,,21,1.0,0.0,0.0,1.0,1.0,0.0,0.0,1.0,1.0,0.0,0.0,1.0,1.0,1.0,0.0,1.0,1.0,1.0,,5.0,1.0
oracle,oracle,0,ocdet,two_hole,heldout,test,chain_r+chain_s,,14,1.0,0.0,0.0,1.0,1.0,0.0,0.0,1.0,1.0,0.0,0.0,1.0,1.0,1.0,0.0,1.0,1.0,1.0,,5.0,2.0
oracle,oracle,0,ocdet,two_hole,heldout,test,chain_r+chain_s,,22,1.0,0.0,0.0,1.0,1.0,0.0,0.0,1.0,1.0,0.0,0.0,1.0,1.0,1.0,0.0,1.0,1.0,1.0,,5.0,3.0
oracle,oracle,0,ocdet,two_hole,heldout,test,chain_r+chain_s,,18,1.0,0.0,0.0,1.0,1.0,0.0,0.0,1.0,1.0,0.0,0.0,1.0,1.0,1.0,0.0,1.0,1.0,1.0,,5.0,4.0
oracle,oracle,0,ocdet,two_hole,heldout,test,chain_r+chain_s,,11,1.0,0.0,0.0,1.0,1.0,0.0,0.0,1.0,1.0,0.0,0.0,1.0,1.0,1.0,0.0,1.0,1.0,1.0,,5.0,6.0
oracle,oracle,0,ocdet,two_hole,heldout,test,chain_r+chain_s,,19,1.0,0.0,0.0,1.0,1.0,0.0,0.0,1.0,1.0,0.0,0.0,1.0,1.0,1.0,0.0,1.0,1.0,1.0,,6.0,1.0
oracle,oracle,0,ocdet,two_hole,heldout,test,chain_r+chain_s,,18,1.0,0.0,0.0,1.0,1.0,0.0,0.0,1.0,1.0,0.0,0.0,1.0,1.0,1.0,0.0,1.0,1.0,1.0,,6.0,2.0
oracle,oracle,0,ocdet,two_hole,heldout,test,chain_r+chain_s,,13,1.0,0.0,0.0,1.0,1.0,0.0,0.0,1.0,1.0,0.0,0.0,1.0,1.0,1.0,0.0,1.0,1.0,1.0,,6.0,3.0
oracle,oracle,0,ocdet,two_hole,heldout,test,chain_r+chain_s,,12,1.0,0.0,0.0,1.0,1.0,0.0,0.0,1.0,1.0,0.0,0.0,1.0,1.0,1.0,0.0,1.0,1.0,1.0,,6.0,4.0
oracle,oracle,0,ocdet,two_hole,heldout,test,chain_r+chain_s,,18,1.0,0.0,0.0,1.0,1.0,0.0,0.0,1.0,1.0,0.0,0.0,1.0,1.0,1.0,0.0,1.0,1.0,1.0,,6.0,5.0
count26,baseline,9550,ocdet,two_hole,clean,val,orientation,1.0,113,0.0,1.0,0.0,0.5,0.0,1.0,0.0,0.5,0.0,1.0,0.0,0.5,0.0,0.0,0.0,0.5,0.5,0.5,,,
count26,baseline,9550,ocdet,two_hole,clean,val,orientation,2.0,87,0.0,1.0,0.0,0.5,0.0,1.0,0.0,0.5,0.0,1.0,0.0,0.5,0.0,0.0,0.0,0.5000000000000001,0.5,0.5,,,
count26,baseline,9550,ocdet,two_hole,clean,val,kappa_gap,,63,0.0,1.0,0.0,0.5,0.0,1.0,0.0,0.5,0.0,1.0,0.0,0.5,0.0,0.0,0.0,0.5,0.5,0.5,1.0,,
count26,baseline,9550,ocdet,two_hole,clean,val,kappa_gap,,60,0.0,1.0,0.0,0.5,0.0,1.0,0.0,0.5,0.0,1.0,0.0,0.5,0.0,0.0,0.0,0.49999999999999994,0.5,0.5,2.0,,
count26,baseline,9550,ocdet,two_hole,clean,val,kappa_gap,,34,0.0,1.0,0.0,0.5,0.0,1.0,0.0,0.5,0.0,1.0,0.0,0.5,0.0,0.0,0.0,0.49999999999999994,0.5,0.5,3.0,,
count26,baseline,9550,ocdet,two_hole,clean,val,kappa_gap,,40,0.0,1.0,0.0,0.5,0.0,1.0,0.0,0.5,0.0,1.0,0.0,0.5,0.0,0.0,0.0,0.49999999999999994,0.5,0.5,4.0,,
count26,baseline,9550,ocdet,two_hole,clean,val,kappa_gap,,3,0.0,1.0,0.0,0.5,0.0,1.0,0.0,0.5,0.0,1.0,0.0,0.5,0.0,0.0,0.0,0.5,0.5,0.5,5.0,,
count26,baseline,9550,ocdet,two_hole,clean,val,chain_r+chain_s,,7,0.0,1.0,0.0,0.5,0.0,1.0,0.0,0.5,0.0,1.0,0.0,0.5,0.0,0.0,0.0,0.5,0.5,0.5,,1.0,2.0
count26,baseline,9550,ocdet,two_hole,clean,val,chain_r+chain_s,,12,0.0,1.0,0.0,0.5,0.0,1.0,0.0,0.5,0.0,1.0,0.0,0.5,0.0,0.0,0.0,0.49999999999999994,0.5,0.5,,1.0,3.0
count26,baseline,9550,ocdet,two_hole,clean,val,chain_r+chain_s,,8,0.0,1.0,0.0,0.5,0.0,1.0,0.0,0.5,0.0,1.0,0.0,0.5,0.0,0.0,0.0,0.5,0.5,0.5,,1.0,4.0
count26,baseline,9550,ocdet,two_hole,clean,val,chain_r+chain_s,,10,0.0,1.0,0.0,0.5,0.0,1.0,0.0,0.5,0.0,1.0,0.0,0.5,0.0,0.0,0.0,0.5,0.5,0.5,,1.0,5.0
count26,baseline,9550,ocdet,two_hole,clean,val,chain_r+chain_s,,8,0.0,1.0,0.0,0.5,0.0,1.0,0.0,0.5,0.0,1.0,0.0,0.5,0.0,0.0,0.0,0.5,0.5,0.5,,1.0,6.0
count26,baseline,9550,ocdet,two_hole,clean,val,chain_r+chain_s,,4,0.0,1.0,0.0,0.5,0.0,1.0,0.0,0.5,0.0,1.0,0.0,0.5,0.0,0.0,0.0,0.5,0.5,0.5,,2.0,1.0
count26,baseline,9550,ocdet,two_hole,clean,val,chain_r+chain_s,,5,0.0,1.0,0.0,0.5,0.0,1.0,0.0,0.5,0.0,1.0,0.0,0.5,0.0,0.0,0.0,0.5,0.5,0.5,,2.0,3.0
count26,baseline,9550,ocdet,two_hole,clean,val,chain_r+chain_s,,8,0.0,1.0,0.0,0.5,0.0,1.0,0.0,0.5,0.0,1.0,0.0,0.5,0.0,0.0,0.0,0.5,0.5,0.5,,2.0,4.0
count26,baseline,9550,ocdet,two_hole,clean,val,chain_r+chain_s,,5,0.0,1.0,0.0,0.5,0.0,1.0,0.0,0.5,0.0,1.0,0.0,0.5,0.0,0.0,0.0,0.5,0.5,0.5,,2.0,5.0
count26,baseline,9550,ocdet,two_hole,clean,val,chain_r+chain_s,,5,0.0,1.0,0.0,0.5,0.0,1.0,0.0,0.5,0.0,1.0,0.0,0.5,0.0,0.0,0.0,0.5,0.5,0.5,,2.0,6.0
count26,baseline,9550,ocdet,two_hole,clean,val,chain_r+chain_s,,4,0.0,1.0,0.0,0.5,0.0,1.0,0.0,0.5,0.0,1.0,0.0,0.5,0.0,0.0,0.0,0.5,0.5,0.5,,3.0,1.0
count26,baseline,9550,ocdet,two_hole,clean,val,chain_r+chain_s,,5,0.0,1.0,0.0,0.5,0.0,1.0,0.0,0.5,0.0,1.0,0.0,0.5,0.0,0.0,0.0,0.5,0.5,0.5,,3.0,2.0
count26,baseline,9550,ocdet,two_hole,clean,val,chain_r+chain_s,,4,0.0,1.0,0.0,0.5,0.0,1.0,0.0,0.5,0.0,1.0,0.0,0.5,0.0,0.0,0.0,0.5,0.5,0.5,,3.0,4.0
count26,baseline,9550,ocdet,two_hole,clean,val,chain_r+chain_s,,5,0.0,1.0,0.0,0.5,0.0,1.0,0.0,0.5,0.0,1.0,0.0,0.5,0.0,0.0,0.0,0.5,0.5,0.5,,3.0,5.0
count26,baseline,9550,ocdet,two_hole,clean,val,chain_r+chain_s,,7,0.0,1.0,0.0,0.5,0.0,1.0,0.0,0.5,0.0,1.0,0.0,0.5,0.0,0.0,0.0,0.5,0.5,0.5,,3.0,6.0
count26,baseline,9550,ocdet,two_hole,clean,val,chain_r+chain_s,,9,0.0,1.0,0.0,0.5,0.0,1.0,0.0,0.5,0.0,1.0,0.0,0.5,0.0,0.0,0.0,0.5,0.5,0.5,,4.0,1.0
count26,baseline,9550,ocdet,two_hole,clean,val,chain_r+chain_s,,3,0.0,1.0,0.0,0.5,0.0,1.0,0.0,0.5,0.0,1.0,0.0,0.5,0.0,0.0,0.0,0.5,0.5,0.5,,4.0,2.0
count26,baseline,9550,ocdet,two_hole,clean,val,chain_r+chain_s,,7,0.0,1.0,0.0,0.5,0.0,1.0,0.0,0.5,0.0,1.0,0.0,0.5,0.0,0.0,0.0,0.5,0.5,0.5,,4.0,3.0
count26,baseline,9550,ocdet,two_hole,clean,val,chain_r+chain_s,,7,0.0,1.0,0.0,0.5,0.0,1.0,0.0,0.5,0.0,1.0,0.0,0.5,0.0,0.0,0.0,0.5,0.5,0.5,,4.0,5.0
count26,baseline,9550,ocdet,two_hole,clean,val,chain_r+chain_s,,3,0.0,1.0,0.0,0.5,0.0,1.0,0.0,0.5,0.0,1.0,0.0,0.5,0.0,0.0,0.0,0.5,0.5,0.5,,4.0,6.0
count26,baseline,9550,ocdet,two_hole,clean,val,chain_r+chain_s,,12,0.0,1.0,0.0,0.5,0.0,1.0,0.0,0.5,0.0,1.0,0.0,0.5,0.0,0.0,0.0,0.49999999999999994,0.5,0.5,,5.0,1.0
count26,baseline,9550,ocdet,two_hole,clean,val,chain_r+chain_s,,8,0.0,1.0,0.0,0.5,0.0,1.0,0.0,0.5,0.0,1.0,0.0,0.5,0.0,0.0,0.0,0.5,0.5,0.5,,5.0,2.0
count26,baseline,9550,ocdet,two_hole,clean,val,chain_r+chain_s,,7,0.0,1.0,0.0,0.5,0.0,1.0,0.0,0.5,0.0,1.0,0.0,0.5,0.0,0.0,0.0,0.5,0.5,0.5,,5.0,3.0
count26,baseline,9550,ocdet,two_hole,clean,val,chain_r+chain_s,,6,0.0,1.0,0.0,0.5,0.0,1.0,0.0,0.5,0.0,1.0,0.0,0.5,0.0,0.0,0.0,0.5,0.5,0.5,,5.0,4.0
count26,baseline,9550,ocdet,two_hole,clean,val,chain_r+chain_s,,8,0.0,1.0,0.0,0.5,0.0,1.0,0.0,0.5,0.0,1.0,0.0,0.5,0.0,0.0,0.0,0.5,0.5,0.5,,5.0,6.0
count26,baseline,9550,ocdet,two_hole,clean,val,chain_r+chain_s,,7,0.0,1.0,0.0,0.5,0.0,1.0,0.0,0.5,0.0,1.0,0.0,0.5,0.0,0.0,0.0,0.5,0.5,0.5,,6.0,1.0
count26,baseline,9550,ocdet,two_hole,clean,val,chain_r+chain_s,,9,0.0,1.0,0.0,0.5,0.0,1.0,0.0,0.5,0.0,1.0,0.0,0.5,0.0,0.0,0.0,0.5,0.5,0.5,,6.0,2.0
count26,baseline,9550,ocdet,two_hole,clean,val,chain_r+chain_s,,4,0.0,1.0,0.0,0.5,0.0,1.0,0.0,0.5,0.0,1.0,0.0,0.5,0.0,0.0,0.0,0.5,0.5,0.5,,6.0,3.0
count26,baseline,9550,ocdet,two_hole,clean,val,chain_r+chain_s,,6,0.0,1.0,0.0,0.5,0.0,1.0,0.0,0.5,0.0,1.0,0.0,0.5,0.0,0.0,0.0,0.5,0.5,0.5,,6.0,4.0
count26,baseline,9550,ocdet,two_hole,clean,val,chain_r+chain_s,,7,0.0,1.0,0.0,0.5,0.0,1.0,0.0,0.5,0.0,1.0,0.0,0.5,0.0,0.0,0.0,0.5,0.5,0.5,,6.0,5.0
count26,baseline,9550,ocdet,two_hole,clean,test,orientation,1.0,261,0.0,1.0,0.0,0.5,0.0,1.0,0.0,0.5,0.0,1.0,0.0,0.5,0.0,0.0,0.0,0.5,0.5,0.5,,,
count26,baseline,9550,ocdet,two_hole,clean,test,orientation,2.0,239,0.0,1.0,0.0,0.5,0.0,1.0,0.0,0.5,0.0,1.0,0.0,0.5,0.0,0.0,0.0,0.5,0.5,0.5,,,
count26,baseline,9550,ocdet,two_hole,clean,test,kappa_gap,,166,0.0,1.0,0.0,0.5,0.0,1.0,0.0,0.5,0.0,1.0,0.0,0.5,0.0,0.0,0.0,0.5,0.5,0.5,1.0,,
count26,baseline,9550,ocdet,two_hole,clean,test,kappa_gap,,125,0.0,1.0,0.0,0.5,0.0,1.0,0.0,0.5,0.0,1.0,0.0,0.5,0.0,0.0,0.0,0.5,0.5,0.5,2.0,,
count26,baseline,9550,ocdet,two_hole,clean,test,kappa_gap,,114,0.0,1.0,0.0,0.5,0.0,1.0,0.0,0.5,0.0,1.0,0.0,0.5,0.0,0.0,0.0,0.5,0.5,0.5,3.0,,
count26,baseline,9550,ocdet,two_hole,clean,test,kappa_gap,,58,0.0,1.0,0.0,0.5,0.0,1.0,0.0,0.5,0.0,1.0,0.0,0.5,0.0,0.0,0.0,0.49999999999999994,0.5,0.5,4.0,,
count26,baseline,9550,ocdet,two_hole,clean,test,kappa_gap,,37,0.0,1.0,0.0,0.5,0.0,1.0,0.0,0.5,0.0,1.0,0.0,0.5,0.0,0.0,0.0,0.5,0.5,0.5,5.0,,
count26,baseline,9550,ocdet,two_hole,clean,test,chain_r+chain_s,,12,0.0,1.0,0.0,0.5,0.0,1.0,0.0,0.5,0.0,1.0,0.0,0.5,0.0,0.0,0.0,0.49999999999999994,0.5,0.5,,1.0,2.0
count26,baseline,9550,ocdet,two_hole,clean,test,chain_r+chain_s,,14,0.0,1.0,0.0,0.5,0.0,1.0,0.0,0.5,0.0,1.0,0.0,0.5,0.0,0.0,0.0,0.5,0.5,0.5,,1.0,3.0
count26,baseline,9550,ocdet,two_hole,clean,test,chain_r+chain_s,,14,0.0,1.0,0.0,0.5,0.0,1.0,0.0,0.5,0.0,1.0,0.0,0.5,0.0,0.0,0.0,0.5,0.5,0.5,,1.0,4.0
count26,baseline,9550,ocdet,two_hole,clean,test,chain_r+chain_s,,18,0.0,1.0,0.0,0.5,0.0,1.0,0.0,0.5,0.0,1.0,0.0,0.5,0.0,0.0,0.0,0.5,0.5,0.5,,1.0,5.0
count26,baseline,9550,ocdet,two_hole,clean,test,chain_r+chain_s,,22,0.0,1.0,0.0,0.5,0.0,1.0,0.0,0.5,0.0,1.0,0.0,0.5,0.0,0.0,0.0,0.5,0.5,0.5,,1.0,6.0
count26,baseline,9550,ocdet,two_hole,clean,test,chain_r+chain_s,,15,0.0,1.0,0.0,0.5,0.0,1.0,0.0,0.5,0.0,1.0,0.0,0.5,0.0,0.0,0.0,0.5,0.5,0.5,,2.0,1.0
count26,baseline,9550,ocdet,two_hole,clean,test,chain_r+chain_s,,19,0.0,1.0,0.0,0.5,0.0,1.0,0.0,0.5,0.0,1.0,0.0,0.5,0.0,0.0,0.0,0.5,0.5,0.5,,2.0,3.0
count26,baseline,9550,ocdet,two_hole,clean,test,chain_r+chain_s,,17,0.0,1.0,0.0,0.5,0.0,1.0,0.0,0.5,0.0,1.0,0.0,0.5,0.0,0.0,0.0,0.5,0.5,0.5,,2.0,4.0
count26,baseline,9550,ocdet,two_hole,clean,test,chain_r+chain_s,,23,0.0,1.0,0.0,0.5,0.0,1.0,0.0,0.5,0.0,1.0,0.0,0.5,0.0,0.0,0.0,0.5,0.5,0.5,,2.0,5.0
count26,baseline,9550,ocdet,two_hole,clean,test,chain_r+chain_s,,26,0.0,1.0,0.0,0.5,0.0,1.0,0.0,0.5,0.0,1.0,0.0,0.5,0.0,0.0,0.0,0.5000000000000001,0.5,0.5,,2.0,6.0
count26,baseline,9550,ocdet,two_hole,clean,test,chain_r+chain_s,,20,0.0,1.0,0.0,0.5,0.0,1.0,0.0,0.5,0.0,1.0,0.0,0.5,0.0,0.0,0.0,0.49999999999999994,0.5,0.5,,3.0,1.0
count26,baseline,9550,ocdet,two_hole,clean,test,chain_r+chain_s,,19,0.0,1.0,0.0,0.5,0.0,1.0,0.0,0.5,0.0,1.0,0.0,0.5,0.0,0.0,0.0,0.5,0.5,0.5,,3.0,2.0
count26,baseline,9550,ocdet,two_hole,clean,test,chain_r+chain_s,,10,0.0,1.0,0.0,0.5,0.0,1.0,0.0,0.5,0.0,1.0,0.0,0.5,0.0,0.0,0.0,0.5,0.5,0.5,,3.0,4.0
count26,baseline,9550,ocdet,two_hole,clean,test,chain_r+chain_s,,14,0.0,1.0,0.0,0.5,0.0,1.0,0.0,0.5,0.0,1.0,0.0,0.5,0.0,0.0,0.0,0.5,0.5,0.5,,3.0,5.0
count26,baseline,9550,ocdet,two_hole,clean,test,chain_r+chain_s,,17,0.0,1.0,0.0,0.5,0.0,1.0,0.0,0.5,0.0,1.0,0.0,0.5,0.0,0.0,0.0,0.5,0.5,0.5,,3.0,6.0
count26,baseline,9550,ocdet,two_hole,clean,test,chain_r+chain_s,,16,0.0,1.0,0.0,0.5,0.0,1.0,0.0,0.5,0.0,1.0,0.0,0.5,0.0,0.0,0.0,0.5,0.5,0.5,,4.0,1.0
count26,baseline,9550,ocdet,two_hole,clean,test,chain_r+chain_s,,14,0.0,1.0,0.0,0.5,0.0,1.0,0.0,0.5,0.0,1.0,0.0,0.5,0.0,0.0,0.0,0.5,0.5,0.5,,4.0,2.0
count26,baseline,9550,ocdet,two_hole,clean,test,chain_r+chain_s,,18,0.0,1.0,0.0,0.5,0.0,1.0,0.0,0.5,0.0,1.0,0.0,0.5,0.0,0.0,0.0,0.5,0.5,0.5,,4.0,3.0
count26,baseline,9550,ocdet,two_hole,clean,test,chain_r+chain_s,,17,0.0,1.0,0.0,0.5,0.0,1.0,0.0,0.5,0.0,1.0,0.0,0.5,0.0,0.0,0.0,0.5,0.5,0.5,,4.0,5.0
count26,baseline,9550,ocdet,two_hole,clean,test,chain_r+chain_s,,23,0.0,1.0,0.0,0.5,0.0,1.0,0.0,0.5,0.0,1.0,0.0,0.5,0.0,0.0,0.0,0.5,0.5,0.5,,4.0,6.0
count26,baseline,9550,ocdet,two_hole,clean,test,chain_r+chain_s,,16,0.0,1.0,0.0,0.5,0.0,1.0,0.0,0.5,0.0,1.0,0.0,0.5,0.0,0.0,0.0,0.5,0.5,0.5,,5.0,1.0
count26,baseline,9550,ocdet,two_hole,clean,test,chain_r+chain_s,,19,0.0,1.0,0.0,0.5,0.0,1.0,0.0,0.5,0.0,1.0,0.0,0.5,0.0,0.0,0.0,0.5,0.5,0.5,,5.0,2.0
count26,baseline,9550,ocdet,two_hole,clean,test,chain_r+chain_s,,15,0.0,1.0,0.0,0.5,0.0,1.0,0.0,0.5,0.0,1.0,0.0,0.5,0.0,0.0,0.0,0.5,0.5,0.5,,5.0,3.0
count26,baseline,9550,ocdet,two_hole,clean,test,chain_r+chain_s,,18,0.0,1.0,0.0,0.5,0.0,1.0,0.0,0.5,0.0,1.0,0.0,0.5,0.0,0.0,0.0,0.5,0.5,0.5,,5.0,4.0
count26,baseline,9550,ocdet,two_hole,clean,test,chain_r+chain_s,,14,0.0,1.0,0.0,0.5,0.0,1.0,0.0,0.5,0.0,1.0,0.0,0.5,0.0,0.0,0.0,0.5,0.5,0.5,,5.0,6.0
count26,baseline,9550,ocdet,two_hole,clean,test,chain_r+chain_s,,20,0.0,1.0,0.0,0.5,0.0,1.0,0.0,0.5,0.0,1.0,0.0,0.5,0.0,0.0,0.0,0.49999999999999994,0.5,0.5,,6.0,1.0
count26,baseline,9550,ocdet,two_hole,clean,test,chain_r+chain_s,,16,0.0,1.0,0.0,0.5,0.0,1.0,0.0,0.5,0.0,1.0,0.0,0.5,0.0,0.0,0.0,0.5,0.5,0.5,,6.0,2.0
count26,baseline,9550,ocdet,two_hole,clean,test,chain_r+chain_s,,14,0.0,1.0,0.0,0.5,0.0,1.0,0.0,0.5,0.0,1.0,0.0,0.5,0.0,0.0,0.0,0.5,0.5,0.5,,6.0,3.0
count26,baseline,9550,ocdet,two_hole,clean,test,chain_r+chain_s,,11,0.0,1.0,0.0,0.5,0.0,1.0,0.0,0.5,0.0,1.0,0.0,0.5,0.0,0.0,0.0,0.49999999999999994,0.5,0.5,,6.0,4.0
count26,baseline,9550,ocdet,two_hole,clean,test,chain_r+chain_s,,9,0.0,1.0,0.0,0.5,0.0,1.0,0.0,0.5,0.0,1.0,0.0,0.5,0.0,0.0,0.0,0.5,0.5,0.5,,6.0,5.0
count26,baseline,9550,ocdet,two_hole,heldout,val,orientation,1.0,119,0.0,1.0,0.0,0.5,0.0,1.0,0.0,0.5,0.0,1.0,0.0,0.5,0.0,0.0,0.0,0.5,0.5,0.5,,,
count26,baseline,9550,ocdet,two_hole,heldout,val,orientation,2.0,81,0.0,1.0,0.0,0.5,0.0,1.0,0.0,0.5,0.0,1.0,0.0,0.5,0.0,0.0,0.0,0.5,0.5,0.5,,,
count26,baseline,9550,ocdet,two_hole,heldout,val,kappa_gap,,65,0.0,1.0,0.0,0.5,0.0,1.0,0.0,0.5,0.0,1.0,0.0,0.5,0.0,0.0,0.0,0.5,0.5,0.5,1.0,,
count26,baseline,9550,ocdet,two_hole,heldout,val,kappa_gap,,56,0.0,1.0,0.0,0.5,0.0,1.0,0.0,0.5,0.0,1.0,0.0,0.5,0.0,0.0,0.0,0.49999999999999994,0.5,0.5,2.0,,
count26,baseline,9550,ocdet,two_hole,heldout,val,kappa_gap,,38,0.0,1.0,0.0,0.5,0.0,1.0,0.0,0.5,0.0,1.0,0.0,0.5,0.0,0.0,0.0,0.5,0.5,0.5,3.0,,
count26,baseline,9550,ocdet,two_hole,heldout,val,kappa_gap,,26,0.0,1.0,0.0,0.5,0.0,1.0,0.0,0.5,0.0,1.0,0.0,0.5,0.0,0.0,0.0,0.5000000000000001,0.5,0.5,4.0,,
count26,baseline,9550,ocdet,two_hole,heldout,val,kappa_gap,,15,0.0,1.0,0.0,0.5,0.0,1.0,0.0,0.5,0.0,1.0,0.0,0.5,0.0,0.0,0.0,0.5,0.5,0.5,5.0,,
count26,baseline,9550,ocdet,two_hole,heldout,val,chain_r+chain_s,,8,0.0,1.0,0.0,0.5,0.0,1.0,0.0,0.5,0.0,1.0,0.0,0.5,0.0,0.0,0.0,0.5,0.5,0.5,,1.0,2.0
count26,baseline,9550,ocdet,two_hole,heldout,val,chain_r+chain_s,,8,0.0,1.0,0.0,0.5,0.0,1.0,0.0,0.5,0.0,1.0,0.0,0.5,0.0,0.0,0.0,0.5,0.5,0.5,,1.0,3.0
count26,baseline,9550,ocdet,two_hole,heldout,val,chain_r+chain_s,,5,0.0,1.0,0.0,0.5,0.0,1.0,0.0,0.5,0.0,1.0,0.0,0.5,0.0,0.0,0.0,0.5,0.5,0.5,,1.0,4.0
count26,baseline,9550,ocdet,two_hole,heldout,val,chain_r+chain_s,,9,0.0,1.0,0.0,0.5,0.0,1.0,0.0,0.5,0.0,1.0,0.0,0.5,0.0,0.0,0.0,0.5,0.5,0.5,,1.0,5.0
count26,baseline,9550,ocdet,two_hole,heldout,val,chain_r+chain_s,,7,0.0,1.0,0.0,0.5,0.0,1.0,0.0,0.5,0.0,1.0,0.0,0.5,0.0,0.0,0.0,0.5,0.5,0.5,,1.0,6.0
count26,baseline,9550,ocdet,two_hole,heldout,val,chain_r+chain_s,,6,0.0,1.0,0.0,0.5,0.0,1.0,0.0,0.5,0.0,1.0,0.0,0.5,0.0,0.0,0.0,0.5,0.5,0.5,,2.0,1.0
count26,baseline,9550,ocdet,two_hole,heldout,val,chain_r+chain_s,,3,0.0,1.0,0.0,0.5,0.0,1.0,0.0,0.5,0.0,1.0,0.0,0.5,0.0,0.0,0.0,0.5,0.5,0.5,,2.0,3.0
count26,baseline,9550,ocdet,two_hole,heldout,val,chain_r+chain_s,,8,0.0,1.0,0.0,0.5,0.0,1.0,0.0,0.5,0.0,1.0,0.0,0.5,0.0,0.0,0.0,0.5,0.5,0.5,,2.0,4.0
count26,baseline,9550,ocdet,two_hole,heldout,val,chain_r+chain_s,,5,0.0,1.0,0.0,0.5,0.0,1.0,0.0,0.5,0.0,1.0,0.0,0.5,0.0,0.0,0.0,0.5,0.5,0.5,,2.0,5.0
count26,baseline,9550,ocdet,two_hole,heldout,val,chain_r+chain_s,,3,0.0,1.0,0.0,0.5,0.0,1.0,0.0,0.5,0.0,1.0,0.0,0.5,0.0,0.0,0.0,0.5,0.5,0.5,,2.0,6.0
count26,baseline,9550,ocdet,two_hole,heldout,val,chain_r+chain_s,,7,0.0,1.0,0.0,0.5,0.0,1.0,0.0,0.5,0.0,1.0,0.0,0.5,0.0,0.0,0.0,0.5,0.5,0.5,,3.0,1.0
count26,baseline,9550,ocdet,two_hole,heldout,val,chain_r+chain_s,,9,0.0,1.0,0.0,0.5,0.0,1.0,0.0,0.5,0.0,1.0,0.0,0.5,0.0,0.0,0.0,0.5,0.5,0.5,,3.0,2.0
count26,baseline,9550,ocdet,two_hole,heldout,val,chain_r+chain_s,,8,0.0,1.0,0.0,0.5,0.0,1.0,0.0,0.5,0.0,1.0,0.0,0.5,0.0,0.0,0.0,0.5,0.5,0.5,,3.0,4.0
count26,baseline,9550,ocdet,two_hole,heldout,val,chain_r+chain_s,,8,0.0,1.0,0.0,0.5,0.0,1.0,0.0,0.5,0.0,1.0,0.0,0.5,0.0,0.0,0.0,0.5,0.5,0.5,,3.0,5.0
count26,baseline,9550,ocdet,two_hole,heldout,val,chain_r+chain_s,,6,0.0,1.0,0.0,0.5,0.0,1.0,0.0,0.5,0.0,1.0,0.0,0.5,0.0,0.0,0.0,0.5,0.5,0.5,,3.0,6.0
count26,baseline,9550,ocdet,two_hole,heldout,val,chain_r+chain_s,,10,0.0,1.0,0.0,0.5,0.0,1.0,0.0,0.5,0.0,1.0,0.0,0.5,0.0,0.0,0.0,0.5,0.5,0.5,,4.0,1.0
count26,baseline,9550,ocdet,two_hole,heldout,val,chain_r+chain_s,,4,0.0,1.0,0.0,0.5,0.0,1.0,0.0,0.5,0.0,1.0,0.0,0.5,0.0,0.0,0.0,0.5,0.5,0.5,,4.0,2.0
count26,baseline,9550,ocdet,two_hole,heldout,val,chain_r+chain_s,,10,0.0,1.0,0.0,0.5,0.0,1.0,0.0,0.5,0.0,1.0,0.0,0.5,0.0,0.0,0.0,0.5,0.5,0.5,,4.0,3.0
count26,baseline,9550,ocdet,two_hole,heldout,val,chain_r+chain_s,,12,0.0,1.0,0.0,0.5,0.0,1.0,0.0,0.5,0.0,1.0,0.0,0.5,0.0,0.0,0.0,0.49999999999999994,0.5,0.5,,4.0,5.0
count26,baseline,9550,ocdet,two_hole,heldout,val,chain_r+chain_s,,4,0.0,1.0,0.0,0.5,0.0,1.0,0.0,0.5,0.0,1.0,0.0,0.5,0.0,0.0,0.0,0.5,0.5,0.5,,4.0,6.0
count26,baseline,9550,ocdet,two_hole,heldout,val,chain_r+chain_s,,8,0.0,1.0,0.0,0.5,0.0,1.0,0.0,0.5,0.0,1.0,0.0,0.5,0.0,0.0,0.0,0.5,0.5,0.5,,5.0,1.0
count26,baseline,9550,ocdet,two_hole,heldout,val,chain_r+chain_s,,5,0.0,1.0,0.0,0.5,0.0,1.0,0.0,0.5,0.0,1.0,0.0,0.5,0.0,0.0,0.0,0.5,0.5,0.5,,5.0,2.0
count26,baseline,9550,ocdet,two_hole,heldout,val,chain_r+chain_s,,7,0.0,1.0,0.0,0.5,0.0,1.0,0.0,0.5,0.0,1.0,0.0,0.5,0.0,0.0,0.0,0.5,0.5,0.5,,5.0,3.0
count26,baseline,9550,ocdet,two_hole,heldout,val,chain_r+chain_s,,3,0.0,1.0,0.0,0.5,0.0,1.0,0.0,0.5,0.0,1.0,0.0,0.5,0.0,0.0,0.0,0.5,0.5,0.5,,5.0,4.0
count26,baseline,9550,ocdet,two_hole,heldout,val,chain_r+chain_s,,3,0.0,1.0,0.0,0.5,0.0,1.0,0.0,0.5,0.0,1.0,0.0,0.5,0.0,0.0,0.0,0.5,0.5,0.5,,5.0,6.0
count26,baseline,9550,ocdet,two_hole,heldout,val,chain_r+chain_s,,5,0.0,1.0,0.0,0.5,0.0,1.0,0.0,0.5,0.0,1.0,0.0,0.5,0.0,0.0,0.0,0.5,0.5,0.5,,6.0,1.0
count26,baseline,9550,ocdet,two_hole,heldout,val,chain_r+chain_s,,6,0.0,1.0,0.0,0.5,0.0,1.0,0.0,0.5,0.0,1.0,0.0,0.5,0.0,0.0,0.0,0.5,0.5,0.5,,6.0,2.0
count26,baseline,9550,ocdet,two_hole,heldout,val,chain_r+chain_s,,4,0.0,1.0,0.0,0.5,0.0,1.0,0.0,0.5,0.0,1.0,0.0,0.5,0.0,0.0,0.0,0.5,0.5,0.5,,6.0,3.0
count26,baseline,9550,ocdet,two_hole,heldout,val,chain_r+chain_s,,10,0.0,1.0,0.0,0.5,0.0,1.0,0.0,0.5,0.0,1.0,0.0,0.5,0.0,0.0,0.0,0.5,0.5,0.5,,6.0,4.0
count26,baseline,9550,ocdet,two_hole,heldout,val,chain_r+chain_s,,9,0.0,1.0,0.0,0.5,0.0,1.0,0.0,0.5,0.0,1.0,0.0,0.5,0.0,0.0,0.0,0.5,0.5,0.5,,6.0,5.0
count26,baseline,9550,ocdet,two_hole,heldout,test,orientation,1.0,229,0.0,1.0,0.0,0.5,0.0,1.0,0.0,0.5,0.0,1.0,0.0,0.5,0.0,0.0,0.0,0.49999999999999994,0.5,0.5,,,
count26,baseline,9550,ocdet,two_hole,heldout,test,orientation,2.0,271,0.0,1.0,0.0,0.5,0.0,1.0,0.0,0.5,0.0,1.0,0.0,0.5,0.0,0.0,0.0,0.5,0.5,0.5,,,
count26,baseline,9550,ocdet,two_hole,heldout,test,kappa_gap,,176,0.0,1.0,0.0,0.5,0.0,1.0,0.0,0.5,0.0,1.0,0.0,0.5,0.0,0.0,0.0,0.49999999999999994,0.5,0.5,1.0,,
count26,baseline,9550,ocdet,two_hole,heldout,test,kappa_gap,,131,0.0,1.0,0.0,0.5,0.0,1.0,0.0,0.5,0.0,1.0,0.0,0.5,0.0,0.0,0.0,0.49999999999999994,0.5,0.5,2.0,,
count26,baseline,9550,ocdet,two_hole,heldout,test,kappa_gap,,101,0.0,1.0,0.0,0.5,0.0,1.0,0.0,0.5,0.0,1.0,0.0,0.5,0.0,0.0,0.0,0.5,0.5,0.5,3.0,,
count26,baseline,9550,ocdet,two_hole,heldout,test,kappa_gap,,60,0.0,1.0,0.0,0.5,0.0,1.0,0.0,0.5,0.0,1.0,0.0,0.5,0.0,0.0,0.0,0.49999999999999994,0.5,0.5,4.0,,
count26,baseline,9550,ocdet,two_hole,heldout,test,kappa_gap,,32,0.0,1.0,0.0,0.5,0.0,1.0,0.0,0.5,0.0,1.0,0.0,0.5,0.0,0.0,0.0,0.5,0.5,0.5,5.0,,
count26,baseline,9550,ocdet,two_hole,heldout,test,chain_r+chain_s,,14,0.0,1.0,0.0,0.5,0.0,1.0,0.0,0.5,0.0,1.0,0.0,0.5,0.0,0.0,0.0,0.5,0.5,0.5,,1.0,2.0
count26,baseline,9550,ocdet,two_hole,heldout,test,chain_r+chain_s,,19,0.0,1.0,0.0,0.5,0.0,1.0,0.0,0.5,0.0,1.0,0.0,0.5,0.0,0.0,0.0,0.5,0.5,0.5,,1.0,3.0
count26,baseline,9550,ocdet,two_hole,heldout,test,chain_r+chain_s,,14,0.0,1.0,0.0,0.5,0.0,1.0,0.0,0.5,0.0,1.0,0.0,0.5,0.0,0.0,0.0,0.5,0.5,0.5,,1.0,4.0
count26,baseline,9550,ocdet,two_hole,heldout,test,chain_r+chain_s,,13,0.0,1.0,0.0,0.5,0.0,1.0,0.0,0.5,0.0,1.0,0.0,0.5,0.0,0.0,0.0,0.5,0.5,0.5,,1.0,5.0
count26,baseline,9550,ocdet,two_hole,heldout,test,chain_r+chain_s,,18,0.0,1.0,0.0,0.5,0.0,1.0,0.0,0.5,0.0,1.0,0.0,0.5,0.0,0.0,0.0,0.5,0.5,0.5,,1.0,6.0
count26,baseline,9550,ocdet,two_hole,heldout,test,chain_r+chain_s,,16,0.0,1.0,0.0,0.5,0.0,1.0,0.0,0.5,0.0,1.0,0.0,0.5,0.0,0.0,0.0,0.5,0.5,0.5,,2.0,1.0
count26,baseline,9550,ocdet,two_hole,heldout,test,chain_r+chain_s,,21,0.0,1.0,0.0,0.5,0.0,1.0,0.0,0.5,0.0,1.0,0.0,0.5,0.0,0.0,0.0,0.5,0.5,0.5,,2.0,3.0
count26,baseline,9550,ocdet,two_hole,heldout,test,chain_r+chain_s,,9,0.0,1.0,0.0,0.5,0.0,1.0,0.0,0.5,0.0,1.0,0.0,0.5,0.0,0.0,0.0,0.5,0.5,0.5,,2.0,4.0
count26,baseline,9550,ocdet,two_hole,heldout,test,chain_r+chain_s,,14,0.0,1.0,0.0,0.5,0.0,1.0,0.0,0.5,0.0,1.0,0.0,0.5,0.0,0.0,0.0,0.5,0.5,0.5,,2.0,5.0
count26,baseline,9550,ocdet,two_hole,heldout,test,chain_r+chain_s,,18,0.0,1.0,0.0,0.5,0.0,1.0,0.0,0.5,0.0,1.0,0.0,0.5,0.0,0.0,0.0,0.5,0.5,0.5,,2.0,6.0
count26,baseline,9550,ocdet,two_hole,heldout,test,chain_r+chain_s,,21,0.0,1.0,0.0,0.5,0.0,1.0,0.0,0.5,0.0,1.0,0.0,0.5,0.0,0.0,0.0,0.5,0.5,0.5,,3.0,1.0
count26,baseline,9550,ocdet,two_hole,heldout,test,chain_r+chain_s,,19,0.0,1.0,0.0,0.5,0.0,1.0,0.0,0.5,0.0,1.0,0.0,0.5,0.0,0.0,0.0,0.5,0.5,0.5,,3.0,2.0
count26,baseline,9550,ocdet,two_hole,heldout,test,chain_r+chain_s,,21,0.0,1.0,0.0,0.5,0.0,1.0,0.0,0.5,0.0,1.0,0.0,0.5,0.0,0.0,0.0,0.5,0.5,0.5,,3.0,4.0
count26,baseline,9550,ocdet,two_hole,heldout,test,chain_r+chain_s,,22,0.0,1.0,0.0,0.5,0.0,1.0,0.0,0.5,0.0,1.0,0.0,0.5,0.0,0.0,0.0,0.5,0.5,0.5,,3.0,5.0
count26,baseline,9550,ocdet,two_hole,heldout,test,chain_r+chain_s,,9,0.0,1.0,0.0,0.5,0.0,1.0,0.0,0.5,0.0,1.0,0.0,0.5,0.0,0.0,0.0,0.5,0.5,0.5,,3.0,6.0
count26,baseline,9550,ocdet,two_hole,heldout,test,chain_r+chain_s,,21,0.0,1.0,0.0,0.5,0.0,1.0,0.0,0.5,0.0,1.0,0.0,0.5,0.0,0.0,0.0,0.5,0.5,0.5,,4.0,1.0
count26,baseline,9550,ocdet,two_hole,heldout,test,chain_r+chain_s,,11,0.0,1.0,0.0,0.5,0.0,1.0,0.0,0.5,0.0,1.0,0.0,0.5,0.0,0.0,0.0,0.49999999999999994,0.5,0.5,,4.0,2.0
count26,baseline,9550,ocdet,two_hole,heldout,test,chain_r+chain_s,,18,0.0,1.0,0.0,0.5,0.0,1.0,0.0,0.5,0.0,1.0,0.0,0.5,0.0,0.0,0.0,0.5,0.5,0.5,,4.0,3.0
count26,baseline,9550,ocdet,two_hole,heldout,test,chain_r+chain_s,,15,0.0,1.0,0.0,0.5,0.0,1.0,0.0,0.5,0.0,1.0,0.0,0.5,0.0,0.0,0.0,0.5,0.5,0.5,,4.0,5.0
count26,baseline,9550,ocdet,two_hole,heldout,test,chain_r+chain_s,,21,0.0,1.0,0.0,0.5,0.0,1.0,0.0,0.5,0.0,1.0,0.0,0.5,0.0,0.0,0.0,0.5,0.5,0.5,,4.0,6.0
count26,baseline,9550,ocdet,two_hole,heldout,test,chain_r+chain_s,,21,0.0,1.0,0.0,0.5,0.0,1.0,0.0,0.5,0.0,1.0,0.0,0.5,0.0,0.0,0.0,0.5,0.5,0.5,,5.0,1.0
count26,baseline,9550,ocdet,two_hole,heldout,test,chain_r+chain_s,,14,0.0,1.0,0.0,0.5,0.0,1.0,0.0,0.5,0.0,1.0,0.0,0.5,0.0,0.0,0.0,0.5,0.5,0.5,,5.0,2.0
count26,baseline,9550,ocdet,two_hole,heldout,test,chain_r+chain_s,,22,0.0,1.0,0.0,0.5,0.0,1.0,0.0,0.5,0.0,1.0,0.0,0.5,0.0,0.0,0.0,0.5,0.5,0.5,,5.0,3.0
count26,baseline,9550,ocdet,two_hole,heldout,test,chain_r+chain_s,,18,0.0,1.0,0.0,0.5,0.0,1.0,0.0,0.5,0.0,1.0,0.0,0.5,0.0,0.0,0.0,0.5,0.5,0.5,,5.0,4.0
count26,baseline,9550,ocdet,two_hole,heldout,test,chain_r+chain_s,,11,0.0,1.0,0.0,0.5,0.0,1.0,0.0,0.5,0.0,1.0,0.0,0.5,0.0,0.0,0.0,0.49999999999999994,0.5,0.5,,5.0,6.0
count26,baseline,9550,ocdet,two_hole,heldout,test,chain_r+chain_s,,19,0.0,1.0,0.0,0.5,0.0,1.0,0.0,0.5,0.0,1.0,0.0,0.5,0.0,0.0,0.0,0.5,0.5,0.5,,6.0,1.0
count26,baseline,9550,ocdet,two_hole,heldout,test,chain_r+chain_s,,18,0.0,1.0,0.0,0.5,0.0,1.0,0.0,0.5,0.0,1.0,0.0,0.5,0.0,0.0,0.0,0.5,0.5,0.5,,6.0,2.0
count26,baseline,9550,ocdet,two_hole,heldout,test,chain_r+chain_s,,13,0.0,1.0,0.0,0.5,0.0,1.0,0.0,0.5,0.0,1.0,0.0,0.5,0.0,0.0,0.0,0.5,0.5,0.5,,6.0,3.0
count26,baseline,9550,ocdet,two_hole,heldout,test,chain_r+chain_s,,12,0.0,1.0,0.0,0.5,0.0,1.0,0.0,0.5,0.0,1.0,0.0,0.5,0.0,0.0,0.0,0.49999999999999994,0.5,0.5,,6.0,4.0
count26,baseline,9550,ocdet,two_hole,heldout,test,chain_r+chain_s,,18,0.0,1.0,0.0,0.5,0.0,1.0,0.0,0.5,0.0,1.0,0.0,0.5,0.0,0.0,0.0,0.5,0.5,0.5,,6.0,5.0
LSTM,scratch,9550,ocdet,two_hole,clean,val,orientation,1.0,113,0.415929203539823,0.0,0.584070796460177,0.415929203539823,0.415929203539823,0.0,0.584070796460177,0.415929203539823,0.415929203539823,0.0,0.584070796460177,0.415929203539823,-0.077649309110325,-0.08423739671707153,0.589226564069249,0.4802255462448117,0.3274336283185841,0.504424778761062,,,
LSTM,scratch,9550,ocdet,two_hole,clean,val,orientation,2.0,87,0.5287356321839081,0.0,0.47126436781609193,0.5287356321839081,0.5287356321839081,0.0,0.47126436781609193,0.5287356321839081,0.5287356321839081,0.0,0.47126436781609193,0.5287356321839081,0.08524779688524103,0.019746601581573486,0.6615676870312245,0.5177698507068305,0.42528735632183906,0.632183908045977,,,
LSTM,scratch,9550,ocdet,two_hole,clean,val,kappa_gap,,63,0.42857142857142855,0.0,0.5714285714285714,0.42857142857142855,0.42857142857142855,0.0,0.5714285714285714,0.42857142857142855,0.42857142857142855,0.0,0.5714285714285714,0.42857142857142855,0.016712098160669916,-0.04574960470199585,0.5636779789753033,0.47039556563366086,0.31746031746031744,0.5555555555555556,1.0,,
LSTM,scratch,9550,ocdet,two_hole,clean,val,kappa_gap,,60,0.4666666666666667,0.0,0.5333333333333333,0.4666666666666667,0.4666666666666667,0.0,0.5333333333333333,0.4666666666666667,0.4666666666666667,0.0,0.5333333333333333,0.4666666666666667,-0.03422301784157753,-0.04042863845825195,0.5262776325349209,0.4869444444444444,0.3333333333333333,0.6,2.0,,
LSTM,scratch,9550,ocdet,two_hole,clean,val,kappa_gap,,34,0.4411764705882353,0.0,0.5588235294117647,0.4411764705882353,0.4411764705882353,0.0,0.5588235294117647,0.4411764705882353,0.4411764705882353,0.0,0.5588235294117647,0.4411764705882353,-0.05190121004467502,-0.04710299149155617,0.7597641214217571,0.49653979238754326,0.29411764705882354,0.6176470588235294,3.0,,
LSTM,scratch,9550,ocdet,two_hole,clean,val,kappa_gap,,40,0.55,0.0,0.45,0.55,0.55,0.0,0.45,0.55,0.55,0.0,0.45,0.55,0.06607313714921474,0.039128631353378296,0.7169187498106319,0.51125,0.4,0.7006249999999994,4.0,,
LSTM,scratch,9550,ocdet,two_hole,clean,val,kappa_gap,,3,0.3333333333333333,0.0,0.6666666666666666,0.3333333333333333,0.3333333333333333,0.0,0.6666666666666666,0.3333333333333333,0.3333333333333333,0.0,0.6666666666666666,0.3333333333333333,-0.4118596861759822,-0.6585420072078705,0.5597368826472915,0.4444444444444445,0.0,1.0,5.0,,
LSTM,scratch,9550,ocdet,two_hole,clean,val,chain_r+chain_s,,7,0.14285714285714285,0.0,0.8571428571428571,0.14285714285714285,0.14285714285714285,0.0,0.8571428571428571,0.14285714285714285,0.14285714285714285,0.0,0.8571428571428571,0.14285714285714285,-0.17272648641041347,-0.16602730751037598,0.2428361576373137,0.3877551020408163,0.0,0.42857142857142855,,1.0,2.0
LSTM,scratch,9550,ocdet,two_hole,clean,val,chain_r+chain_s,,12,0.3333333333333333,0.0,0.6666666666666666,0.3333333333333333,0.3333333333333333,0.0,0.6666666666666666,0.3333333333333333,0.3333333333333333,0.0,0.6666666666666666,0.3333333333333333,-0.03250551720460256,-0.277918204665184,0.9261578111543987,0.48611111111111105,0.08333333333333333,0.5833333333333334,,1.0,3.0
LSTM,scratch,9550,ocdet,two_hole,clean,val,chain_r+chain_s,,8,0.375,0.0,0.625,0.375,0.375,0.0,0.625,0.375,0.375,0.0,0.625,0.375,-0.33401856385171413,-0.6434047073125839,0.8334530139924348,0.4375,0.125,0.75,,1.0,4.0
LSTM,scratch,9550,ocdet,two_hole,clean,val,chain_r+chain_s,,10,0.3,0.0,0.7,0.3,0.3,0.0,0.7,0.3,0.3,0.0,0.7,0.3,-0.39695891216397283,-0.6119013875722885,0.9997879998844396,0.38,0.0,0.6,,1.0,5.0
LSTM,scratch,9550,ocdet,two_hole,clean,val,chain_r+chain_s,,8,0.5,0.0,0.5,0.5,0.5,0.0,0.5,0.5,0.5,0.0,0.5,0.5,0.2516461256891489,0.03657132387161255,0.9418135161433664,0.53125,0.125,0.875,,1.0,6.0
LSTM,scratch,9550,ocdet,two_hole,clean,val,chain_r+chain_s,,4,0.75,0.0,0.25,0.75,0.75,0.0,0.25,0.75,0.75,0.0,0.25,0.75,0.3271223269402981,0.2647227644920349,0.4445286902088297,0.5625,0.25,1.0,,2.0,1.0
LSTM,scratch,9550,ocdet,two_hole,clean,val,chain_r+chain_s,,5,0.2,0.0,0.8,0.2,0.2,0.0,0.8,0.2,0.2,0.0,0.8,0.2,-0.10490186214447021,-0.1759498119354248,0.16447132598901204,0.44000000000000006,0.0,0.6,,2.0,3.0
LSTM,scratch,9550,ocdet,two_hole,clean,val,chain_r+chain_s,,8,0.375,0.0,0.625,0.375,0.375,0.0,0.625,0.375,0.375,0.0,0.625,0.375,-0.21071065962314606,-0.08319464325904846,0.5408421339792464,0.4375,0.0,0.75,,2.0,4.0
LSTM,scratch,9550,ocdet,two_hole,clean,val,chain_r+chain_s,,5,0.2,0.0,0.8,0.2,0.2,0.0,0.8,0.2,0.2,0.0,0.8,0.2,-0.10978231728076934,-0.10075867176055908,0.3143250048885172,0.43999999999999995,0.0,0.6,,2.0,5.0
LSTM,scratch,9550,ocdet,two_hole,clean,val,chain_r+chain_s,,5,0.6,0.0,0.4,0.6,0.6,0.0,0.4,0.6,0.6,0.0,0.4,0.6,0.35552127063274386,0.1476207971572876,0.5977405980963812,0.5599999999999999,0.2,1.0,,2.0,6.0
LSTM,scratch,9550,ocdet,two_hole,clean,val,chain_r+chain_s,,4,0.5,0.0,0.5,0.5,0.5,0.0,0.5,0.5,0.5,0.0,0.5,0.5,0.09032396972179413,0.037695467472076416,0.1736220459498956,0.5,0.0,1.0,,3.0,1.0
LSTM,scratch,9550,ocdet,two_hole,clean,val,chain_r+chain_s,,5,0.6,0.0,0.4,0.6,0.6,0.0,0.4,0.6,0.6,0.0,0.4,0.6,0.14637377262115478,0.07540464401245117,0.30256335918382166,0.5599999999999999,0.2,1.0,,3.0,2.0
LSTM,scratch,9550,ocdet,two_hole,clean,val,chain_r+chain_s,,4,0.25,0.0,0.75,0.25,0.25,0.0,0.75,0.25,0.25,0.0,0.75,0.25,-0.20358694344758987,-0.09277692437171936,0.4438371217016789,0.375,0.0,0.75,,3.0,4.0
LSTM,scratch,9550,ocdet,two_hole,clean,val,chain_r+chain_s,,5,0.6,0.0,0.4,0.6,0.6,0.0,0.4,0.6,0.6,0.0,0.4,0.6,0.0563008364289999,0.1904408037662506,0.5471379114155454,0.56,0.2,1.0,,3.0,5.0
LSTM,scratch,9550,ocdet,two_hole,clean,val,chain_r+chain_s,,7,0.5714285714285714,0.0,0.42857142857142855,0.5714285714285714,0.5714285714285714,0.0,0.42857142857142855,0.5714285714285714,0.5714285714285714,0.0,0.42857142857142855,0.5714285714285714,0.219621836074761,0.0027214884757995605,0.5258239801407122,0.5306122448979591,0.14285714285714285,0.8571428571428571,,3.0,6.0
LSTM,scratch,9550,ocdet,two_hole,clean,val,chain_r+chain_s,,9,0.3333333333333333,0.0,0.6666666666666666,0.3333333333333333,0.3333333333333333,0.0,0.6666666666666666,0.3333333333333333,0.3333333333333333,0.0,0.6666666666666666,0.3333333333333333,-0.08167759743001726,-0.40085309743881226,0.8268269812818345,0.43209876543209874,0.0,0.6666666666666666,,4.0,1.0
LSTM,scratch,9550,ocdet,two_hole,clean,val,chain_r+chain_s,,3,0.6666666666666666,0.0,0.3333333333333333,0.6666666666666666,0.6666666666666666,0.0,0.3333333333333333,0.6666666666666666,0.6666666666666666,0.0,0.3333333333333333,0.6666666666666666,0.20474855105082193,0.17046773433685303,0.35336608382156964,0.6666666666666666,0.0,1.0,,4.0,2.0
LSTM,scratch,9550,ocdet,two_hole,clean,val,chain_r+chain_s,,7,0.8571428571428571,0.0,0.14285714285714285,0.8571428571428571,0.8571428571428571,0.0,0.14285714285714285,0.8571428571428571,0.8571428571428571,0.0,0.14285714285714285,0.8571428571428571,0.15274870608534133,0.1618691086769104,0.14786349053449202,0.5714285714285714,0.5714285714285714,1.0,,4.0,3.0
LSTM,scratch,9550,ocdet,two_hole,clean,val,chain_r+chain_s,,7,0.7142857142857143,0.0,0.2857142857142857,0.7142857142857143,0.7142857142857143,0.0,0.2857142857142857,0.7142857142857143,0.7142857142857143,0.0,0.2857142857142857,0.7142857142857143,0.06023860829217093,0.04370628297328949,0.16151202555068864,0.5306122448979592,0.42857142857142855,1.0,,4.0,5.0
LSTM,scratch,9550,ocdet,two_hole,clean,val,chain_r+chain_s,,3,0.3333333333333333,0.0,0.6666666666666666,0.3333333333333333,0.3333333333333333,0.0,0.6666666666666666,0.3333333333333333,0.3333333333333333,0.0,0.6666666666666666,0.3333333333333333,-0.16120785474777222,-0.0012131929397583008,0.27757853902200735,0.33333333333333337,0.0,1.0,,4.0,6.0
LSTM,scratch,9550,ocdet,two_hole,clean,val,chain_r+chain_s,,12,0.5,0.0,0.5,0.5,0.5,0.0,0.5,0.5,0.5,0.0,0.5,0.5,0.16172284943362078,0.059102863073349,0.6439739390608921,0.5277777777777777,0.25,0.7520833333333314,,5.0,1.0
LSTM,scratch,9550,ocdet,two_hole,clean,val,chain_r+chain_s,,8,0.5,0.0,0.5,0.5,0.5,0.0,0.5,0.5,0.5,0.0,0.5,0.5,0.1554203366395086,0.22816839069128036,0.655413448708914,0.515625,0.125,0.875,,5.0,2.0
LSTM,scratch,9550,ocdet,two_hole,clean,val,chain_r+chain_s,,7,0.8571428571428571,0.0,0.14285714285714285,0.8571428571428571,0.8571428571428571,0.0,0.14285714285714285,0.8571428571428571,0.8571428571428571,0.0,0.14285714285714285,0.8571428571428571,0.12454494567854064,0.1447659134864807,0.46272238799189525,0.5714285714285714,0.5714285714285714,1.0,,5.0,3.0
LSTM,scratch,9550,ocdet,two_hole,clean,val,chain_r+chain_s,,6,0.5,0.0,0.5,0.5,0.5,0.0,0.5,0.5,0.5,0.0,0.5,0.5,-0.018193105856577556,-0.0039528608322143555,0.19947381375297538,0.5277777777777777,0.16666666666666666,0.8333333333333334,,5.0,4.0
LSTM,scratch,9550,ocdet,two_hole,clean,val,chain_r+chain_s,,8,0.625,0.0,0.375,0.625,0.625,0.0,0.375,0.625,0.625,0.0,0.375,0.625,0.15819507045671344,0.14497853815555573,0.229587437586928,0.546875,0.25,1.0,,5.0,6.0
LSTM,scratch,9550,ocdet,two_hole,clean,val,chain_r+chain_s,,7,0.42857142857142855,0.0,0.5714285714285714,0.42857142857142855,0.42857142857142855,0.0,0.5714285714285714,0.42857142857142855,0.42857142857142855,0.0,0.5714285714285714,0.42857142857142855,0.07111529048000063,-0.0690014660358429,0.6496342207723181,0.5102040816326531,0.13928571428571448,0.7142857142857143,,6.0,1.0
LSTM,scratch,9550,ocdet,two_hole,clean,val,chain_r+chain_s,,9,0.5555555555555556,0.0,0.4444444444444444,0.5555555555555556,0.5555555555555556,0.0,0.4444444444444444,0.5555555555555556,0.5555555555555556,0.0,0.4444444444444444,0.5555555555555556,-0.003918704059388902,0.001431584358215332,0.507094946700657,0.5185185185185185,0.2222222222222222,0.8888888888888888,,6.0,2.0
LSTM,scratch,9550,ocdet,two_hole,clean,val,chain_r+chain_s,,4,0.5,0.0,0.5,0.5,0.5,0.0,0.5,0.5,0.5,0.0,0.5,0.5,-0.2542231362313032,-0.12980350852012634,0.6356221055684503,0.5,0.0,1.0,,6.0,3.0
LSTM,scratch,9550,ocdet,two_hole,clean,val,chain_r+chain_s,,6,0.3333333333333333,0.0,0.6666666666666666,0.3333333333333333,0.3333333333333333,0.0,0.6666666666666666,0.3333333333333333,0.3333333333333333,0.0,0.6666666666666666,0.3333333333333333,-0.3213347780207793,-0.14980636909604073,0.6335353927064843,0.41666666666666663,0.0,0.6666666666666666,,6.0,4.0
LSTM,scratch,9550,ocdet,two_hole,clean,val,chain_r+chain_s,,7,0.14285714285714285,0.0,0.8571428571428571,0.14285714285714285,0.14285714285714285,0.0,0.8571428571428571,0.14285714285714285,0.14285714285714285,0.0,0.8571428571428571,0.14285714285714285,-0.16729752612965448,-0.14120489358901978,0.16842380802596982,0.40816326530612246,0.0,0.42857142857142855,,6.0,5.0
LSTM,scratch,9550,ocdet,two_hole,clean,test,orientation,1.0,261,0.5134099616858238,0.0,0.48659003831417624,0.5134099616858238,0.5134099616858238,0.0,0.48659003831417624,0.5134099616858238,0.5134099616858238,0.0,0.48659003831417624,0.5134099616858238,0.034485806279255515,0.008260846138000488,0.5170390865157408,0.5063196371163078,0.4521072796934866,0.5747126436781609,,,
LSTM,scratch,9550,ocdet,two_hole,clean,test,orientation,2.0,239,0.5941422594142259,0.0,0.40585774058577406,0.5941422594142259,0.5941422594142259,0.0,0.40585774058577406,0.5941422594142259,0.5941422594142259,0.0,0.40585774058577406,0.5941422594142259,0.07904801869990935,0.10617393255233765,0.61622307338163,0.5183732777787504,0.5355648535564853,0.6610878661087866,,,
LSTM,scratch,9550,ocdet,two_hole,clean,test,kappa_gap,,166,0.5481927710843374,0.0,0.45180722891566266,0.5481927710843374,0.5481927710843374,0.0,0.45180722891566266,0.5481927710843374,0.5481927710843374,0.0,0.45180722891566266,0.5481927710843374,0.049839539408504246,0.040212780237197876,0.5682785565978393,0.508636957468428,0.4759036144578313,0.6144578313253012,1.0,,
LSTM,scratch,9550,ocdet,two_hole,clean,test,kappa_gap,,125,0.496,0.0,0.504,0.496,0.496,0.0,0.504,0.496,0.496,0.0,0.504,0.496,-0.015972700253129007,-0.006854414939880371,0.567712144209147,0.493312,0.408,0.576,2.0,,
LSTM,scratch,9550,ocdet,two_hole,clean,test,kappa_gap,,114,0.5614035087719298,0.0,0.43859649122807015,0.5614035087719298,0.5614035087719298,0.0,0.43859649122807015,0.5614035087719298,0.5614035087719298,0.0,0.43859649122807015,0.5614035087719298,0.10020417086126511,0.08646297454833984,0.5746597386868156,0.5233918128654971,0.4649122807017544,0.6493421052631577,3.0,,
LSTM,scratch,9550,ocdet,two_hole,clean,test,kappa_gap,,58,0.603448275862069,0.0,0.39655172413793105,0.603448275862069,0.603448275862069,0.0,0.39655172413793105,0.603448275862069,0.603448275862069,0.0,0.39655172413793105,0.603448275862069,0.046444477160172214,0.05234140157699585,0.5357277686561472,0.5133769322235434,0.46551724137931033,0.7241379310344828,4.0,,
LSTM,scratch,9550,ocdet,two_hole,clean,test,kappa_gap,,37,0.6486486486486487,0.0,0.35135135135135137,0.6486486486486487,0.6486486486486487,0.0,0.35135135135135137,0.6486486486486487,0.6486486486486487,0.0,0.35135135135135137,0.6486486486486487,0.20268758768970901,0.2464805245399475,0.5430211249236555,0.5434623813002192,0.4864864864864865,0.7837837837837838,5.0,,
LSTM,scratch,9550,ocdet,two_hole,clean,test,chain_r+chain_s,,12,0.5,0.0,0.5,0.5,0.5,0.0,0.5,0.5,0.5,0.0,0.5,0.5,0.022152231850971777,0.025474250316619873,0.42094963354403075,0.5069444444444445,0.25,0.75,,1.0,2.0
LSTM,scratch,9550,ocdet,two_hole,clean,test,chain_r+chain_s,,14,0.35714285714285715,0.0,0.6428571428571429,0.35714285714285715,0.35714285714285715,0.0,0.6428571428571429,0.35714285714285715,0.35714285714285715,0.0,0.6428571428571429,0.35714285714285715,-0.15143846241491182,-0.29670044779777527,0.609183485810611,0.39285714285714285,0.14285714285714285,0.5714285714285714,,1.0,3.0
LSTM,scratch,9550,ocdet,two_hole,clean,test,chain_r+chain_s,,14,0.5,0.0,0.5,0.5,0.5,0.0,0.5,0.5,0.5,0.0,0.5,0.5,0.040172147431543896,0.013992942869663239,0.9059717591957605,0.5051020408163265,0.21428571428571427,0.7857142857142857,,1.0,4.0
LSTM,scratch,9550,ocdet,two_hole,clean,test,chain_r+chain_s,,18,0.6111111111111112,0.0,0.3888888888888889,0.6111111111111112,0.6111111111111112,0.0,0.3888888888888889,0.6111111111111112,0.6111111111111112,0.0,0.3888888888888889,0.6111111111111112,0.15474076527688238,0.10237991809844971,0.7903089881438748,0.5462962962962963,0.3888888888888889,0.8333333333333334,,1.0,5.0
LSTM,scratch,9550,ocdet,two_hole,clean,test,chain_r+chain_s,,22,0.45454545454545453,0.0,0.5454545454545454,0.45454545454545453,0.45454545454545453,0.0,0.5454545454545454,0.45454545454545453,0.45454545454545453,0.0,0.5454545454545454,0.45454545454545453,0.02302575441585346,-0.06919306516647339,0.5649101335367034,0.48966942148760334,0.2727272727272727,0.6818181818181818,,1.0,6.0
LSTM,scratch,9550,ocdet,two_hole,clean,test,chain_r+chain_s,,15,0.6666666666666666,0.0,0.3333333333333333,0.6666666666666666,0.6666666666666666,0.0,0.3333333333333333,0.6666666666666666,0.6666666666666666,0.0,0.3333333333333333,0.6666666666666666,-0.013466560840606689,0.25195974111557007,0.5232648498212543,0.5511111111111111,0.4650000000000001,0.8666666666666667,,2.0,1.0
LSTM,scratch,9550,ocdet,two_hole,clean,test,chain_r+chain_s,,19,0.42105263157894735,0.0,0.5789473684210527,0.42105263157894735,0.42105263157894735,0.0,0.5789473684210527,0.42105263157894735,0.42105263157894735,0.0,0.5789473684210527,0.42105263157894735,-0.03806956975083602,-0.04537057876586914,0.29502705402775575,0.4875346260387811,0.21052631578947367,0.631578947368421,,2.0,3.0
LSTM,scratch,9550,ocdet,two_hole,clean,test,chain_r+chain_s,,17,0.5882352941176471,0.0,0.4117647058823529,0.5882352941176471,0.5882352941176471,0.0,0.4117647058823529,0.5882352941176471,0.5882352941176471,0.0,0.4117647058823529,0.5882352941176471,0.06574988200822297,0.028516709804534912,0.5147668743650341,0.5051903114186851,0.35294117647058826,0.8235294117647058,,2.0,4.0
LSTM,scratch,9550,ocdet,two_hole,clean,test,chain_r+chain_s,,23,0.4782608695652174,0.0,0.5217391304347826,0.4782608695652174,0.4782608695652174,0.0,0.5217391304347826,0.4782608695652174,0.4782608695652174,0.0,0.5217391304347826,0.4782608695652174,0.01906887466168922,-0.12288790941238403,0.771650977884847,0.4839319470699433,0.2608695652173913,0.6956521739130435,,2.0,5.0
LSTM,scratch,9550,ocdet,two_hole,clean,test,chain_r+chain_s,,26,0.46153846153846156,0.0,0.5384615384615384,0.46153846153846156,0.46153846153846156,0.0,0.5384615384615384,0.46153846153846156,0.46153846153846156,0.0,0.5384615384615384,0.46153846153846156,0.02572352238572561,-0.020337432622909546,0.5445787357318383,0.5059171597633136,0.2692307692307692,0.6538461538461539,,2.0,6.0
LSTM,scratch,9550,ocdet,two_hole,clean,test,chain_r+chain_s,,20,0.65,0.0,0.35,0.65,0.65,0.0,0.35,0.65,0.65,0.0,0.35,0.65,0.1419844060204923,0.2823750376701355,0.5931876621111367,0.5575,0.4,0.85,,3.0,1.0
LSTM,scratch,9550,ocdet,two_hole,clean,test,chain_r+chain_s,,19,0.631578947368421,0.0,0.3684210526315789,0.631578947368421,0.631578947368421,0.0,0.3684210526315789,0.631578947368421,0.631578947368421,0.0,0.3684210526315789,0.631578947368421,0.1135209400795008,0.11137820035219193,0.2803176959043671,0.5429362880886427,0.42105263157894735,0.8421052631578947,,3.0,2.0
LSTM,scratch,9550,ocdet,two_hole,clean,test,chain_r+chain_s,,10,0.5,0.0,0.5,0.5,0.5,0.0,0.5,0.5,0.5,0.0,0.5,0.5,0.21227699294686317,0.01084892451763153,0.530003478517291,0.53,0.2,0.8,,3.0,4.0
LSTM,scratch,9550,ocdet,two_hole,clean,test,chain_r+chain_s,,14,0.6428571428571429,0.0,0.35714285714285715,0.6428571428571429,0.6428571428571429,0.0,0.35714285714285715,0.6428571428571429,0.6428571428571429,0.0,0.35714285714285715,0.6428571428571429,0.0783926271168249,0.10752475261688232,0.38028680294955863,0.5102040816326531,0.4267857142857144,0.8571428571428571,,3.0,5.0
LSTM,scratch,9550,ocdet,two_hole,clean,test,chain_r+chain_s,,17,0.8235294117647058,0.0,0.17647058823529413,0.8235294117647058,0.8235294117647058,0.0,0.17647058823529413,0.8235294117647058,0.8235294117647058,0.0,0.17647058823529413,0.8235294117647058,0.36581166395369696,0.34939324855804443,0.39089061398023234,0.6193771626297577,0.6470588235294118,1.0,,3.0,6.0
LSTM,scratch,9550,ocdet,two_hole,clean,test,chain_r+chain_s,,16,0.6875,0.0,0.3125,0.6875,0.6875,0.0,0.3125,0.6875,0.6875,0.0,0.3125,0.6875,0.17052105069160461,0.34176596999168396,1.052331941576395,0.54296875,0.4375,0.875,,4.0,1.0
LSTM,scratch,9550,ocdet,two_hole,clean,test,chain_r+chain_s,,14,0.7142857142857143,0.0,0.2857142857142857,0.7142857142857143,0.7142857142857143,0.0,0.2857142857142857,0.7142857142857143,0.7142857142857143,0.0,0.2857142857142857,0.7142857142857143,0.021941150405577252,0.24308055639266968,0.487149522341303,0.5,0.5,0.9285714285714286,,4.0,2.0
LSTM,scratch,9550,ocdet,two_hole,clean,test,chain_r+chain_s,,18,0.4444444444444444,0.0,0.5555555555555556,0.4444444444444444,0.4444444444444444,0.0,0.5555555555555556,0.4444444444444444,0.4444444444444444,0.0,0.5555555555555556,0.4444444444444444,-0.09265452581975195,-0.1304660439491272,0.31535865915439437,0.4907407407407408,0.2222222222222222,0.6666666666666666,,4.0,3.0
LSTM,scratch,9550,ocdet,two_hole,clean,test,chain_r+chain_s,,17,0.47058823529411764,0.0,0.5294117647058824,0.47058823529411764,0.47058823529411764,0.0,0.5294117647058824,0.47058823529411764,0.47058823529411764,0.0,0.5294117647058824,0.47058823529411764,0.08205956593155861,-0.006929755210876465,0.2379355132515939,0.48788927335640137,0.23529411764705882,0.7058823529411765,,4.0,5.0
LSTM,scratch,9550,ocdet,two_hole,clean,test,chain_r+chain_s,,23,0.8695652173913043,0.0,0.13043478260869565,0.8695652173913043,0.8695652173913043,0.0,0.13043478260869565,0.8695652173913043,0.8695652173913043,0.0,0.13043478260869565,0.8695652173913043,0.3132176215395979,0.2956661880016327,0.2461526863070776,0.6124763705103969,0.6956521739130435,1.0,,4.0,6.0
LSTM,scratch,9550,ocdet,two_hole,clean,test,chain_r+chain_s,,16,0.625,0.0,0.375,0.625,0.625,0.0,0.375,0.625,0.625,0.0,0.375,0.625,0.01188430201727897,0.17934890184551477,1.0016300313995106,0.45703125,0.375,0.875,,5.0,1.0
LSTM,scratch,9550,ocdet,two_hole,clean,test,chain_r+chain_s,,19,0.5263157894736842,0.0,0.47368421052631576,0.5263157894736842,0.5263157894736842,0.0,0.47368421052631576,0.5263157894736842,0.5263157894736842,0.0,0.47368421052631576,0.5263157894736842,0.016498368037374395,0.11929365992546082,0.4693382638595641,0.4958448753462604,0.3157894736842105,0.7368421052631579,,5.0,2.0
LSTM,scratch,9550,ocdet,two_hole,clean,test,chain_r+chain_s,,15,0.3333333333333333,0.0,0.6666666666666666,0.3333333333333333,0.3333333333333333,0.0,0.6666666666666666,0.3333333333333333,0.3333333333333333,0.0,0.6666666666666666,0.3333333333333333,-0.16279836967587472,-0.028245866298675537,0.4410857837199024,0.45777777777777773,0.13333333333333333,0.6,,5.0,3.0
LSTM,scratch,9550,ocdet,two_hole,clean,test,chain_r+chain_s,,18,0.6111111111111112,0.0,0.3888888888888889,0.6111111111111112,0.6111111111111112,0.0,0.3888888888888889,0.6111111111111112,0.6111111111111112,0.0,0.3888888888888889,0.6111111111111112,0.02036398235294554,0.022307395935058594,0.257101921232117,0.5123456790123456,0.3888888888888889,0.8333333333333334,,5.0,4.0
LSTM,scratch,9550,ocdet,two_hole,clean,test,chain_r+chain_s,,14,0.8571428571428571,0.0,0.14285714285714285,0.8571428571428571,0.8571428571428571,0.0,0.14285714285714285,0.8571428571428571,0.8571428571428571,0.0,0.14285714285714285,0.8571428571428571,0.17970438780529158,0.2121189534664154,0.18472052585196388,0.5867346938775511,0.6428571428571429,1.0,,5.0,6.0
LSTM,scratch,9550,ocdet,two_hole,clean,test,chain_r+chain_s,,20,0.45,0.0,0.55,0.45,0.45,0.0,0.55,0.45,0.45,0.0,0.55,0.45,0.1432955138385296,-0.0961761474609375,0.5624885576208885,0.5375,0.25,0.7,,6.0,1.0
LSTM,scratch,9550,ocdet,two_hole,clean,test,chain_r+chain_s,,16,0.4375,0.0,0.5625,0.4375,0.4375,0.0,0.5625,0.4375,0.4375,0.0,0.5625,0.4375,-0.0688017396023497,-0.15151697397232056,0.7061416698778555,0.47265625,0.1875,0.6875,,6.0,2.0
LSTM,scratch,9550,ocdet,two_hole,clean,test,chain_r+chain_s,,14,0.42857142857142855,0.0,0.5714285714285714,0.42857142857142855,0.42857142857142855,0.0,0.5714285714285714,0.42857142857142855,0.42857142857142855,0.0,0.5714285714285714,0.42857142857142855,-0.013647255088601793,-0.07484310865402222,0.3936063716993758,0.47959183673469385,0.14285714285714285,0.7142857142857143,,6.0,3.0
LSTM,scratch,9550,ocdet,two_hole,clean,test,chain_r+chain_s,,11,0.2727272727272727,0.0,0.7272727272727273,0.2727272727272727,0.2727272727272727,0.0,0.7272727272727273,0.2727272727272727,0.2727272727272727,0.0,0.7272727272727273,0.2727272727272727,-0.14079382676969876,-0.255146324634552,0.377632467792114,0.4297520661157025,0.0,0.5454545454545454,,6.0,4.0
LSTM,scratch,9550,ocdet,two_hole,clean,test,chain_r+chain_s,,9,0.3333333333333333,0.0,0.6666666666666666,0.3333333333333333,0.3333333333333333,0.0,0.6666666666666666,0.3333333333333333,0.3333333333333333,0.0,0.6666666666666666,0.3333333333333333,-0.08647720081110795,-0.08265101909637451,0.24757075973680095,0.4938271604938272,0.0,0.6666666666666666,,6.0,5.0
LSTM,scratch,9550,ocdet,two_hole,heldout,val,orientation,1.0,119,0.5462184873949579,0.0,0.453781512605042,0.5462184873949579,0.5462184873949579,0.0,0.453781512605042,0.5462184873949579,0.5462184873949579,0.0,0.453781512605042,0.5462184873949579,-0.022932004637452735,0.017137110233306885,0.38567441972046995,0.4943859896899937,0.453781512605042,0.6302521008403361,,,
LSTM,scratch,9550,ocdet,two_hole,heldout,val,orientation,2.0,81,0.5185185185185185,0.0,0.48148148148148145,0.5185185185185185,0.5185185185185185,0.0,0.48148148148148145,0.5185185185185185,0.5185185185185185,0.0,0.48148148148148145,0.5185185185185185,0.020065778613458447,0.026547729969024658,0.3696342892405444,0.5075445816186557,0.4074074074074074,0.6296296296296297,,,
LSTM,scratch,9550,ocdet,two_hole,heldout,val,kappa_gap,,65,0.5538461538461539,0.0,0.4461538461538462,0.5538461538461539,0.5538461538461539,0.0,0.4461538461538462,0.5538461538461539,0.5538461538461539,0.0,0.4461538461538462,0.5538461538461539,-0.026518830083883727,0.017137110233306885,0.42217814724541236,0.4927810650887574,0.4307692307692308,0.676923076923077,1.0,,
LSTM,scratch,9550,ocdet,two_hole,heldout,val,kappa_gap,,56,0.5892857142857143,0.0,0.4107142857142857,0.5892857142857143,0.5892857142857143,0.0,0.4107142857142857,0.5892857142857143,0.5892857142857143,0.0,0.4107142857142857,0.5892857142857143,0.029002626792394688,0.053351640701293945,0.30042950075643127,0.5098852040816326,0.44642857142857145,0.6964285714285714,2.0,,
LSTM,scratch,9550,ocdet,two_hole,heldout,val,kappa_gap,,38,0.4473684210526316,0.0,0.5526315789473685,0.4473684210526316,0.4473684210526316,0.0,0.5526315789473685,0.4473684210526316,0.4473684210526316,0.0,0.5526315789473685,0.4473684210526316,-0.04838179478323773,-0.0686592161655426,0.3898682593321781,0.4854570637119114,0.2894736842105263,0.6052631578947368,3.0,,
LSTM,scratch,9550,ocdet,two_hole,heldout,val,kappa_gap,,26,0.5,0.0,0.5,0.5,0.5,0.0,0.5,0.5,0.5,0.0,0.5,0.5,0.0661729728229917,-0.0007063709199428558,0.42741807829064277,0.5384615384615384,0.3076923076923077,0.6923076923076923,4.0,,
LSTM,scratch,9550,ocdet,two_hole,heldout,val,kappa_gap,,15,0.5333333333333333,0.0,0.4666666666666667,0.5333333333333333,0.5333333333333333,0.0,0.4666666666666667,0.5333333333333333,0.5333333333333333,0.0,0.4666666666666667,0.5333333333333333,-0.05906618138154348,0.026547729969024658,0.29993847435180315,0.4888888888888889,0.26666666666666666,0.8,5.0,,
LSTM,scratch,9550,ocdet,two_hole,heldout,val,chain_r+chain_s,,8,0.375,0.0,0.625,0.375,0.375,0.0,0.625,0.375,0.375,0.0,0.625,0.375,-0.006233062827959657,-0.10258326306939125,0.47259601388768313,0.515625,0.125,0.75,,1.0,2.0
LSTM,scratch,9550,ocdet,two_hole,heldout,val,chain_r+chain_s,,8,0.625,0.0,0.375,0.625,0.625,0.0,0.375,0.625,0.625,0.0,0.375,0.625,0.17531738569959998,0.15492701530456543,0.4158390810563198,0.515625,0.25,0.875,,1.0,3.0
LSTM,scratch,9550,ocdet,two_hole,heldout,val,chain_r+chain_s,,5,0.2,0.0,0.8,0.2,0.2,0.0,0.8,0.2,0.2,0.0,0.8,0.2,-0.2144815769046545,-0.1860496997833252,0.27997729157851475,0.48000000000000004,0.0,0.6,,1.0,4.0
LSTM,scratch,9550,ocdet,two_hole,heldout,val,chain_r+chain_s,,9,0.3333333333333333,0.0,0.6666666666666666,0.3333333333333333,0.3333333333333333,0.0,0.6666666666666666,0.3333333333333333,0.3333333333333333,0.0,0.6666666666666666,0.3333333333333333,-0.11216945283942753,-0.222202867269516,0.3276166155133255,0.45679012345679015,0.1111111111111111,0.6666666666666666,,1.0,5.0
LSTM,scratch,9550,ocdet,two_hole,heldout,val,chain_r+chain_s,,7,0.2857142857142857,0.0,0.7142857142857143,0.2857142857142857,0.2857142857142857,0.0,0.7142857142857143,0.2857142857142857,0.2857142857142857,0.0,0.7142857142857143,0.2857142857142857,-0.17265903311116354,-0.11654067039489746,0.5652651579825445,0.42857142857142855,0.0,0.5714285714285714,,1.0,6.0
LSTM,scratch,9550,ocdet,two_hole,heldout,val,chain_r+chain_s,,6,0.3333333333333333,0.0,0.6666666666666666,0.3333333333333333,0.3333333333333333,0.0,0.6666666666666666,0.3333333333333333,0.3333333333333333,0.0,0.6666666666666666,0.3333333333333333,-0.09846553082267444,-0.14890069887042046,0.2413914101557559,0.4444444444444444,0.0,0.6666666666666666,,2.0,1.0
LSTM,scratch,9550,ocdet,two_hole,heldout,val,chain_r+chain_s,,3,0.3333333333333333,0.0,0.6666666666666666,0.3333333333333333,0.3333333333333333,0.0,0.6666666666666666,0.3333333333333333,0.3333333333333333,0.0,0.6666666666666666,0.3333333333333333,0.051050943012038864,-0.0093793123960495,0.4658185630994237,0.5555555555555556,0.0,1.0,,2.0,3.0
LSTM,scratch,9550,ocdet,two_hole,heldout,val,chain_r+chain_s,,8,0.5,0.0,0.5,0.5,0.5,0.0,0.5,0.5,0.5,0.0,0.5,0.5,-0.09586541121825576,0.054974764585494995,0.543626347910729,0.5,0.125,0.875,,2.0,4.0
LSTM,scratch,9550,ocdet,two_hole,heldout,val,chain_r+chain_s,,5,0.4,0.0,0.6,0.4,0.4,0.0,0.6,0.4,0.4,0.0,0.6,0.4,-0.3038298308849335,-0.07276660203933716,0.6043258083208795,0.44,0.0,0.8,,2.0,5.0
LSTM,scratch,9550,ocdet,two_hole,heldout,val,chain_r+chain_s,,3,0.6666666666666666,0.0,0.3333333333333333,0.6666666666666666,0.6666666666666666,0.0,0.3333333333333333,0.6666666666666666,0.6666666666666666,0.0,0.3333333333333333,0.6666666666666666,0.2456056773662567,0.23900267481803894,0.20809368890004495,0.6666666666666667,0.0,1.0,,2.0,6.0
LSTM,scratch,9550,ocdet,two_hole,heldout,val,chain_r+chain_s,,7,0.42857142857142855,0.0,0.5714285714285714,0.42857142857142855,0.42857142857142855,0.0,0.5714285714285714,0.42857142857142855,0.42857142857142855,0.0,0.5714285714285714,0.42857142857142855,-0.28706652351788114,-0.061385393142700195,0.6995892950391187,0.3877551020408163,0.14285714285714285,0.8571428571428571,,3.0,1.0
LSTM,scratch,9550,ocdet,two_hole,heldout,val,chain_r+chain_s,,9,0.3333333333333333,0.0,0.6666666666666666,0.3333333333333333,0.3333333333333333,0.0,0.6666666666666666,0.3333333333333333,0.3333333333333333,0.0,0.6666666666666666,0.3333333333333333,0.019641574265228376,-0.08444189094007015,0.32085700026261904,0.4938271604938272,0.1111111111111111,0.6666666666666666,,3.0,2.0
LSTM,scratch,9550,ocdet,two_hole,heldout,val,chain_r+chain_s,,8,0.5,0.0,0.5,0.5,0.5,0.0,0.5,0.5,0.5,0.0,0.5,0.5,-0.1040154485963285,-0.026491455733776093,0.256865261801908,0.4375,0.125,0.875,,3.0,4.0
LSTM,scratch,9550,ocdet,two_hole,heldout,val,chain_r+chain_s,,8,0.625,0.0,0.375,0.625,0.625,0.0,0.375,0.625,0.625,0.0,0.375,0.625,0.03791924612596631,0.10547012090682983,0.1672693537069813,0.5,0.25,0.875,,3.0,5.0
LSTM,scratch,9550,ocdet,two_hole,heldout,val,chain_r+chain_s,,6,0.8333333333333334,0.0,0.16666666666666666,0.8333333333333334,0.8333333333333334,0.0,0.16666666666666666,0.8333333333333334,0.8333333333333334,0.0,0.16666666666666666,0.8333333333333334,0.13465665777524313,0.15556229650974274,0.22860247717649576,0.5833333333333333,0.5,1.0,,3.0,6.0
LSTM,scratch,9550,ocdet,two_hole,heldout,val,chain_r+chain_s,,10,0.9,0.0,0.1,0.9,0.9,0.0,0.1,0.9,0.9,0.0,0.1,0.9,0.35068156123161315,0.3737705647945404,0.3335763936043621,0.6,0.7,1.0,,4.0,1.0
LSTM,scratch,9550,ocdet,two_hole,heldout,val,chain_r+chain_s,,4,0.75,0.0,0.25,0.75,0.75,0.0,0.25,0.75,0.75,0.0,0.25,0.75,0.08657036768272519,0.037264466285705566,0.20376184137440728,0.5625,0.25,1.0,,4.0,2.0
LSTM,scratch,9550,ocdet,two_hole,heldout,val,chain_r+chain_s,,10,0.8,0.0,0.2,0.8,0.8,0.0,0.2,0.8,0.8,0.0,0.2,0.8,0.07246826142072678,0.08336921036243439,0.09537451713297677,0.5700000000000001,0.5,1.0,,4.0,3.0
LSTM,scratch,9550,ocdet,two_hole,heldout,val,chain_r+chain_s,,12,0.8333333333333334,0.0,0.16666666666666666,0.8333333333333334,0.8333333333333334,0.0,0.16666666666666666,0.8333333333333334,0.8333333333333334,0.0,0.16666666666666666,0.8333333333333334,0.14465225984652838,0.0934138149023056,0.1550937682128065,0.5416666666666666,0.5833333333333334,1.0,,4.0,5.0
LSTM,scratch,9550,ocdet,two_hole,heldout,val,chain_r+chain_s,,4,1.0,0.0,0.0,1.0,1.0,0.0,0.0,1.0,1.0,0.0,0.0,1.0,0.2034072559326887,0.15020516142249107,0.18185207087066177,0.6875,1.0,1.0,,4.0,6.0
LSTM,scratch,9550,ocdet,two_hole,heldout,val,chain_r+chain_s,,8,0.5,0.0,0.5,0.5,0.5,0.0,0.5,0.5,0.5,0.0,0.5,0.5,0.026629966916516423,0.001567944884300232,0.3607114482964819,0.515625,0.125,0.875,,5.0,1.0
LSTM,scratch,9550,ocdet,two_hole,heldout,val,chain_r+chain_s,,5,0.6,0.0,0.4,0.6,0.6,0.0,0.4,0.6,0.6,0.0,0.4,0.6,-0.00496833622455597,0.1530212163925171,0.47987305596651936,0.6,0.2,1.0,,5.0,2.0
LSTM,scratch,9550,ocdet,two_hole,heldout,val,chain_r+chain_s,,7,0.5714285714285714,0.0,0.42857142857142855,0.5714285714285714,0.5714285714285714,0.0,0.42857142857142855,0.5714285714285714,0.5714285714285714,0.0,0.42857142857142855,0.5714285714285714,0.03439984789916447,0.0317540168762207,0.24422837700992456,0.489795918367347,0.14285714285714285,0.8571428571428571,,5.0,3.0
LSTM,scratch,9550,ocdet,two_hole,heldout,val,chain_r+chain_s,,3,0.6666666666666666,0.0,0.3333333333333333,0.6666666666666666,0.6666666666666666,0.0,0.3333333333333333,0.6666666666666666,0.6666666666666666,0.0,0.3333333333333333,0.6666666666666666,-0.01410213237007459,0.0037529468536376953,0.11828565169713963,0.5555555555555556,0.0,1.0,,5.0,4.0
LSTM,scratch,9550,ocdet,two_hole,heldout,val,chain_r+chain_s,,3,0.6666666666666666,0.0,0.3333333333333333,0.6666666666666666,0.6666666666666666,0.0,0.3333333333333333,0.6666666666666666,0.6666666666666666,0.0,0.3333333333333333,0.6666666666666666,0.12766840060551962,0.2333996295928955,0.15680739678274927,0.5555555555555556,0.0,1.0,,5.0,6.0
LSTM,scratch,9550,ocdet,two_hole,heldout,val,chain_r+chain_s,,5,0.4,0.0,0.6,0.4,0.4,0.0,0.6,0.4,0.4,0.0,0.6,0.4,-0.0314761683344841,-0.03273653984069824,0.2794680466130426,0.48000000000000004,0.0,0.8,,6.0,1.0
LSTM,scratch,9550,ocdet,two_hole,heldout,val,chain_r+chain_s,,6,0.3333333333333333,0.0,0.6666666666666666,0.3333333333333333,0.3333333333333333,0.0,0.6666666666666666,0.3333333333333333,0.3333333333333333,0.0,0.6666666666666666,0.3333333333333333,-0.18220265613247952,-0.2422974407672882,0.31590210472364194,0.4444444444444444,0.0,0.6666666666666666,,6.0,2.0
LSTM,scratch,9550,ocdet,two_hole,heldout,val,chain_r+chain_s,,4,0.25,0.0,0.75,0.25,0.25,0.0,0.75,0.25,0.25,0.0,0.75,0.25,-0.34254369139671326,-0.37793633341789246,0.25254257326738344,0.375,0.0,0.75,,6.0,3.0
LSTM,scratch,9550,ocdet,two_hole,heldout,val,chain_r+chain_s,,10,0.5,0.0,0.5,0.5,0.5,0.0,0.5,0.5,0.5,0.0,0.5,0.5,-0.021002540737390517,0.04020192474126816,0.2365519679377276,0.52,0.2,0.8,,6.0,4.0
LSTM,scratch,9550,ocdet,two_hole,heldout,val,chain_r+chain_s,,9,0.3333333333333333,0.0,0.6666666666666666,0.3333333333333333,0.3333333333333333,0.0,0.6666666666666666,0.3333333333333333,0.3333333333333333,0.0,0.6666666666666666,0.3333333333333333,-0.07682517998748356,-0.06356939673423767,0.12846126893066676,0.4691358024691358,0.1111111111111111,0.6666666666666666,,6.0,5.0
LSTM,scratch,9550,ocdet,two_hole,heldout,test,orientation,1.0,229,0.5502183406113537,0.0,0.4497816593886463,0.5502183406113537,0.5502183406113537,0.0,0.4497816593886463,0.5502183406113537,0.5502183406113537,0.0,0.4497816593886463,0.5502183406113537,0.054198617672783576,0.04438599944114685,0.43036881993507464,0.5168284357659083,0.4890829694323144,0.6157205240174672,,,
LSTM,scratch,9550,ocdet,two_hole,heldout,test,orientation,2.0,271,0.5313653136531366,0.0,0.46863468634686345,0.5313653136531366,0.5313653136531366,0.0,0.46863468634686345,0.5313653136531366,0.5313653136531366,0.0,0.46863468634686345,0.5313653136531366,0.035609897177982595,0.025854110717773438,0.47625243628968306,0.5100556909628138,0.47601476014760147,0.5867158671586716,,,
LSTM,scratch,9550,ocdet,two_hole,heldout,test,kappa_gap,,176,0.4943181818181818,0.0,0.5056818181818182,0.4943181818181818,0.4943181818181818,0.0,0.5056818181818182,0.4943181818181818,0.4943181818181818,0.0,0.5056818181818182,0.4943181818181818,0.01947331247025762,-0.0034799724817276,0.416076960838526,0.5014204545454546,0.42045454545454547,0.5681818181818182,1.0,,
LSTM,scratch,9550,ocdet,two_hole,heldout,test,kappa_gap,,131,0.5190839694656488,0.0,0.48091603053435117,0.5190839694656488,0.5190839694656488,0.0,0.48091603053435117,0.5190839694656488,0.5190839694656488,0.0,0.48091603053435117,0.5190839694656488,0.029616937496279944,0.025156855583190918,0.5072670256637811,0.5113338383544083,0.42748091603053434,0.6106870229007634,2.0,,
LSTM,scratch,9550,ocdet,two_hole,heldout,test,kappa_gap,,101,0.6435643564356436,0.0,0.3564356435643564,0.6435643564356436,0.6435643564356436,0.0,0.3564356435643564,0.6435643564356436,0.6435643564356436,0.0,0.3564356435643564,0.6435643564356436,0.09792082452464222,0.09446096420288086,0.4369421674490991,0.5416135672973238,0.5544554455445545,0.7326732673267327,3.0,,
LSTM,scratch,9550,ocdet,two_hole,heldout,test,kappa_gap,,60,0.4666666666666667,0.0,0.5333333333333333,0.4666666666666667,0.4666666666666667,0.0,0.5333333333333333,0.4666666666666667,0.4666666666666667,0.0,0.5333333333333333,0.4666666666666667,0.021866973396390675,-0.01650327444076538,0.45034641462889585,0.4986111111111111,0.35,0.6,4.0,,
LSTM,scratch,9550,ocdet,two_hole,heldout,test,kappa_gap,,32,0.6875,0.0,0.3125,0.6875,0.6875,0.0,0.3125,0.6875,0.6875,0.0,0.3125,0.6875,0.11101944046095014,0.1619279459118843,0.4903967713473571,0.5087890625,0.53125,0.84375,5.0,,
LSTM,scratch,9550,ocdet,two_hole,heldout,test,chain_r+chain_s,,14,0.14285714285714285,0.0,0.8571428571428571,0.14285714285714285,0.14285714285714285,0.0,0.8571428571428571,0.14285714285714285,0.14285714285714285,0.0,0.8571428571428571,0.14285714285714285,-0.2515366481883185,-0.15787389874458313,0.3179553972770369,0.4183673469387755,0.0,0.35714285714285715,,1.0,2.0
LSTM,scratch,9550,ocdet,two_hole,heldout,test,chain_r+chain_s,,19,0.5789473684210527,0.0,0.42105263157894735,0.5789473684210527,0.5789473684210527,0.0,0.42105263157894735,0.5789473684210527,0.5789473684210527,0.0,0.42105263157894735,0.5789473684210527,0.13627205936140135,0.1042029857635498,0.7188616134217596,0.5706371191135734,0.3157894736842105,0.7894736842105263,,1.0,3.0
LSTM,scratch,9550,ocdet,two_hole,heldout,test,chain_r+chain_s,,14,0.42857142857142855,0.0,0.5714285714285714,0.42857142857142855,0.42857142857142855,0.0,0.5714285714285714,0.42857142857142855,0.42857142857142855,0.0,0.5714285714285714,0.42857142857142855,0.07715104227619511,-0.20083409547805786,0.695440192264251,0.5306122448979591,0.21428571428571427,0.7142857142857143,,1.0,4.0
LSTM,scratch,9550,ocdet,two_hole,heldout,test,chain_r+chain_s,,13,0.3076923076923077,0.0,0.6923076923076923,0.3076923076923077,0.3076923076923077,0.0,0.6923076923076923,0.3076923076923077,0.3076923076923077,0.0,0.6923076923076923,0.3076923076923077,0.020761773849909123,-0.22470688819885254,0.6309634699985667,0.5088757396449703,0.07692307692307693,0.5384615384615384,,1.0,5.0
LSTM,scratch,9550,ocdet,two_hole,heldout,test,chain_r+chain_s,,18,0.5,0.0,0.5,0.5,0.5,0.0,0.5,0.5,0.5,0.0,0.5,0.5,0.14106105485310158,0.04377949237823486,0.5108193248183417,0.5185185185185185,0.2777777777777778,0.7222222222222222,,1.0,6.0
LSTM,scratch,9550,ocdet,two_hole,heldout,test,chain_r+chain_s,,16,0.6875,0.0,0.3125,0.6875,0.6875,0.0,0.3125,0.6875,0.6875,0.0,0.3125,0.6875,0.056192672811448574,0.048082590103149414,0.2550846647548359,0.53125,0.4375,0.875,,2.0,1.0
LSTM,scratch,9550,ocdet,two_hole,heldout,test,chain_r+chain_s,,21,0.5714285714285714,0.0,0.42857142857142855,0.5714285714285714,0.5714285714285714,0.0,0.42857142857142855,0.5714285714285714,0.5714285714285714,0.0,0.42857142857142855,0.5714285714285714,0.01318709206368242,0.025854110717773438,0.29319470142126275,0.5260770975056689,0.3333333333333333,0.7619047619047619,,2.0,3.0
LSTM,scratch,9550,ocdet,two_hole,heldout,test,chain_r+chain_s,,9,0.7777777777777778,0.0,0.2222222222222222,0.7777777777777778,0.7777777777777778,0.0,0.2222222222222222,0.7777777777777778,0.7777777777777778,0.0,0.2222222222222222,0.7777777777777778,0.2789496092332734,0.0994340181350708,0.40935692067551566,0.6049382716049383,0.4444444444444444,1.0,,2.0,4.0
LSTM,scratch,9550,ocdet,two_hole,heldout,test,chain_r+chain_s,,14,0.5714285714285714,0.0,0.42857142857142855,0.5714285714285714,0.5714285714285714,0.0,0.42857142857142855,0.5714285714285714,0.5714285714285714,0.0,0.42857142857142855,0.5714285714285714,0.18308237600805505,0.03160390257835388,0.7912324236857315,0.5051020408163265,0.2857142857142857,0.7857142857142857,,2.0,5.0
LSTM,scratch,9550,ocdet,two_hole,heldout,test,chain_r+chain_s,,18,0.7777777777777778,0.0,0.2222222222222222,0.7777777777777778,0.7777777777777778,0.0,0.2222222222222222,0.7777777777777778,0.7777777777777778,0.0,0.2222222222222222,0.7777777777777778,0.17824513320293692,0.17811888456344604,0.28968606972241295,0.5771604938271606,0.5555555555555556,0.9444444444444444,,2.0,6.0
LSTM,scratch,9550,ocdet,two_hole,heldout,test,chain_r+chain_s,,21,0.38095238095238093,0.0,0.6190476190476191,0.38095238095238093,0.38095238095238093,0.0,0.6190476190476191,0.38095238095238093,0.38095238095238093,0.0,0.6190476190476191,0.38095238095238093,-0.04271850318071388,-0.03732523322105408,0.45192677822402005,0.4512471655328798,0.19047619047619047,0.5714285714285714,,3.0,1.0
LSTM,scratch,9550,ocdet,two_hole,heldout,test,chain_r+chain_s,,19,0.7368421052631579,0.0,0.2631578947368421,0.7368421052631579,0.7368421052631579,0.0,0.2631578947368421,0.7368421052631579,0.7368421052631579,0.0,0.2631578947368421,0.7368421052631579,0.09134029626454178,0.10595719516277313,0.37281070851882603,0.5263157894736842,0.5263157894736842,0.9473684210526315,,3.0,2.0
LSTM,scratch,9550,ocdet,two_hole,heldout,test,chain_r+chain_s,,21,0.5714285714285714,0.0,0.42857142857142855,0.5714285714285714,0.5714285714285714,0.0,0.42857142857142855,0.5714285714285714,0.5714285714285714,0.0,0.42857142857142855,0.5714285714285714,0.037910896220377514,0.0737801045179367,0.2740400427517036,0.5306122448979591,0.38095238095238093,0.8095238095238095,,3.0,4.0
LSTM,scratch,9550,ocdet,two_hole,heldout,test,chain_r+chain_s,,22,0.5454545454545454,0.0,0.45454545454545453,0.5454545454545454,0.5454545454545454,0.0,0.45454545454545453,0.5454545454545454,0.5454545454545454,0.0,0.45454545454545453,0.5454545454545454,0.014836048538034613,0.04688946530222893,0.32067931777920095,0.5454545454545455,0.3625000000000001,0.7272727272727273,,3.0,5.0
LSTM,scratch,9550,ocdet,two_hole,heldout,test,chain_r+chain_s,,9,0.8888888888888888,0.0,0.1111111111111111,0.8888888888888888,0.8888888888888888,0.0,0.1111111111111111,0.8888888888888888,0.8888888888888888,0.0,0.1111111111111111,0.8888888888888888,0.40300308416287106,0.383380651473999,0.3919336435644888,0.6666666666666667,0.6666666666666666,1.0,,3.0,6.0
LSTM,scratch,9550,ocdet,two_hole,heldout,test,chain_r+chain_s,,21,0.5238095238095238,0.0,0.47619047619047616,0.5238095238095238,0.5238095238095238,0.0,0.47619047619047616,0.5238095238095238,0.5238095238095238,0.0,0.47619047619047616,0.5238095238095238,0.1471865259643112,0.14216521382331848,0.5132330924068087,0.546485260770975,0.2857142857142857,0.7142857142857143,,4.0,1.0
LSTM,scratch,9550,ocdet,two_hole,heldout,test,chain_r+chain_s,,11,0.7272727272727273,0.0,0.2727272727272727,0.7272727272727273,0.7272727272727273,0.0,0.2727272727272727,0.7272727272727273,0.7272727272727273,0.0,0.2727272727272727,0.7272727272727273,0.19300272518938238,0.1584768295288086,0.5286200345985805,0.578512396694215,0.45454545454545453,1.0,,4.0,2.0
LSTM,scratch,9550,ocdet,two_hole,heldout,test,chain_r+chain_s,,18,0.6111111111111112,0.0,0.3888888888888889,0.6111111111111112,0.6111111111111112,0.0,0.3888888888888889,0.6111111111111112,0.6111111111111112,0.0,0.3888888888888889,0.6111111111111112,0.02288340414977736,0.05435410141944885,0.2421646472943257,0.5,0.3888888888888889,0.8333333333333334,,4.0,3.0
LSTM,scratch,9550,ocdet,two_hole,heldout,test,chain_r+chain_s,,15,0.8,0.0,0.2,0.8,0.8,0.0,0.2,0.8,0.8,0.0,0.2,0.8,0.11986077328523,0.18030743300914764,0.2613377988459904,0.5466666666666666,0.6,1.0,,4.0,5.0
LSTM,scratch,9550,ocdet,two_hole,heldout,test,chain_r+chain_s,,21,0.8095238095238095,0.0,0.19047619047619047,0.8095238095238095,0.8095238095238095,0.0,0.19047619047619047,0.8095238095238095,0.8095238095238095,0.0,0.19047619047619047,0.8095238095238095,0.23515921573908555,0.21572671830654144,0.351957957124507,0.5782312925170069,0.6190476190476191,0.9523809523809523,,4.0,6.0
LSTM,scratch,9550,ocdet,two_hole,heldout,test,chain_r+chain_s,,21,0.6666666666666666,0.0,0.3333333333333333,0.6666666666666666,0.6666666666666666,0.0,0.3333333333333333,0.6666666666666666,0.6666666666666666,0.0,0.3333333333333333,0.6666666666666666,0.21534575065154404,0.39215707778930664,0.4205661557176607,0.5578231292517006,0.47500000000000003,0.8571428571428571,,5.0,1.0
LSTM,scratch,9550,ocdet,two_hole,heldout,test,chain_r+chain_s,,14,0.5714285714285714,0.0,0.42857142857142855,0.5714285714285714,0.5714285714285714,0.0,0.42857142857142855,0.5714285714285714,0.5714285714285714,0.0,0.42857142857142855,0.5714285714285714,-0.021775365141885623,0.08849069476127625,0.5843208049266804,0.47448979591836726,0.35714285714285715,0.7874999999999983,,5.0,2.0
LSTM,scratch,9550,ocdet,two_hole,heldout,test,chain_r+chain_s,,22,0.45454545454545453,0.0,0.5454545454545454,0.45454545454545453,0.45454545454545453,0.0,0.5454545454545454,0.45454545454545453,0.45454545454545453,0.0,0.5454545454545454,0.45454545454545453,-0.0135991285470399,-0.007920070551335812,0.32443901210848697,0.4855371900826447,0.22727272727272727,0.6818181818181818,,5.0,3.0
LSTM,scratch,9550,ocdet,two_hole,heldout,test,chain_r+chain_s,,18,0.2777777777777778,0.0,0.7222222222222222,0.2777777777777778,0.2777777777777778,0.0,0.7222222222222222,0.2777777777777778,0.2777777777777778,0.0,0.7222222222222222,0.2777777777777778,-0.09370829713427359,-0.07306307554244995,0.20516961186256064,0.441358024691358,0.05555555555555555,0.5,,5.0,4.0
LSTM,scratch,9550,ocdet,two_hole,heldout,test,chain_r+chain_s,,11,0.8181818181818182,0.0,0.18181818181818182,0.8181818181818182,0.8181818181818182,0.0,0.18181818181818182,0.8181818181818182,0.8181818181818182,0.0,0.18181818181818182,0.8181818181818182,0.13985580231317066,0.055076003074645996,0.18409203280851827,0.5537190082644627,0.5454545454545454,1.0,,5.0,6.0
LSTM,scratch,9550,ocdet,two_hole,heldout,test,chain_r+chain_s,,19,0.2631578947368421,0.0,0.7368421052631579,0.2631578947368421,0.2631578947368421,0.0,0.7368421052631579,0.2631578947368421,0.2631578947368421,0.0,0.7368421052631579,0.2631578947368421,-0.25072460307886724,-0.30350714921951294,0.44573095734649265,0.4127423822714681,0.10526315789473684,0.47368421052631576,,6.0,1.0
LSTM,scratch,9550,ocdet,two_hole,heldout,test,chain_r+chain_s,,18,0.4444444444444444,0.0,0.5555555555555556,0.4444444444444444,0.4444444444444444,0.0,0.5555555555555556,0.4444444444444444,0.4444444444444444,0.0,0.5555555555555556,0.4444444444444444,-0.08779291643036737,-0.012500569224357605,0.5382978193429796,0.48456790123456794,0.2222222222222222,0.6666666666666666,,6.0,2.0
LSTM,scratch,9550,ocdet,two_hole,heldout,test,chain_r+chain_s,,13,0.46153846153846156,0.0,0.5384615384615384,0.46153846153846156,0.46153846153846156,0.0,0.5384615384615384,0.46153846153846156,0.46153846153846156,0.0,0.5384615384615384,0.46153846153846156,-0.028763534501194954,-0.07359760999679565,0.3749795007080696,0.4556213017751479,0.15384615384615385,0.7692307692307693,,6.0,3.0
LSTM,scratch,9550,ocdet,two_hole,heldout,test,chain_r+chain_s,,12,0.3333333333333333,0.0,0.6666666666666666,0.3333333333333333,0.3333333333333333,0.0,0.6666666666666666,0.3333333333333333,0.3333333333333333,0.0,0.6666666666666666,0.3333333333333333,-0.26137298066169024,-0.33006104826927185,0.4192454629792141,0.4652777777777778,0.08333333333333333,0.6666666666666666,,6.0,4.0
LSTM,scratch,9550,ocdet,two_hole,heldout,test,chain_r+chain_s,,18,0.2222222222222222,0.0,0.7777777777777778,0.2222222222222222,0.2222222222222222,0.0,0.7777777777777778,0.2222222222222222,0.2222222222222222,0.0,0.7777777777777778,0.2222222222222222,-0.1232560399091906,-0.14255203306674957,0.21907818960856026,0.4629629629629629,0.05555555555555555,0.4444444444444444,,6.0,5.0
lag_pair,baseline,9550,ocdet,two_hole,clean,val,orientation,1.0,113,0.0,1.0,0.0,0.5,0.0,1.0,0.0,0.5,0.0,1.0,0.0,0.5,0.0,0.0,0.0,0.5,0.5,0.5,,,
lag_pair,baseline,9550,ocdet,two_hole,clean,val,orientation,2.0,87,0.0,1.0,0.0,0.5,0.0,1.0,0.0,0.5,0.0,1.0,0.0,0.5,0.0,0.0,0.0,0.5000000000000001,0.5,0.5,,,
lag_pair,baseline,9550,ocdet,two_hole,clean,val,kappa_gap,,63,0.0,1.0,0.0,0.5,0.0,1.0,0.0,0.5,0.0,1.0,0.0,0.5,0.0,0.0,0.0,0.5,0.5,0.5,1.0,,
lag_pair,baseline,9550,ocdet,two_hole,clean,val,kappa_gap,,60,0.0,1.0,0.0,0.5,0.0,1.0,0.0,0.5,0.0,1.0,0.0,0.5,0.0,0.0,0.0,0.49999999999999994,0.5,0.5,2.0,,
lag_pair,baseline,9550,ocdet,two_hole,clean,val,kappa_gap,,34,0.0,1.0,0.0,0.5,0.0,1.0,0.0,0.5,0.0,1.0,0.0,0.5,0.0,0.0,0.0,0.49999999999999994,0.5,0.5,3.0,,
lag_pair,baseline,9550,ocdet,two_hole,clean,val,kappa_gap,,40,0.0,1.0,0.0,0.5,0.0,1.0,0.0,0.5,0.0,1.0,0.0,0.5,0.0,0.0,0.0,0.49999999999999994,0.5,0.5,4.0,,
lag_pair,baseline,9550,ocdet,two_hole,clean,val,kappa_gap,,3,0.0,1.0,0.0,0.5,0.0,1.0,0.0,0.5,0.0,1.0,0.0,0.5,0.0,0.0,0.0,0.5,0.5,0.5,5.0,,
lag_pair,baseline,9550,ocdet,two_hole,clean,val,chain_r+chain_s,,7,0.0,1.0,0.0,0.5,0.0,1.0,0.0,0.5,0.0,1.0,0.0,0.5,0.0,0.0,0.0,0.5,0.5,0.5,,1.0,2.0
lag_pair,baseline,9550,ocdet,two_hole,clean,val,chain_r+chain_s,,12,0.0,1.0,0.0,0.5,0.0,1.0,0.0,0.5,0.0,1.0,0.0,0.5,0.0,0.0,0.0,0.49999999999999994,0.5,0.5,,1.0,3.0
lag_pair,baseline,9550,ocdet,two_hole,clean,val,chain_r+chain_s,,8,0.0,1.0,0.0,0.5,0.0,1.0,0.0,0.5,0.0,1.0,0.0,0.5,0.0,0.0,0.0,0.5,0.5,0.5,,1.0,4.0
lag_pair,baseline,9550,ocdet,two_hole,clean,val,chain_r+chain_s,,10,0.0,1.0,0.0,0.5,0.0,1.0,0.0,0.5,0.0,1.0,0.0,0.5,0.0,0.0,0.0,0.5,0.5,0.5,,1.0,5.0
lag_pair,baseline,9550,ocdet,two_hole,clean,val,chain_r+chain_s,,8,0.0,1.0,0.0,0.5,0.0,1.0,0.0,0.5,0.0,1.0,0.0,0.5,0.0,0.0,0.0,0.5,0.5,0.5,,1.0,6.0
lag_pair,baseline,9550,ocdet,two_hole,clean,val,chain_r+chain_s,,4,0.0,1.0,0.0,0.5,0.0,1.0,0.0,0.5,0.0,1.0,0.0,0.5,0.0,0.0,0.0,0.5,0.5,0.5,,2.0,1.0
lag_pair,baseline,9550,ocdet,two_hole,clean,val,chain_r+chain_s,,5,0.0,1.0,0.0,0.5,0.0,1.0,0.0,0.5,0.0,1.0,0.0,0.5,0.0,0.0,0.0,0.5,0.5,0.5,,2.0,3.0
lag_pair,baseline,9550,ocdet,two_hole,clean,val,chain_r+chain_s,,8,0.0,1.0,0.0,0.5,0.0,1.0,0.0,0.5,0.0,1.0,0.0,0.5,0.0,0.0,0.0,0.5,0.5,0.5,,2.0,4.0
lag_pair,baseline,9550,ocdet,two_hole,clean,val,chain_r+chain_s,,5,0.0,1.0,0.0,0.5,0.0,1.0,0.0,0.5,0.0,1.0,0.0,0.5,0.0,0.0,0.0,0.5,0.5,0.5,,2.0,5.0
lag_pair,baseline,9550,ocdet,two_hole,clean,val,chain_r+chain_s,,5,0.0,1.0,0.0,0.5,0.0,1.0,0.0,0.5,0.0,1.0,0.0,0.5,0.0,0.0,0.0,0.5,0.5,0.5,,2.0,6.0
lag_pair,baseline,9550,ocdet,two_hole,clean,val,chain_r+chain_s,,4,0.0,1.0,0.0,0.5,0.0,1.0,0.0,0.5,0.0,1.0,0.0,0.5,0.0,0.0,0.0,0.5,0.5,0.5,,3.0,1.0
lag_pair,baseline,9550,ocdet,two_hole,clean,val,chain_r+chain_s,,5,0.0,1.0,0.0,0.5,0.0,1.0,0.0,0.5,0.0,1.0,0.0,0.5,0.0,0.0,0.0,0.5,0.5,0.5,,3.0,2.0
lag_pair,baseline,9550,ocdet,two_hole,clean,val,chain_r+chain_s,,4,0.0,1.0,0.0,0.5,0.0,1.0,0.0,0.5,0.0,1.0,0.0,0.5,0.0,0.0,0.0,0.5,0.5,0.5,,3.0,4.0
lag_pair,baseline,9550,ocdet,two_hole,clean,val,chain_r+chain_s,,5,0.0,1.0,0.0,0.5,0.0,1.0,0.0,0.5,0.0,1.0,0.0,0.5,0.0,0.0,0.0,0.5,0.5,0.5,,3.0,5.0
lag_pair,baseline,9550,ocdet,two_hole,clean,val,chain_r+chain_s,,7,0.0,1.0,0.0,0.5,0.0,1.0,0.0,0.5,0.0,1.0,0.0,0.5,0.0,0.0,0.0,0.5,0.5,0.5,,3.0,6.0
lag_pair,baseline,9550,ocdet,two_hole,clean,val,chain_r+chain_s,,9,0.0,1.0,0.0,0.5,0.0,1.0,0.0,0.5,0.0,1.0,0.0,0.5,0.0,0.0,0.0,0.5,0.5,0.5,,4.0,1.0
lag_pair,baseline,9550,ocdet,two_hole,clean,val,chain_r+chain_s,,3,0.0,1.0,0.0,0.5,0.0,1.0,0.0,0.5,0.0,1.0,0.0,0.5,0.0,0.0,0.0,0.5,0.5,0.5,,4.0,2.0
lag_pair,baseline,9550,ocdet,two_hole,clean,val,chain_r+chain_s,,7,0.0,1.0,0.0,0.5,0.0,1.0,0.0,0.5,0.0,1.0,0.0,0.5,0.0,0.0,0.0,0.5,0.5,0.5,,4.0,3.0
lag_pair,baseline,9550,ocdet,two_hole,clean,val,chain_r+chain_s,,7,0.0,1.0,0.0,0.5,0.0,1.0,0.0,0.5,0.0,1.0,0.0,0.5,0.0,0.0,0.0,0.5,0.5,0.5,,4.0,5.0
lag_pair,baseline,9550,ocdet,two_hole,clean,val,chain_r+chain_s,,3,0.0,1.0,0.0,0.5,0.0,1.0,0.0,0.5,0.0,1.0,0.0,0.5,0.0,0.0,0.0,0.5,0.5,0.5,,4.0,6.0
lag_pair,baseline,9550,ocdet,two_hole,clean,val,chain_r+chain_s,,12,0.0,1.0,0.0,0.5,0.0,1.0,0.0,0.5,0.0,1.0,0.0,0.5,0.0,0.0,0.0,0.49999999999999994,0.5,0.5,,5.0,1.0
lag_pair,baseline,9550,ocdet,two_hole,clean,val,chain_r+chain_s,,8,0.0,1.0,0.0,0.5,0.0,1.0,0.0,0.5,0.0,1.0,0.0,0.5,0.0,0.0,0.0,0.5,0.5,0.5,,5.0,2.0
lag_pair,baseline,9550,ocdet,two_hole,clean,val,chain_r+chain_s,,7,0.0,1.0,0.0,0.5,0.0,1.0,0.0,0.5,0.0,1.0,0.0,0.5,0.0,0.0,0.0,0.5,0.5,0.5,,5.0,3.0
lag_pair,baseline,9550,ocdet,two_hole,clean,val,chain_r+chain_s,,6,0.0,1.0,0.0,0.5,0.0,1.0,0.0,0.5,0.0,1.0,0.0,0.5,0.0,0.0,0.0,0.5,0.5,0.5,,5.0,4.0
lag_pair,baseline,9550,ocdet,two_hole,clean,val,chain_r+chain_s,,8,0.0,1.0,0.0,0.5,0.0,1.0,0.0,0.5,0.0,1.0,0.0,0.5,0.0,0.0,0.0,0.5,0.5,0.5,,5.0,6.0
lag_pair,baseline,9550,ocdet,two_hole,clean,val,chain_r+chain_s,,7,0.0,1.0,0.0,0.5,0.0,1.0,0.0,0.5,0.0,1.0,0.0,0.5,0.0,0.0,0.0,0.5,0.5,0.5,,6.0,1.0
lag_pair,baseline,9550,ocdet,two_hole,clean,val,chain_r+chain_s,,9,0.0,1.0,0.0,0.5,0.0,1.0,0.0,0.5,0.0,1.0,0.0,0.5,0.0,0.0,0.0,0.5,0.5,0.5,,6.0,2.0
lag_pair,baseline,9550,ocdet,two_hole,clean,val,chain_r+chain_s,,4,0.0,1.0,0.0,0.5,0.0,1.0,0.0,0.5,0.0,1.0,0.0,0.5,0.0,0.0,0.0,0.5,0.5,0.5,,6.0,3.0
lag_pair,baseline,9550,ocdet,two_hole,clean,val,chain_r+chain_s,,6,0.0,1.0,0.0,0.5,0.0,1.0,0.0,0.5,0.0,1.0,0.0,0.5,0.0,0.0,0.0,0.5,0.5,0.5,,6.0,4.0
lag_pair,baseline,9550,ocdet,two_hole,clean,val,chain_r+chain_s,,7,0.0,1.0,0.0,0.5,0.0,1.0,0.0,0.5,0.0,1.0,0.0,0.5,0.0,0.0,0.0,0.5,0.5,0.5,,6.0,5.0
lag_pair,baseline,9550,ocdet,two_hole,clean,test,orientation,1.0,261,0.0,1.0,0.0,0.5,0.0,1.0,0.0,0.5,0.0,1.0,0.0,0.5,0.0,0.0,0.0,0.5,0.5,0.5,,,
lag_pair,baseline,9550,ocdet,two_hole,clean,test,orientation,2.0,239,0.0,1.0,0.0,0.5,0.0,1.0,0.0,0.5,0.0,1.0,0.0,0.5,0.0,0.0,0.0,0.5,0.5,0.5,,,
lag_pair,baseline,9550,ocdet,two_hole,clean,test,kappa_gap,,166,0.0,1.0,0.0,0.5,0.0,1.0,0.0,0.5,0.0,1.0,0.0,0.5,0.0,0.0,0.0,0.5,0.5,0.5,1.0,,
lag_pair,baseline,9550,ocdet,two_hole,clean,test,kappa_gap,,125,0.0,1.0,0.0,0.5,0.0,1.0,0.0,0.5,0.0,1.0,0.0,0.5,0.0,0.0,0.0,0.5,0.5,0.5,2.0,,
lag_pair,baseline,9550,ocdet,two_hole,clean,test,kappa_gap,,114,0.0,1.0,0.0,0.5,0.0,1.0,0.0,0.5,0.0,1.0,0.0,0.5,0.0,0.0,0.0,0.5,0.5,0.5,3.0,,
lag_pair,baseline,9550,ocdet,two_hole,clean,test,kappa_gap,,58,0.0,1.0,0.0,0.5,0.0,1.0,0.0,0.5,0.0,1.0,0.0,0.5,0.0,0.0,0.0,0.49999999999999994,0.5,0.5,4.0,,
lag_pair,baseline,9550,ocdet,two_hole,clean,test,kappa_gap,,37,0.0,1.0,0.0,0.5,0.0,1.0,0.0,0.5,0.0,1.0,0.0,0.5,0.0,0.0,0.0,0.5,0.5,0.5,5.0,,
lag_pair,baseline,9550,ocdet,two_hole,clean,test,chain_r+chain_s,,12,0.0,1.0,0.0,0.5,0.0,1.0,0.0,0.5,0.0,1.0,0.0,0.5,0.0,0.0,0.0,0.49999999999999994,0.5,0.5,,1.0,2.0
lag_pair,baseline,9550,ocdet,two_hole,clean,test,chain_r+chain_s,,14,0.0,1.0,0.0,0.5,0.0,1.0,0.0,0.5,0.0,1.0,0.0,0.5,0.0,0.0,0.0,0.5,0.5,0.5,,1.0,3.0
lag_pair,baseline,9550,ocdet,two_hole,clean,test,chain_r+chain_s,,14,0.0,1.0,0.0,0.5,0.0,1.0,0.0,0.5,0.0,1.0,0.0,0.5,0.0,0.0,0.0,0.5,0.5,0.5,,1.0,4.0
lag_pair,baseline,9550,ocdet,two_hole,clean,test,chain_r+chain_s,,18,0.0,1.0,0.0,0.5,0.0,1.0,0.0,0.5,0.0,1.0,0.0,0.5,0.0,0.0,0.0,0.5,0.5,0.5,,1.0,5.0
lag_pair,baseline,9550,ocdet,two_hole,clean,test,chain_r+chain_s,,22,0.0,1.0,0.0,0.5,0.0,1.0,0.0,0.5,0.0,1.0,0.0,0.5,0.0,0.0,0.0,0.5,0.5,0.5,,1.0,6.0
lag_pair,baseline,9550,ocdet,two_hole,clean,test,chain_r+chain_s,,15,0.0,1.0,0.0,0.5,0.0,1.0,0.0,0.5,0.0,1.0,0.0,0.5,0.0,0.0,0.0,0.5,0.5,0.5,,2.0,1.0
lag_pair,baseline,9550,ocdet,two_hole,clean,test,chain_r+chain_s,,19,0.0,1.0,0.0,0.5,0.0,1.0,0.0,0.5,0.0,1.0,0.0,0.5,0.0,0.0,0.0,0.5,0.5,0.5,,2.0,3.0
lag_pair,baseline,9550,ocdet,two_hole,clean,test,chain_r+chain_s,,17,0.0,1.0,0.0,0.5,0.0,1.0,0.0,0.5,0.0,1.0,0.0,0.5,0.0,0.0,0.0,0.5,0.5,0.5,,2.0,4.0
lag_pair,baseline,9550,ocdet,two_hole,clean,test,chain_r+chain_s,,23,0.0,1.0,0.0,0.5,0.0,1.0,0.0,0.5,0.0,1.0,0.0,0.5,0.0,0.0,0.0,0.5,0.5,0.5,,2.0,5.0
lag_pair,baseline,9550,ocdet,two_hole,clean,test,chain_r+chain_s,,26,0.0,1.0,0.0,0.5,0.0,1.0,0.0,0.5,0.0,1.0,0.0,0.5,0.0,0.0,0.0,0.5000000000000001,0.5,0.5,,2.0,6.0
lag_pair,baseline,9550,ocdet,two_hole,clean,test,chain_r+chain_s,,20,0.0,1.0,0.0,0.5,0.0,1.0,0.0,0.5,0.0,1.0,0.0,0.5,0.0,0.0,0.0,0.49999999999999994,0.5,0.5,,3.0,1.0
lag_pair,baseline,9550,ocdet,two_hole,clean,test,chain_r+chain_s,,19,0.0,1.0,0.0,0.5,0.0,1.0,0.0,0.5,0.0,1.0,0.0,0.5,0.0,0.0,0.0,0.5,0.5,0.5,,3.0,2.0
lag_pair,baseline,9550,ocdet,two_hole,clean,test,chain_r+chain_s,,10,0.0,1.0,0.0,0.5,0.0,1.0,0.0,0.5,0.0,1.0,0.0,0.5,0.0,0.0,0.0,0.5,0.5,0.5,,3.0,4.0
lag_pair,baseline,9550,ocdet,two_hole,clean,test,chain_r+chain_s,,14,0.0,1.0,0.0,0.5,0.0,1.0,0.0,0.5,0.0,1.0,0.0,0.5,0.0,0.0,0.0,0.5,0.5,0.5,,3.0,5.0
lag_pair,baseline,9550,ocdet,two_hole,clean,test,chain_r+chain_s,,17,0.0,1.0,0.0,0.5,0.0,1.0,0.0,0.5,0.0,1.0,0.0,0.5,0.0,0.0,0.0,0.5,0.5,0.5,,3.0,6.0
lag_pair,baseline,9550,ocdet,two_hole,clean,test,chain_r+chain_s,,16,0.0,1.0,0.0,0.5,0.0,1.0,0.0,0.5,0.0,1.0,0.0,0.5,0.0,0.0,0.0,0.5,0.5,0.5,,4.0,1.0
lag_pair,baseline,9550,ocdet,two_hole,clean,test,chain_r+chain_s,,14,0.0,1.0,0.0,0.5,0.0,1.0,0.0,0.5,0.0,1.0,0.0,0.5,0.0,0.0,0.0,0.5,0.5,0.5,,4.0,2.0
lag_pair,baseline,9550,ocdet,two_hole,clean,test,chain_r+chain_s,,18,0.0,1.0,0.0,0.5,0.0,1.0,0.0,0.5,0.0,1.0,0.0,0.5,0.0,0.0,0.0,0.5,0.5,0.5,,4.0,3.0
lag_pair,baseline,9550,ocdet,two_hole,clean,test,chain_r+chain_s,,17,0.0,1.0,0.0,0.5,0.0,1.0,0.0,0.5,0.0,1.0,0.0,0.5,0.0,0.0,0.0,0.5,0.5,0.5,,4.0,5.0
lag_pair,baseline,9550,ocdet,two_hole,clean,test,chain_r+chain_s,,23,0.0,1.0,0.0,0.5,0.0,1.0,0.0,0.5,0.0,1.0,0.0,0.5,0.0,0.0,0.0,0.5,0.5,0.5,,4.0,6.0
lag_pair,baseline,9550,ocdet,two_hole,clean,test,chain_r+chain_s,,16,0.0,1.0,0.0,0.5,0.0,1.0,0.0,0.5,0.0,1.0,0.0,0.5,0.0,0.0,0.0,0.5,0.5,0.5,,5.0,1.0
lag_pair,baseline,9550,ocdet,two_hole,clean,test,chain_r+chain_s,,19,0.0,1.0,0.0,0.5,0.0,1.0,0.0,0.5,0.0,1.0,0.0,0.5,0.0,0.0,0.0,0.5,0.5,0.5,,5.0,2.0
lag_pair,baseline,9550,ocdet,two_hole,clean,test,chain_r+chain_s,,15,0.0,1.0,0.0,0.5,0.0,1.0,0.0,0.5,0.0,1.0,0.0,0.5,0.0,0.0,0.0,0.5,0.5,0.5,,5.0,3.0
lag_pair,baseline,9550,ocdet,two_hole,clean,test,chain_r+chain_s,,18,0.0,1.0,0.0,0.5,0.0,1.0,0.0,0.5,0.0,1.0,0.0,0.5,0.0,0.0,0.0,0.5,0.5,0.5,,5.0,4.0
lag_pair,baseline,9550,ocdet,two_hole,clean,test,chain_r+chain_s,,14,0.0,1.0,0.0,0.5,0.0,1.0,0.0,0.5,0.0,1.0,0.0,0.5,0.0,0.0,0.0,0.5,0.5,0.5,,5.0,6.0
lag_pair,baseline,9550,ocdet,two_hole,clean,test,chain_r+chain_s,,20,0.0,1.0,0.0,0.5,0.0,1.0,0.0,0.5,0.0,1.0,0.0,0.5,0.0,0.0,0.0,0.49999999999999994,0.5,0.5,,6.0,1.0
lag_pair,baseline,9550,ocdet,two_hole,clean,test,chain_r+chain_s,,16,0.0,1.0,0.0,0.5,0.0,1.0,0.0,0.5,0.0,1.0,0.0,0.5,0.0,0.0,0.0,0.5,0.5,0.5,,6.0,2.0
lag_pair,baseline,9550,ocdet,two_hole,clean,test,chain_r+chain_s,,14,0.0,1.0,0.0,0.5,0.0,1.0,0.0,0.5,0.0,1.0,0.0,0.5,0.0,0.0,0.0,0.5,0.5,0.5,,6.0,3.0
lag_pair,baseline,9550,ocdet,two_hole,clean,test,chain_r+chain_s,,11,0.0,1.0,0.0,0.5,0.0,1.0,0.0,0.5,0.0,1.0,0.0,0.5,0.0,0.0,0.0,0.49999999999999994,0.5,0.5,,6.0,4.0
lag_pair,baseline,9550,ocdet,two_hole,clean,test,chain_r+chain_s,,9,0.0,1.0,0.0,0.5,0.0,1.0,0.0,0.5,0.0,1.0,0.0,0.5,0.0,0.0,0.0,0.5,0.5,0.5,,6.0,5.0
lag_pair,baseline,9550,ocdet,two_hole,heldout,val,orientation,1.0,119,0.0,1.0,0.0,0.5,0.0,1.0,0.0,0.5,0.0,1.0,0.0,0.5,0.0,0.0,0.0,0.5,0.5,0.5,,,
lag_pair,baseline,9550,ocdet,two_hole,heldout,val,orientation,2.0,81,0.0,1.0,0.0,0.5,0.0,1.0,0.0,0.5,0.0,1.0,0.0,0.5,0.0,0.0,0.0,0.5,0.5,0.5,,,
lag_pair,baseline,9550,ocdet,two_hole,heldout,val,kappa_gap,,65,0.0,1.0,0.0,0.5,0.0,1.0,0.0,0.5,0.0,1.0,0.0,0.5,0.0,0.0,0.0,0.5,0.5,0.5,1.0,,
lag_pair,baseline,9550,ocdet,two_hole,heldout,val,kappa_gap,,56,0.0,1.0,0.0,0.5,0.0,1.0,0.0,0.5,0.0,1.0,0.0,0.5,0.0,0.0,0.0,0.49999999999999994,0.5,0.5,2.0,,
lag_pair,baseline,9550,ocdet,two_hole,heldout,val,kappa_gap,,38,0.0,1.0,0.0,0.5,0.0,1.0,0.0,0.5,0.0,1.0,0.0,0.5,0.0,0.0,0.0,0.5,0.5,0.5,3.0,,
lag_pair,baseline,9550,ocdet,two_hole,heldout,val,kappa_gap,,26,0.0,1.0,0.0,0.5,0.0,1.0,0.0,0.5,0.0,1.0,0.0,0.5,0.0,0.0,0.0,0.5000000000000001,0.5,0.5,4.0,,
lag_pair,baseline,9550,ocdet,two_hole,heldout,val,kappa_gap,,15,0.0,1.0,0.0,0.5,0.0,1.0,0.0,0.5,0.0,1.0,0.0,0.5,0.0,0.0,0.0,0.5,0.5,0.5,5.0,,
lag_pair,baseline,9550,ocdet,two_hole,heldout,val,chain_r+chain_s,,8,0.0,1.0,0.0,0.5,0.0,1.0,0.0,0.5,0.0,1.0,0.0,0.5,0.0,0.0,0.0,0.5,0.5,0.5,,1.0,2.0
lag_pair,baseline,9550,ocdet,two_hole,heldout,val,chain_r+chain_s,,8,0.0,1.0,0.0,0.5,0.0,1.0,0.0,0.5,0.0,1.0,0.0,0.5,0.0,0.0,0.0,0.5,0.5,0.5,,1.0,3.0
lag_pair,baseline,9550,ocdet,two_hole,heldout,val,chain_r+chain_s,,5,0.0,1.0,0.0,0.5,0.0,1.0,0.0,0.5,0.0,1.0,0.0,0.5,0.0,0.0,0.0,0.5,0.5,0.5,,1.0,4.0
lag_pair,baseline,9550,ocdet,two_hole,heldout,val,chain_r+chain_s,,9,0.0,1.0,0.0,0.5,0.0,1.0,0.0,0.5,0.0,1.0,0.0,0.5,0.0,0.0,0.0,0.5,0.5,0.5,,1.0,5.0
lag_pair,baseline,9550,ocdet,two_hole,heldout,val,chain_r+chain_s,,7,0.0,1.0,0.0,0.5,0.0,1.0,0.0,0.5,0.0,1.0,0.0,0.5,0.0,0.0,0.0,0.5,0.5,0.5,,1.0,6.0
lag_pair,baseline,9550,ocdet,two_hole,heldout,val,chain_r+chain_s,,6,0.0,1.0,0.0,0.5,0.0,1.0,0.0,0.5,0.0,1.0,0.0,0.5,0.0,0.0,0.0,0.5,0.5,0.5,,2.0,1.0
lag_pair,baseline,9550,ocdet,two_hole,heldout,val,chain_r+chain_s,,3,0.0,1.0,0.0,0.5,0.0,1.0,0.0,0.5,0.0,1.0,0.0,0.5,0.0,0.0,0.0,0.5,0.5,0.5,,2.0,3.0
lag_pair,baseline,9550,ocdet,two_hole,heldout,val,chain_r+chain_s,,8,0.0,1.0,0.0,0.5,0.0,1.0,0.0,0.5,0.0,1.0,0.0,0.5,0.0,0.0,0.0,0.5,0.5,0.5,,2.0,4.0
lag_pair,baseline,9550,ocdet,two_hole,heldout,val,chain_r+chain_s,,5,0.0,1.0,0.0,0.5,0.0,1.0,0.0,0.5,0.0,1.0,0.0,0.5,0.0,0.0,0.0,0.5,0.5,0.5,,2.0,5.0
lag_pair,baseline,9550,ocdet,two_hole,heldout,val,chain_r+chain_s,,3,0.0,1.0,0.0,0.5,0.0,1.0,0.0,0.5,0.0,1.0,0.0,0.5,0.0,0.0,0.0,0.5,0.5,0.5,,2.0,6.0
lag_pair,baseline,9550,ocdet,two_hole,heldout,val,chain_r+chain_s,,7,0.0,1.0,0.0,0.5,0.0,1.0,0.0,0.5,0.0,1.0,0.0,0.5,0.0,0.0,0.0,0.5,0.5,0.5,,3.0,1.0
lag_pair,baseline,9550,ocdet,two_hole,heldout,val,chain_r+chain_s,,9,0.0,1.0,0.0,0.5,0.0,1.0,0.0,0.5,0.0,1.0,0.0,0.5,0.0,0.0,0.0,0.5,0.5,0.5,,3.0,2.0
lag_pair,baseline,9550,ocdet,two_hole,heldout,val,chain_r+chain_s,,8,0.0,1.0,0.0,0.5,0.0,1.0,0.0,0.5,0.0,1.0,0.0,0.5,0.0,0.0,0.0,0.5,0.5,0.5,,3.0,4.0
lag_pair,baseline,9550,ocdet,two_hole,heldout,val,chain_r+chain_s,,8,0.0,1.0,0.0,0.5,0.0,1.0,0.0,0.5,0.0,1.0,0.0,0.5,0.0,0.0,0.0,0.5,0.5,0.5,,3.0,5.0
lag_pair,baseline,9550,ocdet,two_hole,heldout,val,chain_r+chain_s,,6,0.0,1.0,0.0,0.5,0.0,1.0,0.0,0.5,0.0,1.0,0.0,0.5,0.0,0.0,0.0,0.5,0.5,0.5,,3.0,6.0
lag_pair,baseline,9550,ocdet,two_hole,heldout,val,chain_r+chain_s,,10,0.0,1.0,0.0,0.5,0.0,1.0,0.0,0.5,0.0,1.0,0.0,0.5,0.0,0.0,0.0,0.5,0.5,0.5,,4.0,1.0
lag_pair,baseline,9550,ocdet,two_hole,heldout,val,chain_r+chain_s,,4,0.0,1.0,0.0,0.5,0.0,1.0,0.0,0.5,0.0,1.0,0.0,0.5,0.0,0.0,0.0,0.5,0.5,0.5,,4.0,2.0
lag_pair,baseline,9550,ocdet,two_hole,heldout,val,chain_r+chain_s,,10,0.0,1.0,0.0,0.5,0.0,1.0,0.0,0.5,0.0,1.0,0.0,0.5,0.0,0.0,0.0,0.5,0.5,0.5,,4.0,3.0
lag_pair,baseline,9550,ocdet,two_hole,heldout,val,chain_r+chain_s,,12,0.0,1.0,0.0,0.5,0.0,1.0,0.0,0.5,0.0,1.0,0.0,0.5,0.0,0.0,0.0,0.49999999999999994,0.5,0.5,,4.0,5.0
lag_pair,baseline,9550,ocdet,two_hole,heldout,val,chain_r+chain_s,,4,0.0,1.0,0.0,0.5,0.0,1.0,0.0,0.5,0.0,1.0,0.0,0.5,0.0,0.0,0.0,0.5,0.5,0.5,,4.0,6.0
lag_pair,baseline,9550,ocdet,two_hole,heldout,val,chain_r+chain_s,,8,0.0,1.0,0.0,0.5,0.0,1.0,0.0,0.5,0.0,1.0,0.0,0.5,0.0,0.0,0.0,0.5,0.5,0.5,,5.0,1.0
lag_pair,baseline,9550,ocdet,two_hole,heldout,val,chain_r+chain_s,,5,0.0,1.0,0.0,0.5,0.0,1.0,0.0,0.5,0.0,1.0,0.0,0.5,0.0,0.0,0.0,0.5,0.5,0.5,,5.0,2.0
lag_pair,baseline,9550,ocdet,two_hole,heldout,val,chain_r+chain_s,,7,0.0,1.0,0.0,0.5,0.0,1.0,0.0,0.5,0.0,1.0,0.0,0.5,0.0,0.0,0.0,0.5,0.5,0.5,,5.0,3.0
lag_pair,baseline,9550,ocdet,two_hole,heldout,val,chain_r+chain_s,,3,0.0,1.0,0.0,0.5,0.0,1.0,0.0,0.5,0.0,1.0,0.0,0.5,0.0,0.0,0.0,0.5,0.5,0.5,,5.0,4.0
lag_pair,baseline,9550,ocdet,two_hole,heldout,val,chain_r+chain_s,,3,0.0,1.0,0.0,0.5,0.0,1.0,0.0,0.5,0.0,1.0,0.0,0.5,0.0,0.0,0.0,0.5,0.5,0.5,,5.0,6.0
lag_pair,baseline,9550,ocdet,two_hole,heldout,val,chain_r+chain_s,,5,0.0,1.0,0.0,0.5,0.0,1.0,0.0,0.5,0.0,1.0,0.0,0.5,0.0,0.0,0.0,0.5,0.5,0.5,,6.0,1.0
lag_pair,baseline,9550,ocdet,two_hole,heldout,val,chain_r+chain_s,,6,0.0,1.0,0.0,0.5,0.0,1.0,0.0,0.5,0.0,1.0,0.0,0.5,0.0,0.0,0.0,0.5,0.5,0.5,,6.0,2.0
lag_pair,baseline,9550,ocdet,two_hole,heldout,val,chain_r+chain_s,,4,0.0,1.0,0.0,0.5,0.0,1.0,0.0,0.5,0.0,1.0,0.0,0.5,0.0,0.0,0.0,0.5,0.5,0.5,,6.0,3.0
lag_pair,baseline,9550,ocdet,two_hole,heldout,val,chain_r+chain_s,,10,0.0,1.0,0.0,0.5,0.0,1.0,0.0,0.5,0.0,1.0,0.0,0.5,0.0,0.0,0.0,0.5,0.5,0.5,,6.0,4.0
lag_pair,baseline,9550,ocdet,two_hole,heldout,val,chain_r+chain_s,,9,0.0,1.0,0.0,0.5,0.0,1.0,0.0,0.5,0.0,1.0,0.0,0.5,0.0,0.0,0.0,0.5,0.5,0.5,,6.0,5.0
lag_pair,baseline,9550,ocdet,two_hole,heldout,test,orientation,1.0,229,0.0,1.0,0.0,0.5,0.0,1.0,0.0,0.5,0.0,1.0,0.0,0.5,0.0,0.0,0.0,0.49999999999999994,0.5,0.5,,,
lag_pair,baseline,9550,ocdet,two_hole,heldout,test,orientation,2.0,271,0.0,1.0,0.0,0.5,0.0,1.0,0.0,0.5,0.0,1.0,0.0,0.5,0.0,0.0,0.0,0.5,0.5,0.5,,,
lag_pair,baseline,9550,ocdet,two_hole,heldout,test,kappa_gap,,176,0.0,1.0,0.0,0.5,0.0,1.0,0.0,0.5,0.0,1.0,0.0,0.5,0.0,0.0,0.0,0.49999999999999994,0.5,0.5,1.0,,
lag_pair,baseline,9550,ocdet,two_hole,heldout,test,kappa_gap,,131,0.0,1.0,0.0,0.5,0.0,1.0,0.0,0.5,0.0,1.0,0.0,0.5,0.0,0.0,0.0,0.49999999999999994,0.5,0.5,2.0,,
lag_pair,baseline,9550,ocdet,two_hole,heldout,test,kappa_gap,,101,0.0,1.0,0.0,0.5,0.0,1.0,0.0,0.5,0.0,1.0,0.0,0.5,0.0,0.0,0.0,0.5,0.5,0.5,3.0,,
lag_pair,baseline,9550,ocdet,two_hole,heldout,test,kappa_gap,,60,0.0,1.0,0.0,0.5,0.0,1.0,0.0,0.5,0.0,1.0,0.0,0.5,0.0,0.0,0.0,0.49999999999999994,0.5,0.5,4.0,,
lag_pair,baseline,9550,ocdet,two_hole,heldout,test,kappa_gap,,32,0.0,1.0,0.0,0.5,0.0,1.0,0.0,0.5,0.0,1.0,0.0,0.5,0.0,0.0,0.0,0.5,0.5,0.5,5.0,,
lag_pair,baseline,9550,ocdet,two_hole,heldout,test,chain_r+chain_s,,14,0.0,1.0,0.0,0.5,0.0,1.0,0.0,0.5,0.0,1.0,0.0,0.5,0.0,0.0,0.0,0.5,0.5,0.5,,1.0,2.0
lag_pair,baseline,9550,ocdet,two_hole,heldout,test,chain_r+chain_s,,19,0.0,1.0,0.0,0.5,0.0,1.0,0.0,0.5,0.0,1.0,0.0,0.5,0.0,0.0,0.0,0.5,0.5,0.5,,1.0,3.0
lag_pair,baseline,9550,ocdet,two_hole,heldout,test,chain_r+chain_s,,14,0.0,1.0,0.0,0.5,0.0,1.0,0.0,0.5,0.0,1.0,0.0,0.5,0.0,0.0,0.0,0.5,0.5,0.5,,1.0,4.0
lag_pair,baseline,9550,ocdet,two_hole,heldout,test,chain_r+chain_s,,13,0.0,1.0,0.0,0.5,0.0,1.0,0.0,0.5,0.0,1.0,0.0,0.5,0.0,0.0,0.0,0.5,0.5,0.5,,1.0,5.0
lag_pair,baseline,9550,ocdet,two_hole,heldout,test,chain_r+chain_s,,18,0.0,1.0,0.0,0.5,0.0,1.0,0.0,0.5,0.0,1.0,0.0,0.5,0.0,0.0,0.0,0.5,0.5,0.5,,1.0,6.0
lag_pair,baseline,9550,ocdet,two_hole,heldout,test,chain_r+chain_s,,16,0.0,1.0,0.0,0.5,0.0,1.0,0.0,0.5,0.0,1.0,0.0,0.5,0.0,0.0,0.0,0.5,0.5,0.5,,2.0,1.0
lag_pair,baseline,9550,ocdet,two_hole,heldout,test,chain_r+chain_s,,21,0.0,1.0,0.0,0.5,0.0,1.0,0.0,0.5,0.0,1.0,0.0,0.5,0.0,0.0,0.0,0.5,0.5,0.5,,2.0,3.0
lag_pair,baseline,9550,ocdet,two_hole,heldout,test,chain_r+chain_s,,9,0.0,1.0,0.0,0.5,0.0,1.0,0.0,0.5,0.0,1.0,0.0,0.5,0.0,0.0,0.0,0.5,0.5,0.5,,2.0,4.0
lag_pair,baseline,9550,ocdet,two_hole,heldout,test,chain_r+chain_s,,14,0.0,1.0,0.0,0.5,0.0,1.0,0.0,0.5,0.0,1.0,0.0,0.5,0.0,0.0,0.0,0.5,0.5,0.5,,2.0,5.0
lag_pair,baseline,9550,ocdet,two_hole,heldout,test,chain_r+chain_s,,18,0.0,1.0,0.0,0.5,0.0,1.0,0.0,0.5,0.0,1.0,0.0,0.5,0.0,0.0,0.0,0.5,0.5,0.5,,2.0,6.0
lag_pair,baseline,9550,ocdet,two_hole,heldout,test,chain_r+chain_s,,21,0.0,1.0,0.0,0.5,0.0,1.0,0.0,0.5,0.0,1.0,0.0,0.5,0.0,0.0,0.0,0.5,0.5,0.5,,3.0,1.0
lag_pair,baseline,9550,ocdet,two_hole,heldout,test,chain_r+chain_s,,19,0.0,1.0,0.0,0.5,0.0,1.0,0.0,0.5,0.0,1.0,0.0,0.5,0.0,0.0,0.0,0.5,0.5,0.5,,3.0,2.0
lag_pair,baseline,9550,ocdet,two_hole,heldout,test,chain_r+chain_s,,21,0.0,1.0,0.0,0.5,0.0,1.0,0.0,0.5,0.0,1.0,0.0,0.5,0.0,0.0,0.0,0.5,0.5,0.5,,3.0,4.0
lag_pair,baseline,9550,ocdet,two_hole,heldout,test,chain_r+chain_s,,22,0.0,1.0,0.0,0.5,0.0,1.0,0.0,0.5,0.0,1.0,0.0,0.5,0.0,0.0,0.0,0.5,0.5,0.5,,3.0,5.0
lag_pair,baseline,9550,ocdet,two_hole,heldout,test,chain_r+chain_s,,9,0.0,1.0,0.0,0.5,0.0,1.0,0.0,0.5,0.0,1.0,0.0,0.5,0.0,0.0,0.0,0.5,0.5,0.5,,3.0,6.0
lag_pair,baseline,9550,ocdet,two_hole,heldout,test,chain_r+chain_s,,21,0.0,1.0,0.0,0.5,0.0,1.0,0.0,0.5,0.0,1.0,0.0,0.5,0.0,0.0,0.0,0.5,0.5,0.5,,4.0,1.0
lag_pair,baseline,9550,ocdet,two_hole,heldout,test,chain_r+chain_s,,11,0.0,1.0,0.0,0.5,0.0,1.0,0.0,0.5,0.0,1.0,0.0,0.5,0.0,0.0,0.0,0.49999999999999994,0.5,0.5,,4.0,2.0
lag_pair,baseline,9550,ocdet,two_hole,heldout,test,chain_r+chain_s,,18,0.0,1.0,0.0,0.5,0.0,1.0,0.0,0.5,0.0,1.0,0.0,0.5,0.0,0.0,0.0,0.5,0.5,0.5,,4.0,3.0
lag_pair,baseline,9550,ocdet,two_hole,heldout,test,chain_r+chain_s,,15,0.0,1.0,0.0,0.5,0.0,1.0,0.0,0.5,0.0,1.0,0.0,0.5,0.0,0.0,0.0,0.5,0.5,0.5,,4.0,5.0
lag_pair,baseline,9550,ocdet,two_hole,heldout,test,chain_r+chain_s,,21,0.0,1.0,0.0,0.5,0.0,1.0,0.0,0.5,0.0,1.0,0.0,0.5,0.0,0.0,0.0,0.5,0.5,0.5,,4.0,6.0
lag_pair,baseline,9550,ocdet,two_hole,heldout,test,chain_r+chain_s,,21,0.0,1.0,0.0,0.5,0.0,1.0,0.0,0.5,0.0,1.0,0.0,0.5,0.0,0.0,0.0,0.5,0.5,0.5,,5.0,1.0
lag_pair,baseline,9550,ocdet,two_hole,heldout,test,chain_r+chain_s,,14,0.0,1.0,0.0,0.5,0.0,1.0,0.0,0.5,0.0,1.0,0.0,0.5,0.0,0.0,0.0,0.5,0.5,0.5,,5.0,2.0
lag_pair,baseline,9550,ocdet,two_hole,heldout,test,chain_r+chain_s,,22,0.0,1.0,0.0,0.5,0.0,1.0,0.0,0.5,0.0,1.0,0.0,0.5,0.0,0.0,0.0,0.5,0.5,0.5,,5.0,3.0
lag_pair,baseline,9550,ocdet,two_hole,heldout,test,chain_r+chain_s,,18,0.0,1.0,0.0,0.5,0.0,1.0,0.0,0.5,0.0,1.0,0.0,0.5,0.0,0.0,0.0,0.5,0.5,0.5,,5.0,4.0
lag_pair,baseline,9550,ocdet,two_hole,heldout,test,chain_r+chain_s,,11,0.0,1.0,0.0,0.5,0.0,1.0,0.0,0.5,0.0,1.0,0.0,0.5,0.0,0.0,0.0,0.49999999999999994,0.5,0.5,,5.0,6.0
lag_pair,baseline,9550,ocdet,two_hole,heldout,test,chain_r+chain_s,,19,0.0,1.0,0.0,0.5,0.0,1.0,0.0,0.5,0.0,1.0,0.0,0.5,0.0,0.0,0.0,0.5,0.5,0.5,,6.0,1.0
lag_pair,baseline,9550,ocdet,two_hole,heldout,test,chain_r+chain_s,,18,0.0,1.0,0.0,0.5,0.0,1.0,0.0,0.5,0.0,1.0,0.0,0.5,0.0,0.0,0.0,0.5,0.5,0.5,,6.0,2.0
lag_pair,baseline,9550,ocdet,two_hole,heldout,test,chain_r+chain_s,,13,0.0,1.0,0.0,0.5,0.0,1.0,0.0,0.5,0.0,1.0,0.0,0.5,0.0,0.0,0.0,0.5,0.5,0.5,,6.0,3.0
lag_pair,baseline,9550,ocdet,two_hole,heldout,test,chain_r+chain_s,,12,0.0,1.0,0.0,0.5,0.0,1.0,0.0,0.5,0.0,1.0,0.0,0.5,0.0,0.0,0.0,0.49999999999999994,0.5,0.5,,6.0,4.0
lag_pair,baseline,9550,ocdet,two_hole,heldout,test,chain_r+chain_s,,18,0.0,1.0,0.0,0.5,0.0,1.0,0.0,0.5,0.0,1.0,0.0,0.5,0.0,0.0,0.0,0.5,0.5,0.5,,6.0,5.0
bert_lora,lora,9550,ocdet,two_hole,clean,val,orientation,1.0,113,0.5309734513274337,0.0,0.4690265486725664,0.5309734513274337,0.5309734513274337,0.0,0.4690265486725664,0.5309734513274337,0.5309734513274337,0.0,0.4690265486725664,0.5309734513274337,-0.0007185172454445763,0.00036787986755371094,0.0093985478098782,0.49416555720886524,0.4424778761061947,0.6194690265486725,,,
bert_lora,lora,9550,ocdet,two_hole,clean,val,orientation,2.0,87,0.47126436781609193,0.0,0.5287356321839081,0.47126436781609193,0.47126436781609193,0.0,0.5287356321839081,0.47126436781609193,0.47126436781609193,0.0,0.5287356321839081,0.47126436781609193,-0.0001711621880531311,-0.0007857531309127808,0.01162760403798755,0.49729158409301105,0.367816091954023,0.5747126436781609,,,
bert_lora,lora,9550,ocdet,two_hole,clean,val,kappa_gap,,63,0.5555555555555556,0.0,0.4444444444444444,0.5555555555555556,0.5555555555555556,0.0,0.4444444444444444,0.5555555555555556,0.5555555555555556,0.0,0.4444444444444444,0.5555555555555556,0.0010563740654597207,0.0003122091293334961,0.008794796550466595,0.5222978080120937,0.42857142857142855,0.6825396825396826,1.0,,
bert_lora,lora,9550,ocdet,two_hole,clean,val,kappa_gap,,60,0.5333333333333333,0.0,0.4666666666666667,0.5333333333333333,0.5333333333333333,0.0,0.4666666666666667,0.5333333333333333,0.5333333333333333,0.0,0.4666666666666667,0.5333333333333333,0.00013325077792008717,0.00034496933221817017,0.009330751928086477,0.5038888888888889,0.41625000000000006,0.65,2.0,,
bert_lora,lora,9550,ocdet,two_hole,clean,val,kappa_gap,,34,0.3235294117647059,0.0,0.6764705882352942,0.3235294117647059,0.3235294117647059,0.0,0.6764705882352942,0.3235294117647059,0.3235294117647059,0.0,0.6764705882352942,0.3235294117647059,-0.004020524813848383,-0.00306585431098938,0.011786201567737162,0.4541522491349481,0.17647058823529413,0.5,3.0,,
bert_lora,lora,9550,ocdet,two_hole,clean,val,kappa_gap,,40,0.525,0.0,0.475,0.525,0.525,0.0,0.475,0.525,0.525,0.0,0.475,0.525,-0.0011147256940603257,0.0012678653001785278,0.012349878964250261,0.490625,0.375,0.675,4.0,,
bert_lora,lora,9550,ocdet,two_hole,clean,val,kappa_gap,,3,0.6666666666666666,0.0,0.3333333333333333,0.6666666666666666,0.6666666666666666,0.0,0.3333333333333333,0.6666666666666666,0.6666666666666666,0.0,0.3333333333333333,0.6666666666666666,0.003552233179410299,0.000839725136756897,0.007656283520711202,0.5555555555555556,0.0,1.0,5.0,,
bert_lora,lora,9550,ocdet,two_hole,clean,val,chain_r+chain_s,,7,0.7142857142857143,0.0,0.2857142857142857,0.7142857142857143,0.7142857142857143,0.0,0.2857142857142857,0.7142857142857143,0.7142857142857143,0.0,0.2857142857142857,0.7142857142857143,0.000630121145929609,0.0014777183532714844,0.0024033397751014314,0.5306122448979592,0.42857142857142855,1.0,,1.0,2.0
bert_lora,lora,9550,ocdet,two_hole,clean,val,chain_r+chain_s,,12,0.5,0.0,0.5,0.5,0.5,0.0,0.5,0.5,0.5,0.0,0.5,0.5,-0.0001143751045068105,0.0001831352710723877,0.004325568131490096,0.4930555555555556,0.25,0.75,,1.0,3.0
bert_lora,lora,9550,ocdet,two_hole,clean,val,chain_r+chain_s,,8,0.75,0.0,0.25,0.75,0.75,0.0,0.25,0.75,0.75,0.0,0.25,0.75,0.0015157423913478851,0.002860240638256073,0.005587851155026521,0.53125,0.375,1.0,,1.0,4.0
bert_lora,lora,9550,ocdet,two_hole,clean,val,chain_r+chain_s,,10,0.7,0.0,0.3,0.7,0.7,0.0,0.3,0.7,0.7,0.0,0.3,0.7,0.004770801961421966,0.0046384334564208984,0.006003399049061813,0.55,0.4,1.0,,1.0,5.0
bert_lora,lora,9550,ocdet,two_hole,clean,val,chain_r+chain_s,,8,0.5,0.0,0.5,0.5,0.5,0.0,0.5,0.5,0.5,0.0,0.5,0.5,-0.0008165836334228516,0.0026850104331970215,0.019995628466069993,0.515625,0.125,0.875,,1.0,6.0
bert_lora,lora,9550,ocdet,two_hole,clean,val,chain_r+chain_s,,4,0.25,0.0,0.75,0.25,0.25,0.0,0.75,0.25,0.25,0.0,0.75,0.25,-0.0016396567225456238,-0.001580744981765747,0.0017794647224978351,0.4375,0.0,0.75,,2.0,1.0
bert_lora,lora,9550,ocdet,two_hole,clean,val,chain_r+chain_s,,5,0.6,0.0,0.4,0.6,0.6,0.0,0.4,0.6,0.6,0.0,0.4,0.6,0.00022417604923248292,0.0003122091293334961,0.001079719702174034,0.52,0.2,1.0,,2.0,3.0
bert_lora,lora,9550,ocdet,two_hole,clean,val,chain_r+chain_s,,8,0.5,0.0,0.5,0.5,0.5,0.0,0.5,0.5,0.5,0.0,0.5,0.5,0.001468445174396038,-0.0007809065282344818,0.005433567080821537,0.53125,0.125,0.875,,2.0,4.0
bert_lora,lora,9550,ocdet,two_hole,clean,val,chain_r+chain_s,,5,1.0,0.0,0.0,1.0,1.0,0.0,0.0,1.0,1.0,0.0,0.0,1.0,0.00850311815738678,0.004158183932304382,0.007931569224636016,0.68,1.0,1.0,,2.0,5.0
bert_lora,lora,9550,ocdet,two_hole,clean,val,chain_r+chain_s,,5,0.0,0.0,1.0,0.0,0.0,0.0,1.0,0.0,0.0,0.0,1.0,0.0,-0.012290096282958985,-0.014201194047927856,0.00846192485815752,0.32,0.0,0.0,,2.0,6.0
bert_lora,lora,9550,ocdet,two_hole,clean,val,chain_r+chain_s,,4,0.75,0.0,0.25,0.75,0.75,0.0,0.25,0.75,0.75,0.0,0.25,0.75,0.0012841224670410156,0.0016613081097602844,0.004379877736051961,0.625,0.25,1.0,,3.0,1.0
bert_lora,lora,9550,ocdet,two_hole,clean,val,chain_r+chain_s,,5,0.8,0.0,0.2,0.8,0.8,0.0,0.2,0.8,0.8,0.0,0.2,0.8,0.0016180872917175293,0.0016221553087234497,0.0015904104478695906,0.5599999999999999,0.4,1.0,,3.0,2.0
bert_lora,lora,9550,ocdet,two_hole,clean,val,chain_r+chain_s,,4,0.25,0.0,0.75,0.25,0.25,0.0,0.75,0.25,0.25,0.0,0.75,0.25,0.00047683343291282654,-0.00029464811086654663,0.002820960213060617,0.4375,0.0,0.75,,3.0,4.0
bert_lora,lora,9550,ocdet,two_hole,clean,val,chain_r+chain_s,,5,0.2,0.0,0.8,0.2,0.2,0.0,0.8,0.2,0.2,0.0,0.8,0.2,-0.0026753365993499754,-0.003974094986915588,0.009499620605843265,0.44,0.0,0.6,,3.0,5.0
bert_lora,lora,9550,ocdet,two_hole,clean,val,chain_r+chain_s,,7,0.0,0.0,1.0,0.0,0.0,0.0,1.0,0.0,0.0,0.0,1.0,0.0,-0.011359023196356637,-0.007899194955825806,0.009099228502030562,0.20408163265306123,0.0,0.0,,3.0,6.0
bert_lora,lora,9550,ocdet,two_hole,clean,val,chain_r+chain_s,,9,0.7777777777777778,0.0,0.2222222222222222,0.7777777777777778,0.7777777777777778,0.0,0.2222222222222222,0.7777777777777778,0.7777777777777778,0.0,0.2222222222222222,0.7777777777777778,0.0008725888199276394,0.0019755810499191284,0.0047708854562322715,0.5432098765432098,0.4444444444444444,1.0,,4.0,1.0
bert_lora,lora,9550,ocdet,two_hole,clean,val,chain_r+chain_s,,3,0.3333333333333333,0.0,0.6666666666666666,0.3333333333333333,0.3333333333333333,0.0,0.6666666666666666,0.3333333333333333,0.3333333333333333,0.0,0.6666666666666666,0.3333333333333333,-0.0007437715927759806,-0.0016405433416366577,0.0014278525021315114,0.4444444444444444,0.0,1.0,,4.0,2.0
bert_lora,lora,9550,ocdet,two_hole,clean,val,chain_r+chain_s,,7,0.8571428571428571,0.0,0.14285714285714285,0.8571428571428571,0.8571428571428571,0.0,0.14285714285714285,0.8571428571428571,0.8571428571428571,0.0,0.14285714285714285,0.8571428571428571,0.002092650958469936,0.0029022693634033203,0.0021836136910256773,0.6122448979591837,0.5714285714285714,1.0,,4.0,3.0
bert_lora,lora,9550,ocdet,two_hole,clean,val,chain_r+chain_s,,7,0.5714285714285714,0.0,0.42857142857142855,0.5714285714285714,0.5714285714285714,0.0,0.42857142857142855,0.5714285714285714,0.5714285714285714,0.0,0.42857142857142855,0.5714285714285714,0.0015029204743249075,0.002057686448097229,0.006430000741636179,0.5306122448979592,0.14285714285714285,0.8607142857142824,,4.0,5.0
bert_lora,lora,9550,ocdet,two_hole,clean,val,chain_r+chain_s,,3,0.3333333333333333,0.0,0.6666666666666666,0.3333333333333333,0.3333333333333333,0.0,0.6666666666666666,0.3333333333333333,0.3333333333333333,0.0,0.6666666666666666,0.3333333333333333,-0.00896880030632019,-0.011926323175430298,0.010592472357769844,0.4444444444444445,0.0,1.0,,4.0,6.0
bert_lora,lora,9550,ocdet,two_hole,clean,val,chain_r+chain_s,,12,0.4166666666666667,0.0,0.5833333333333334,0.4166666666666667,0.4166666666666667,0.0,0.5833333333333334,0.4166666666666667,0.4166666666666667,0.0,0.5833333333333334,0.4166666666666667,-0.0010010947783788045,-0.0010165423154830933,0.0072061731574902975,0.4930555555555556,0.16666666666666666,0.6666666666666666,,5.0,1.0
bert_lora,lora,9550,ocdet,two_hole,clean,val,chain_r+chain_s,,8,0.5,0.0,0.5,0.5,0.5,0.0,0.5,0.5,0.5,0.0,0.5,0.5,-0.0006995778530836105,-0.0002089366316795349,0.006598646459840188,0.5,0.125,0.875,,5.0,2.0
bert_lora,lora,9550,ocdet,two_hole,clean,val,chain_r+chain_s,,7,0.14285714285714285,0.0,0.8571428571428571,0.14285714285714285,0.14285714285714285,0.0,0.8571428571428571,0.14285714285714285,0.14285714285714285,0.0,0.8571428571428571,0.14285714285714285,-0.0038623192480632235,-0.00643765926361084,0.005938963659841793,0.40816326530612246,0.0,0.42857142857142855,,5.0,3.0
bert_lora,lora,9550,ocdet,two_hole,clean,val,chain_r+chain_s,,6,0.3333333333333333,0.0,0.6666666666666666,0.3333333333333333,0.3333333333333333,0.0,0.6666666666666666,0.3333333333333333,0.3333333333333333,0.0,0.6666666666666666,0.3333333333333333,-0.002949190636475881,-0.001559428870677948,0.0033759409190394544,0.4444444444444444,0.0,0.6666666666666666,,5.0,4.0
bert_lora,lora,9550,ocdet,two_hole,clean,val,chain_r+chain_s,,8,0.5,0.0,0.5,0.5,0.5,0.0,0.5,0.5,0.5,0.0,0.5,0.5,-0.008983522653579712,-0.008457094430923462,0.018203101197671715,0.46875,0.125,0.875,,5.0,6.0
bert_lora,lora,9550,ocdet,two_hole,clean,val,chain_r+chain_s,,7,0.5714285714285714,0.0,0.42857142857142855,0.5714285714285714,0.5714285714285714,0.0,0.42857142857142855,0.5714285714285714,0.5714285714285714,0.0,0.42857142857142855,0.5714285714285714,0.0017601166452680314,0.002400711178779602,0.014796671149364912,0.5306122448979592,0.14285714285714285,0.8571428571428571,,6.0,1.0
bert_lora,lora,9550,ocdet,two_hole,clean,val,chain_r+chain_s,,9,0.3333333333333333,0.0,0.6666666666666666,0.3333333333333333,0.3333333333333333,0.0,0.6666666666666666,0.3333333333333333,0.3333333333333333,0.0,0.6666666666666666,0.3333333333333333,-0.0038534386290444266,-0.0010663717985153198,0.014185961124607469,0.45679012345679015,0.0,0.6666666666666666,,6.0,2.0
bert_lora,lora,9550,ocdet,two_hole,clean,val,chain_r+chain_s,,4,0.5,0.0,0.5,0.5,0.5,0.0,0.5,0.5,0.5,0.0,0.5,0.5,0.01014847680926323,0.007284931838512421,0.014809508051544577,0.6875,0.0,1.0,,6.0,3.0
bert_lora,lora,9550,ocdet,two_hole,clean,val,chain_r+chain_s,,6,0.6666666666666666,0.0,0.3333333333333333,0.6666666666666666,0.6666666666666666,0.0,0.3333333333333333,0.6666666666666666,0.6666666666666666,0.0,0.3333333333333333,0.6666666666666666,0.004860098163286845,0.009943947196006775,0.015154786387564269,0.6111111111111113,0.3333333333333333,1.0,,6.0,4.0
bert_lora,lora,9550,ocdet,two_hole,clean,val,chain_r+chain_s,,7,0.42857142857142855,0.0,0.5714285714285714,0.42857142857142855,0.42857142857142855,0.0,0.5714285714285714,0.42857142857142855,0.42857142857142855,0.0,0.5714285714285714,0.42857142857142855,0.0029839766877038138,-0.003300964832305908,0.011954146895355159,0.5510204081632654,0.14285714285714285,0.8571428571428571,,6.0,5.0
bert_lora,lora,9550,ocdet,two_hole,clean,test,orientation,1.0,261,0.5019157088122606,0.0,0.49808429118773945,0.5019157088122606,0.5019157088122606,0.0,0.49808429118773945,0.5019157088122606,0.5019157088122606,0.0,0.49808429118773945,0.5019157088122606,0.00023052179151111178,1.2189149856567383e-05,0.01252211826657855,0.5002715755787496,0.44061302681992337,0.5632183908045977,,,
bert_lora,lora,9550,ocdet,two_hole,clean,test,orientation,2.0,239,0.4309623430962343,0.0,0.5690376569037657,0.4309623430962343,0.4309623430962343,0.0,0.5690376569037657,0.4309623430962343,0.4309623430962343,0.0,0.5690376569037657,0.4309623430962343,-0.001112555516065414,-0.0010184645652770996,0.011496334226136079,0.4899949230580697,0.3723849372384937,0.4895397489539749,,,
bert_lora,lora,9550,ocdet,two_hole,clean,test,kappa_gap,,166,0.5060240963855421,0.0,0.4939759036144578,0.5060240963855421,0.5060240963855421,0.0,0.4939759036144578,0.5060240963855421,0.5060240963855421,0.0,0.4939759036144578,0.5060240963855421,0.0008635503879512649,9.278208017349243e-05,0.01187327880741552,0.5058426476992306,0.42771084337349397,0.5843373493975904,1.0,,
bert_lora,lora,9550,ocdet,two_hole,clean,test,kappa_gap,,125,0.48,0.0,0.52,0.48,0.48,0.0,0.52,0.48,0.48,0.0,0.52,0.48,0.0001735212206840515,-0.00038413703441619873,0.011433113907251548,0.49555200000000005,0.4,0.576,2.0,,
bert_lora,lora,9550,ocdet,two_hole,clean,test,kappa_gap,,114,0.47368421052631576,0.0,0.5263157894736842,0.47368421052631576,0.47368421052631576,0.0,0.5263157894736842,0.47368421052631576,0.47368421052631576,0.0,0.5263157894736842,0.47368421052631576,-0.002029643050934139,-0.0007470026612281799,0.012695906287049525,0.48499538319482915,0.37719298245614036,0.5614035087719298,3.0,,
bert_lora,lora,9550,ocdet,two_hole,clean,test,kappa_gap,,58,0.41379310344827586,0.0,0.5862068965517241,0.41379310344827586,0.41379310344827586,0.0,0.5862068965517241,0.41379310344827586,0.41379310344827586,0.0,0.5862068965517241,0.41379310344827586,-0.0013777652177317389,-0.000629916787147522,0.01309092963159033,0.485731272294887,0.29310344827586204,0.5344827586206896,4.0,,
bert_lora,lora,9550,ocdet,two_hole,clean,test,kappa_gap,,37,0.32432432432432434,0.0,0.6756756756756757,0.32432432432432434,0.32432432432432434,0.0,0.6756756756756757,0.32432432432432434,0.32432432432432434,0.0,0.6756756756756757,0.32432432432432434,-0.00160768668393831,-0.0019917339086532593,0.010350571905087737,0.47406866325785246,0.1891891891891892,0.4864864864864865,5.0,,
bert_lora,lora,9550,ocdet,two_hole,clean,test,chain_r+chain_s,,12,0.5833333333333334,0.0,0.4166666666666667,0.5833333333333334,0.5833333333333334,0.0,0.4166666666666667,0.5833333333333334,0.5833333333333334,0.0,0.4166666666666667,0.5833333333333334,-0.0001840144395828247,0.00021649152040481567,0.0023471275158456887,0.47916666666666663,0.3333333333333333,0.8333333333333334,,1.0,2.0
bert_lora,lora,9550,ocdet,two_hole,clean,test,chain_r+chain_s,,14,0.5,0.0,0.5,0.5,0.5,0.0,0.5,0.5,0.5,0.0,0.5,0.5,0.0005925925714629037,8.289515972137451e-05,0.00390827755297049,0.4948979591836734,0.28392857142857153,0.7857142857142857,,1.0,3.0
bert_lora,lora,9550,ocdet,two_hole,clean,test,chain_r+chain_s,,14,0.6428571428571429,0.0,0.35714285714285715,0.6428571428571429,0.6428571428571429,0.0,0.35714285714285715,0.6428571428571429,0.6428571428571429,0.0,0.35714285714285715,0.6428571428571429,0.0019389359014374869,0.0019877925515174866,0.006304726476637938,0.5102040816326531,0.35714285714285715,0.8571428571428571,,1.0,4.0
bert_lora,lora,9550,ocdet,two_hole,clean,test,chain_r+chain_s,,18,0.4444444444444444,0.0,0.5555555555555556,0.4444444444444444,0.4444444444444444,0.0,0.5555555555555556,0.4444444444444444,0.4444444444444444,0.0,0.5555555555555556,0.4444444444444444,-0.0011212974786758423,-0.0016542524099349976,0.00755850104845512,0.5030864197530864,0.2222222222222222,0.6666666666666666,,1.0,5.0
bert_lora,lora,9550,ocdet,two_hole,clean,test,chain_r+chain_s,,22,0.5454545454545454,0.0,0.45454545454545453,0.5454545454545454,0.5454545454545454,0.0,0.45454545454545453,0.5454545454545454,0.5454545454545454,0.0,0.45454545454545453,0.5454545454545454,0.0034485516900366,0.0013268254697322845,0.023621031546490357,0.53099173553719,0.3181818181818182,0.7727272727272727,,1.0,6.0
bert_lora,lora,9550,ocdet,two_hole,clean,test,chain_r+chain_s,,15,0.4666666666666667,0.0,0.5333333333333333,0.4666666666666667,0.4666666666666667,0.0,0.5333333333333333,0.4666666666666667,0.4666666666666667,0.0,0.5333333333333333,0.4666666666666667,0.00023477474848429363,-0.00018487870693206787,0.0029023150911465794,0.49333333333333335,0.2,0.7333333333333333,,2.0,1.0
bert_lora,lora,9550,ocdet,two_hole,clean,test,chain_r+chain_s,,19,0.5263157894736842,0.0,0.47368421052631576,0.5263157894736842,0.5263157894736842,0.0,0.47368421052631576,0.5263157894736842,0.5263157894736842,0.0,0.47368421052631576,0.5263157894736842,0.0003844899566550004,0.0001030266284942627,0.002561745999810322,0.5013850415512465,0.3157894736842105,0.7368421052631579,,2.0,3.0
bert_lora,lora,9550,ocdet,two_hole,clean,test,chain_r+chain_s,,17,0.7647058823529411,0.0,0.23529411764705882,0.7647058823529411,0.7647058823529411,0.0,0.23529411764705882,0.7647058823529411,0.7647058823529411,0.0,0.23529411764705882,0.7647058823529411,0.0021714695236262154,0.0025918185710906982,0.004984840997113986,0.5536332179930796,0.5882352941176471,0.9411764705882353,,2.0,4.0
bert_lora,lora,9550,ocdet,two_hole,clean,test,chain_r+chain_s,,23,0.5217391304347826,0.0,0.4782608695652174,0.5217391304347826,0.5217391304347826,0.0,0.4782608695652174,0.5217391304347826,0.5217391304347826,0.0,0.4782608695652174,0.5217391304347826,0.0004788274350373641,0.00014291703701019287,0.00615311360873305,0.4952741020793951,0.30434782608695654,0.7391304347826086,,2.0,5.0
bert_lora,lora,9550,ocdet,two_hole,clean,test,chain_r+chain_s,,26,0.19230769230769232,0.0,0.8076923076923077,0.19230769230769232,0.19230769230769232,0.0,0.8076923076923077,0.19230769230769232,0.19230769230769232,0.0,0.8076923076923077,0.19230769230769232,-0.011165828658984257,-0.012345336377620697,0.014193788744821719,0.32840236686390534,0.038461538461538464,0.34615384615384615,,2.0,6.0
bert_lora,lora,9550,ocdet,two_hole,clean,test,chain_r+chain_s,,20,0.4,0.0,0.6,0.4,0.4,0.0,0.6,0.4,0.4,0.0,0.6,0.4,-0.00045141205191612244,-0.0008495375514030457,0.003265258581951847,0.49249999999999994,0.2,0.6,,3.0,1.0
bert_lora,lora,9550,ocdet,two_hole,clean,test,chain_r+chain_s,,19,0.47368421052631576,0.0,0.5263157894736842,0.47368421052631576,0.47368421052631576,0.0,0.5263157894736842,0.47368421052631576,0.47368421052631576,0.0,0.5263157894736842,0.47368421052631576,-0.00026982630553998445,-0.00016540288925170898,0.0026522393341598966,0.48753462603878117,0.2631578947368421,0.6842105263157895,,3.0,2.0
bert_lora,lora,9550,ocdet,two_hole,clean,test,chain_r+chain_s,,10,0.7,0.0,0.3,0.7,0.7,0.0,0.3,0.7,0.7,0.0,0.3,0.7,0.0014053493738174438,0.001231454312801361,0.002178594402727686,0.54,0.4,1.0,,3.0,4.0
bert_lora,lora,9550,ocdet,two_hole,clean,test,chain_r+chain_s,,14,0.5,0.0,0.5,0.5,0.5,0.0,0.5,0.5,0.5,0.0,0.5,0.5,-0.0013772621750831604,-0.0007003992795944214,0.008010308757218997,0.4744897959183673,0.21428571428571427,0.7857142857142857,,3.0,5.0
bert_lora,lora,9550,ocdet,two_hole,clean,test,chain_r+chain_s,,17,0.4117647058823529,0.0,0.5882352941176471,0.4117647058823529,0.4117647058823529,0.0,0.5882352941176471,0.4117647058823529,0.4117647058823529,0.0,0.5882352941176471,0.4117647058823529,-0.006281020886757795,-0.0029620230197906494,0.02094223988801431,0.42560553633217996,0.17647058823529413,0.6470588235294118,,3.0,6.0
bert_lora,lora,9550,ocdet,two_hole,clean,test,chain_r+chain_s,,16,0.4375,0.0,0.5625,0.4375,0.4375,0.0,0.5625,0.4375,0.4375,0.0,0.5625,0.4375,0.0002529141493141651,-0.0010124444961547852,0.005066315395057809,0.515625,0.1875,0.6875,,4.0,1.0
bert_lora,lora,9550,ocdet,two_hole,clean,test,chain_r+chain_s,,14,0.35714285714285715,0.0,0.6428571428571429,0.35714285714285715,0.35714285714285715,0.0,0.6428571428571429,0.35714285714285715,0.35714285714285715,0.0,0.6428571428571429,0.35714285714285715,-0.001511413071836744,-0.0017333552241325378,0.0042700637643197075,0.47959183673469385,0.14285714285714285,0.6428571428571429,,4.0,2.0
bert_lora,lora,9550,ocdet,two_hole,clean,test,chain_r+chain_s,,18,0.2777777777777778,0.0,0.7222222222222222,0.2777777777777778,0.2777777777777778,0.0,0.7222222222222222,0.2777777777777778,0.2777777777777778,0.0,0.7222222222222222,0.2777777777777778,-0.001912991205851237,-0.0012501850724220276,0.002807492590525342,0.46604938271604934,0.1111111111111111,0.5,,4.0,3.0
bert_lora,lora,9550,ocdet,two_hole,clean,test,chain_r+chain_s,,17,0.6470588235294118,0.0,0.35294117647058826,0.6470588235294118,0.6470588235294118,0.0,0.35294117647058826,0.6470588235294118,0.6470588235294118,0.0,0.35294117647058826,0.6470588235294118,0.0010829966734437382,0.002480536699295044,0.005678604654500103,0.5155709342560554,0.4117647058823529,0.8823529411764706,,4.0,5.0
bert_lora,lora,9550,ocdet,two_hole,clean,test,chain_r+chain_s,,23,0.17391304347826086,0.0,0.8260869565217391,0.17391304347826086,0.17391304347826086,0.0,0.8260869565217391,0.17391304347826086,0.17391304347826086,0.0,0.8260869565217391,0.17391304347826086,-0.010202994165213211,-0.012277856469154358,0.017769118967715006,0.36862003780718333,0.043478260869565216,0.34782608695652173,,4.0,6.0
bert_lora,lora,9550,ocdet,two_hole,clean,test,chain_r+chain_s,,16,0.5625,0.0,0.4375,0.5625,0.5625,0.0,0.4375,0.5625,0.5625,0.0,0.4375,0.5625,0.0008197370916604996,0.002342633903026581,0.0060134504006553145,0.51171875,0.3125,0.75,,5.0,1.0
bert_lora,lora,9550,ocdet,two_hole,clean,test,chain_r+chain_s,,19,0.3157894736842105,0.0,0.6842105263157895,0.3157894736842105,0.3157894736842105,0.0,0.6842105263157895,0.3157894736842105,0.3157894736842105,0.0,0.6842105263157895,0.3157894736842105,-0.0022914009658913863,-0.0019181817770004272,0.004247850724771796,0.47091412742382277,0.10526315789473684,0.5263157894736842,,5.0,2.0
bert_lora,lora,9550,ocdet,two_hole,clean,test,chain_r+chain_s,,15,0.26666666666666666,0.0,0.7333333333333333,0.26666666666666666,0.26666666666666666,0.0,0.7333333333333333,0.26666666666666666,0.26666666666666666,0.0,0.7333333333333333,0.26666666666666666,-0.0022653579711914063,-0.0028481483459472656,0.00449601146667083,0.4666666666666667,0.06666666666666667,0.4666666666666667,,5.0,3.0
bert_lora,lora,9550,ocdet,two_hole,clean,test,chain_r+chain_s,,18,0.3888888888888889,0.0,0.6111111111111112,0.3888888888888889,0.3888888888888889,0.0,0.6111111111111112,0.3888888888888889,0.3888888888888889,0.0,0.6111111111111112,0.3888888888888889,-0.0018992779983414544,-0.0010809823870658875,0.005559276225174329,0.4722222222222222,0.16666666666666666,0.6111111111111112,,5.0,4.0
bert_lora,lora,9550,ocdet,two_hole,clean,test,chain_r+chain_s,,14,0.7142857142857143,0.0,0.2857142857142857,0.7142857142857143,0.7142857142857143,0.0,0.2857142857142857,0.7142857142857143,0.7142857142857143,0.0,0.2857142857142857,0.7142857142857143,0.0038109730396951947,0.004667319357395172,0.012675709013902543,0.5459183673469388,0.42857142857142855,0.9285714285714286,,5.0,6.0
bert_lora,lora,9550,ocdet,two_hole,clean,test,chain_r+chain_s,,20,0.6,0.0,0.4,0.6,0.6,0.0,0.4,0.6,0.6,0.0,0.4,0.6,0.00904085487127304,0.008072294294834137,0.016410282253920633,0.61,0.3987500000000001,0.8,,6.0,1.0
bert_lora,lora,9550,ocdet,two_hole,clean,test,chain_r+chain_s,,16,0.4375,0.0,0.5625,0.4375,0.4375,0.0,0.5625,0.4375,0.4375,0.0,0.5625,0.4375,-7.638894021511078e-05,-0.0035089775919914246,0.018383248200437415,0.50390625,0.1875,0.6875,,6.0,2.0
bert_lora,lora,9550,ocdet,two_hole,clean,test,chain_r+chain_s,,14,0.5,0.0,0.5,0.5,0.5,0.0,0.5,0.5,0.5,0.0,0.5,0.5,0.002478719821998051,-0.0004064887762069702,0.01376819216618784,0.5408163265306123,0.2857142857142857,0.7857142857142857,,6.0,3.0
bert_lora,lora,9550,ocdet,two_hole,clean,test,chain_r+chain_s,,11,0.7272727272727273,0.0,0.2727272727272727,0.7272727272727273,0.7272727272727273,0.0,0.2727272727272727,0.7272727272727273,0.7272727272727273,0.0,0.2727272727272727,0.7272727272727273,0.01458345353603363,0.014836132526397705,0.01744259398114475,0.6198347107438016,0.45454545454545453,1.0,,6.0,4.0
bert_lora,lora,9550,ocdet,two_hole,clean,test,chain_r+chain_s,,9,0.4444444444444444,0.0,0.5555555555555556,0.4444444444444444,0.4444444444444444,0.0,0.5555555555555556,0.4444444444444444,0.4444444444444444,0.0,0.5555555555555556,0.4444444444444444,0.00015433794922298856,-0.002730622887611389,0.015936230634411876,0.45679012345679015,0.1111111111111111,0.7777777777777778,,6.0,5.0
bert_lora,lora,9550,ocdet,two_hole,heldout,val,orientation,1.0,119,0.5042016806722689,0.0,0.4957983193277311,0.5042016806722689,0.5042016806722689,0.008403361344537815,0.48739495798319327,0.5084033613445378,0.5042016806722689,0.0,0.4957983193277311,0.5042016806722689,0.0003129063534135578,0.00014634430408477783,0.012276015364263365,0.5044841465998164,0.42016806722689076,0.5882352941176471,,,
bert_lora,lora,9550,ocdet,two_hole,heldout,val,orientation,2.0,81,0.5308641975308642,0.0,0.4691358024691358,0.5308641975308642,0.5308641975308642,0.0,0.4691358024691358,0.5308641975308642,0.5308641975308642,0.0,0.4691358024691358,0.5308641975308642,0.002106524360032729,0.0008187144994735718,0.011618005913897866,0.5182136869379668,0.41975308641975306,0.6419753086419753,,,
bert_lora,lora,9550,ocdet,two_hole,heldout,val,kappa_gap,,65,0.5384615384615384,0.0,0.46153846153846156,0.5384615384615384,0.5384615384615384,0.0,0.46153846153846156,0.5384615384615384,0.5384615384615384,0.0,0.46153846153846156,0.5384615384615384,0.00035317769417395956,0.0010528266429901123,0.013508394676505189,0.5091124260355029,0.4153846153846154,0.6615384615384615,1.0,,
bert_lora,lora,9550,ocdet,two_hole,heldout,val,kappa_gap,,56,0.375,0.0,0.625,0.375,0.375,0.017857142857142856,0.6071428571428571,0.38392857142857145,0.375,0.0,0.625,0.375,-0.0008777515696627754,-0.000353008508682251,0.00794074933700257,0.48692602040816324,0.25,0.5178571428571429,2.0,,
bert_lora,lora,9550,ocdet,two_hole,heldout,val,kappa_gap,,38,0.7105263157894737,0.0,0.2894736842105263,0.7105263157894737,0.7105263157894737,0.0,0.2894736842105263,0.7105263157894737,0.7105263157894737,0.0,0.2894736842105263,0.7105263157894737,0.00698729722123397,0.002662070095539093,0.014347926294143061,0.5831024930747922,0.5782894736842106,0.8421052631578947,3.0,,
bert_lora,lora,9550,ocdet,two_hole,heldout,val,kappa_gap,,26,0.4230769230769231,0.0,0.5769230769230769,0.4230769230769231,0.4230769230769231,0.0,0.5769230769230769,0.4230769230769231,0.4230769230769231,0.0,0.5769230769230769,0.4230769230769231,-0.0011875595037753766,-0.0008555948734283447,0.005681332424597302,0.47485207100591714,0.23076923076923078,0.6153846153846154,4.0,,
bert_lora,lora,9550,ocdet,two_hole,heldout,val,kappa_gap,,15,0.6,0.0,0.4,0.6,0.6,0.0,0.4,0.6,0.6,0.0,0.4,0.6,-3.859202067057292e-05,0.002425253391265869,0.014697793982013338,0.4977777777777778,0.3333333333333333,0.8666666666666667,5.0,,
bert_lora,lora,9550,ocdet,two_hole,heldout,val,chain_r+chain_s,,8,0.625,0.0,0.375,0.625,0.625,0.0,0.375,0.625,0.625,0.0,0.375,0.625,0.0002930350601673126,0.00037958472967147827,0.002530291566880217,0.53125,0.25,1.0,,1.0,2.0
bert_lora,lora,9550,ocdet,two_hole,heldout,val,chain_r+chain_s,,8,0.5,0.0,0.5,0.5,0.5,0.0,0.5,0.5,0.5,0.0,0.5,0.5,0.0004941709339618683,0.0003095269203186035,0.003054531522925791,0.5,0.125,0.875,,1.0,3.0
bert_lora,lora,9550,ocdet,two_hole,heldout,val,chain_r+chain_s,,5,0.8,0.0,0.2,0.8,0.8,0.0,0.2,0.8,0.8,0.0,0.2,0.8,0.004505863785743714,0.006171569228172302,0.007873898294296586,0.6,0.4,1.0,,1.0,4.0
bert_lora,lora,9550,ocdet,two_hole,heldout,val,chain_r+chain_s,,9,0.5555555555555556,0.0,0.4444444444444444,0.5555555555555556,0.5555555555555556,0.0,0.4444444444444444,0.5555555555555556,0.5555555555555556,0.0,0.4444444444444444,0.5555555555555556,0.0031095511383480495,0.0027542412281036377,0.0064589005241072125,0.5432098765432098,0.2222222222222222,0.8888888888888888,,1.0,5.0
bert_lora,lora,9550,ocdet,two_hole,heldout,val,chain_r+chain_s,,7,0.42857142857142855,0.0,0.5714285714285714,0.42857142857142855,0.42857142857142855,0.0,0.5714285714285714,0.42857142857142855,0.42857142857142855,0.0,0.5714285714285714,0.42857142857142855,-0.007205694913864136,-0.002794906497001648,0.018660112906312174,0.4693877551020408,0.14285714285714285,0.8571428571428571,,1.0,6.0
bert_lora,lora,9550,ocdet,two_hole,heldout,val,chain_r+chain_s,,6,0.6666666666666666,0.0,0.3333333333333333,0.6666666666666666,0.6666666666666666,0.0,0.3333333333333333,0.6666666666666666,0.6666666666666666,0.0,0.3333333333333333,0.6666666666666666,0.00017635772625605264,0.0005364790558815002,0.00240445005969853,0.5277777777777777,0.3333333333333333,1.0,,2.0,1.0
bert_lora,lora,9550,ocdet,two_hole,heldout,val,chain_r+chain_s,,3,0.3333333333333333,0.0,0.6666666666666666,0.3333333333333333,0.3333333333333333,0.0,0.6666666666666666,0.3333333333333333,0.3333333333333333,0.0,0.6666666666666666,0.3333333333333333,-0.000193898876508077,-0.0009612143039703369,0.0012773986996858664,0.4444444444444445,0.0,1.0,,2.0,3.0
bert_lora,lora,9550,ocdet,two_hole,heldout,val,chain_r+chain_s,,8,0.75,0.0,0.25,0.75,0.75,0.0,0.25,0.75,0.75,0.0,0.25,0.75,0.0033370759338140488,0.001957625150680542,0.006185738393980095,0.546875,0.375,1.0,,2.0,4.0
bert_lora,lora,9550,ocdet,two_hole,heldout,val,chain_r+chain_s,,5,1.0,0.0,0.0,1.0,1.0,0.0,0.0,1.0,1.0,0.0,0.0,1.0,0.0029938995838165285,0.002451956272125244,0.0012008843358181965,0.6399999999999999,1.0,1.0,,2.0,5.0
bert_lora,lora,9550,ocdet,two_hole,heldout,val,chain_r+chain_s,,3,0.3333333333333333,0.0,0.6666666666666666,0.3333333333333333,0.3333333333333333,0.0,0.6666666666666666,0.3333333333333333,0.3333333333333333,0.0,0.6666666666666666,0.3333333333333333,-0.013050620754559835,-0.013962090015411377,0.013431737860487751,0.11111111111111112,0.0,1.0,,2.0,6.0
bert_lora,lora,9550,ocdet,two_hole,heldout,val,chain_r+chain_s,,7,0.2857142857142857,0.0,0.7142857142857143,0.2857142857142857,0.2857142857142857,0.0,0.7142857142857143,0.2857142857142857,0.2857142857142857,0.0,0.7142857142857143,0.2857142857142857,-0.00017973142010825022,-0.002131164073944092,0.005392990515858995,0.4489795918367347,0.0,0.5714285714285714,,3.0,1.0
bert_lora,lora,9550,ocdet,two_hole,heldout,val,chain_r+chain_s,,9,0.5555555555555556,0.0,0.4444444444444444,0.5555555555555556,0.5555555555555556,0.0,0.4444444444444444,0.5555555555555556,0.5555555555555556,0.0,0.4444444444444444,0.5555555555555556,0.0009894238577948676,9.739398956298828e-05,0.0017400156137524175,0.5061728395061729,0.2222222222222222,0.8888888888888888,,3.0,2.0
bert_lora,lora,9550,ocdet,two_hole,heldout,val,chain_r+chain_s,,8,0.5,0.0,0.5,0.5,0.5,0.0,0.5,0.5,0.5,0.0,0.5,0.5,-2.1785497665405273e-05,-6.350874900817871e-05,0.0021684086315148675,0.484375,0.125,0.875,,3.0,4.0
bert_lora,lora,9550,ocdet,two_hole,heldout,val,chain_r+chain_s,,8,0.375,0.0,0.625,0.375,0.375,0.0,0.625,0.375,0.375,0.0,0.625,0.375,7.703900337219238e-06,-0.00017692893743515015,0.0027947860831970045,0.484375,0.125,0.75,,3.0,5.0
bert_lora,lora,9550,ocdet,two_hole,heldout,val,chain_r+chain_s,,6,0.3333333333333333,0.0,0.6666666666666666,0.3333333333333333,0.3333333333333333,0.0,0.6666666666666666,0.3333333333333333,0.3333333333333333,0.0,0.6666666666666666,0.3333333333333333,-0.008211798965930939,-0.01042146235704422,0.013728773030224612,0.24999999999999997,0.0,0.6666666666666666,,3.0,6.0
bert_lora,lora,9550,ocdet,two_hole,heldout,val,chain_r+chain_s,,10,0.3,0.0,0.7,0.3,0.3,0.0,0.7,0.3,0.3,0.0,0.7,0.3,-0.0008259057998657226,-0.0016940310597419739,0.003430248016695039,0.5,0.0,0.6,,4.0,1.0
bert_lora,lora,9550,ocdet,two_hole,heldout,val,chain_r+chain_s,,4,0.75,0.0,0.25,0.75,0.75,0.0,0.25,0.75,0.75,0.0,0.25,0.75,0.0017722919583320618,0.001831553876399994,0.0038595370422341672,0.5625,0.25,1.0,,4.0,2.0
bert_lora,lora,9550,ocdet,two_hole,heldout,val,chain_r+chain_s,,10,0.3,0.0,0.7,0.3,0.3,0.0,0.7,0.3,0.3,0.0,0.7,0.3,-0.0020881012082099915,-0.0011021122336387634,0.0036949155328044126,0.47,0.0,0.6,,4.0,3.0
bert_lora,lora,9550,ocdet,two_hole,heldout,val,chain_r+chain_s,,12,0.4166666666666667,0.0,0.5833333333333334,0.4166666666666667,0.4166666666666667,0.0,0.5833333333333334,0.4166666666666667,0.4166666666666667,0.0,0.5833333333333334,0.4166666666666667,0.00047505274415016174,-0.0005407556891441345,0.005560247027029528,0.4930555555555556,0.16666666666666666,0.6666666666666666,,4.0,5.0
bert_lora,lora,9550,ocdet,two_hole,heldout,val,chain_r+chain_s,,4,0.5,0.0,0.5,0.5,0.5,0.0,0.5,0.5,0.5,0.0,0.5,0.5,0.0031038448214530945,0.000748857855796814,0.02379519135939087,0.5,0.0,1.0,,4.0,6.0
bert_lora,lora,9550,ocdet,two_hole,heldout,val,chain_r+chain_s,,8,0.5,0.0,0.5,0.5,0.5,0.125,0.375,0.5625,0.5,0.0,0.5,0.5,0.003233129158616066,0.0009037479758262634,0.00816486267591554,0.5625,0.125,0.875,,5.0,1.0
bert_lora,lora,9550,ocdet,two_hole,heldout,val,chain_r+chain_s,,5,0.4,0.0,0.6,0.4,0.4,0.0,0.6,0.4,0.4,0.0,0.6,0.4,-0.000672227144241333,-0.0003560781478881836,0.004818995052713862,0.48,0.0,0.8,,5.0,2.0
bert_lora,lora,9550,ocdet,two_hole,heldout,val,chain_r+chain_s,,7,0.2857142857142857,0.0,0.7142857142857143,0.2857142857142857,0.2857142857142857,0.0,0.7142857142857143,0.2857142857142857,0.2857142857142857,0.0,0.7142857142857143,0.2857142857142857,-0.002506539225578308,-0.002824068069458008,0.003883665079678297,0.4693877551020408,0.0,0.5749999999999967,,5.0,3.0
bert_lora,lora,9550,ocdet,two_hole,heldout,val,chain_r+chain_s,,3,0.6666666666666666,0.0,0.3333333333333333,0.6666666666666666,0.6666666666666666,0.0,0.3333333333333333,0.6666666666666666,0.6666666666666666,0.0,0.3333333333333333,0.6666666666666666,0.005392869313557942,0.0008436590433120728,0.00970896002880623,0.5555555555555556,0.0,1.0,,5.0,4.0
bert_lora,lora,9550,ocdet,two_hole,heldout,val,chain_r+chain_s,,3,0.6666666666666666,0.0,0.3333333333333333,0.6666666666666666,0.6666666666666666,0.0,0.3333333333333333,0.6666666666666666,0.6666666666666666,0.0,0.3333333333333333,0.6666666666666666,0.0017780611912409465,0.005073115229606628,0.01432049543473314,0.5555555555555556,0.0,1.0,,5.0,6.0
bert_lora,lora,9550,ocdet,two_hole,heldout,val,chain_r+chain_s,,5,0.4,0.0,0.6,0.4,0.4,0.0,0.6,0.4,0.4,0.0,0.6,0.4,0.0019310057163238526,-0.00336591899394989,0.02608840185376302,0.52,0.0,0.8,,6.0,1.0
bert_lora,lora,9550,ocdet,two_hole,heldout,val,chain_r+chain_s,,6,0.8333333333333334,0.0,0.16666666666666666,0.8333333333333334,0.8333333333333334,0.0,0.16666666666666666,0.8333333333333334,0.8333333333333334,0.0,0.16666666666666666,0.8333333333333334,0.01492321491241455,0.012912899255752563,0.020479615982899834,0.7222222222222223,0.5,1.0,,6.0,2.0
bert_lora,lora,9550,ocdet,two_hole,heldout,val,chain_r+chain_s,,4,0.75,0.0,0.25,0.75,0.75,0.0,0.25,0.75,0.75,0.0,0.25,0.75,0.011354167014360428,0.01607459783554077,0.01882365827321334,0.625,0.25,1.0,,6.0,3.0
bert_lora,lora,9550,ocdet,two_hole,heldout,val,chain_r+chain_s,,10,0.6,0.0,0.4,0.6,0.6,0.0,0.4,0.6,0.6,0.0,0.4,0.6,0.006014502048492432,0.006473220884799957,0.019874749575449498,0.55,0.3,0.9,,6.0,4.0
bert_lora,lora,9550,ocdet,two_hole,heldout,val,chain_r+chain_s,,9,0.5555555555555556,0.0,0.4444444444444444,0.5555555555555556,0.5555555555555556,0.0,0.4444444444444444,0.5555555555555556,0.5555555555555556,0.0,0.4444444444444444,0.5555555555555556,0.0014383660422431098,0.0022213757038116455,0.019855929664914052,0.45679012345679015,0.2222222222222222,0.8888888888888888,,6.0,5.0
bert_lora,lora,9550,ocdet,two_hole,heldout,test,orientation,1.0,229,0.49344978165938863,0.0,0.5065502183406113,0.49344978165938863,0.49344978165938863,0.0,0.5065502183406113,0.49344978165938863,0.49344978165938863,0.0,0.5065502183406113,0.49344978165938863,-0.0005733615446298924,-9.432435035705566e-05,0.010076970651355852,0.4916763600999218,0.4366812227074236,0.5633187772925764,,,
bert_lora,lora,9550,ocdet,two_hole,heldout,test,orientation,2.0,271,0.4870848708487085,0.0,0.5129151291512916,0.4870848708487085,0.4870848708487085,0.0,0.5129151291512916,0.4870848708487085,0.4870848708487085,0.0,0.5129151291512916,0.4870848708487085,-0.0004167330770914845,-0.00011210143566131592,0.0123989239032324,0.4888141501341213,0.4280442804428044,0.5498154981549815,,,
bert_lora,lora,9550,ocdet,two_hole,heldout,test,kappa_gap,,176,0.45454545454545453,0.0,0.5454545454545454,0.45454545454545453,0.45454545454545453,0.0,0.5454545454545454,0.45454545454545453,0.45454545454545453,0.0,0.5454545454545454,0.45454545454545453,-0.0014101811261339622,-0.000633925199508667,0.010919834199454118,0.47443181818181823,0.375,0.5227272727272727,1.0,,
bert_lora,lora,9550,ocdet,two_hole,heldout,test,kappa_gap,,131,0.5114503816793893,0.0,0.48854961832061067,0.5114503816793893,0.5114503816793893,0.0,0.48854961832061067,0.5114503816793893,0.5114503816793893,0.0,0.48854961832061067,0.5114503816793893,0.0003230419891481181,0.00025665760040283203,0.012032098300474097,0.4978730843190956,0.42748091603053434,0.5954198473282443,2.0,,
bert_lora,lora,9550,ocdet,two_hole,heldout,test,kappa_gap,,101,0.5544554455445545,0.0,0.44554455445544555,0.5544554455445545,0.5544554455445545,0.0,0.44554455445544555,0.5544554455445545,0.5544554455445545,0.0,0.44554455445544555,0.5544554455445545,0.0005108078960144874,0.0009571313858032227,0.010486850157828239,0.5035780805803354,0.45544554455445546,0.6435643564356436,3.0,,
bert_lora,lora,9550,ocdet,two_hole,heldout,test,kappa_gap,,60,0.48333333333333334,0.0,0.5166666666666667,0.48333333333333334,0.48333333333333334,0.0,0.5166666666666667,0.48333333333333334,0.48333333333333334,0.0,0.5166666666666667,0.48333333333333334,-0.0002776967982451121,-0.0003289952874183655,0.012131798487198505,0.4966666666666667,0.35,0.6,4.0,,
bert_lora,lora,9550,ocdet,two_hole,heldout,test,kappa_gap,,32,0.40625,0.0,0.59375,0.40625,0.40625,0.0,0.59375,0.40625,0.40625,0.0,0.59375,0.40625,-0.0022903396748006344,-0.0016199424862861633,0.011970613660984309,0.478515625,0.25,0.5625,5.0,,
bert_lora,lora,9550,ocdet,two_hole,heldout,test,chain_r+chain_s,,14,0.7857142857142857,0.0,0.21428571428571427,0.7857142857142857,0.7857142857142857,0.0,0.21428571428571427,0.7857142857142857,0.7857142857142857,0.0,0.21428571428571427,0.7857142857142857,0.001323369996888297,0.0012041404843330383,0.0017211265439015598,0.5408163265306123,0.5714285714285714,1.0,,1.0,2.0
bert_lora,lora,9550,ocdet,two_hole,heldout,test,chain_r+chain_s,,19,0.5263157894736842,0.0,0.47368421052631576,0.5263157894736842,0.5263157894736842,0.0,0.47368421052631576,0.5263157894736842,0.5263157894736842,0.0,0.47368421052631576,0.5263157894736842,4.984830555162932e-06,0.0009732246398925781,0.004564653758042494,0.5041551246537397,0.3157894736842105,0.7368421052631579,,1.0,3.0
bert_lora,lora,9550,ocdet,two_hole,heldout,test,chain_r+chain_s,,14,0.6428571428571429,0.0,0.35714285714285715,0.6428571428571429,0.6428571428571429,0.0,0.35714285714285715,0.6428571428571429,0.6428571428571429,0.0,0.35714285714285715,0.6428571428571429,0.00024755511965070454,0.0022645145654678345,0.004836904445079096,0.5204081632653061,0.35714285714285715,0.8571428571428571,,1.0,4.0
bert_lora,lora,9550,ocdet,two_hole,heldout,test,chain_r+chain_s,,13,0.9230769230769231,0.0,0.07692307692307693,0.9230769230769231,0.9230769230769231,0.0,0.07692307692307693,0.9230769230769231,0.9230769230769231,0.0,0.07692307692307693,0.9230769230769231,0.0037144628854898307,0.0027597397565841675,0.0031142502583156955,0.5739644970414202,0.7692307692307693,1.0,,1.0,5.0
bert_lora,lora,9550,ocdet,two_hole,heldout,test,chain_r+chain_s,,18,0.5,0.0,0.5,0.5,0.5,0.0,0.5,0.5,0.5,0.0,0.5,0.5,-0.0021957258383433023,8.338689804077148e-05,0.018629715466621826,0.44753086419753085,0.2777777777777778,0.7222222222222222,,1.0,6.0
bert_lora,lora,9550,ocdet,two_hole,heldout,test,chain_r+chain_s,,16,0.375,0.0,0.625,0.375,0.375,0.0,0.625,0.375,0.375,0.0,0.625,0.375,-0.0004945006221532822,-0.0006545558571815491,0.0021412437670561583,0.48046875,0.125,0.625,,2.0,1.0
bert_lora,lora,9550,ocdet,two_hole,heldout,test,chain_r+chain_s,,21,0.5714285714285714,0.0,0.42857142857142855,0.5714285714285714,0.5714285714285714,0.0,0.42857142857142855,0.5714285714285714,0.5714285714285714,0.0,0.42857142857142855,0.5714285714285714,0.0005633937461035592,0.0011879950761795044,0.0028473421216430417,0.5056689342403629,0.3333333333333333,0.7619047619047619,,2.0,3.0
bert_lora,lora,9550,ocdet,two_hole,heldout,test,chain_r+chain_s,,9,0.6666666666666666,0.0,0.3333333333333333,0.6666666666666666,0.6666666666666666,0.0,0.3333333333333333,0.6666666666666666,0.6666666666666666,0.0,0.3333333333333333,0.6666666666666666,0.001258866654502021,0.001189500093460083,0.004387632644475615,0.5061728395061729,0.3333333333333333,0.8888888888888888,,2.0,4.0
bert_lora,lora,9550,ocdet,two_hole,heldout,test,chain_r+chain_s,,14,0.5,0.0,0.5,0.5,0.5,0.0,0.5,0.5,0.5,0.0,0.5,0.5,0.0031988397240638733,0.00013290345668792725,0.009282041880041413,0.48469387755102045,0.21428571428571427,0.7160714285714269,,2.0,5.0
bert_lora,lora,9550,ocdet,two_hole,heldout,test,chain_r+chain_s,,18,0.2222222222222222,0.0,0.7777777777777778,0.2222222222222222,0.2222222222222222,0.0,0.7777777777777778,0.2222222222222222,0.2222222222222222,0.0,0.7777777777777778,0.2222222222222222,-0.012078493005699582,-0.010877706110477448,0.01557692535072098,0.3395061728395062,0.05555555555555555,0.4444444444444444,,2.0,6.0
bert_lora,lora,9550,ocdet,two_hole,heldout,test,chain_r+chain_s,,21,0.2857142857142857,0.0,0.7142857142857143,0.2857142857142857,0.2857142857142857,0.0,0.7142857142857143,0.2857142857142857,0.2857142857142857,0.0,0.7142857142857143,0.2857142857142857,-0.0017224557342983427,-0.002361193299293518,0.003194277181764199,0.47845804988662133,0.09523809523809523,0.47619047619047616,,3.0,1.0
bert_lora,lora,9550,ocdet,two_hole,heldout,test,chain_r+chain_s,,19,0.21052631578947367,0.0,0.7894736842105263,0.21052631578947367,0.21052631578947367,0.0,0.7894736842105263,0.21052631578947367,0.21052631578947367,0.0,0.7894736842105263,0.21052631578947367,-0.0019670105294177405,-0.00195254385471344,0.0018396717692307533,0.46537396121883656,0.05263157894736842,0.42105263157894735,,3.0,2.0
bert_lora,lora,9550,ocdet,two_hole,heldout,test,chain_r+chain_s,,21,0.6190476190476191,0.0,0.38095238095238093,0.6190476190476191,0.6190476190476191,0.0,0.38095238095238093,0.6190476190476191,0.6190476190476191,0.0,0.38095238095238093,0.6190476190476191,0.0005270278169995262,0.0006647258996963501,0.002592871428161085,0.5102040816326531,0.42857142857142855,0.8095238095238095,,3.0,4.0
bert_lora,lora,9550,ocdet,two_hole,heldout,test,chain_r+chain_s,,22,0.45454545454545453,0.0,0.5454545454545454,0.45454545454545453,0.45454545454545453,0.0,0.5454545454545454,0.45454545454545453,0.45454545454545453,0.0,0.5454545454545454,0.45454545454545453,-0.00018693642182783648,-0.0006655976176261902,0.006372288242906737,0.48760330578512395,0.2727272727272727,0.6363636363636364,,3.0,5.0
bert_lora,lora,9550,ocdet,two_hole,heldout,test,chain_r+chain_s,,9,0.2222222222222222,0.0,0.7777777777777778,0.2222222222222222,0.2222222222222222,0.0,0.7777777777777778,0.2222222222222222,0.2222222222222222,0.0,0.7777777777777778,0.2222222222222222,-0.013943248324924044,-0.01891767978668213,0.020909339261816977,0.2962962962962963,0.0,0.5555555555555556,,3.0,6.0
bert_lora,lora,9550,ocdet,two_hole,heldout,test,chain_r+chain_s,,21,0.38095238095238093,0.0,0.6190476190476191,0.38095238095238093,0.38095238095238093,0.0,0.6190476190476191,0.38095238095238093,0.38095238095238093,0.0,0.6190476190476191,0.38095238095238093,-0.002553482140813555,-0.0018627345561981201,0.004819866631686012,0.46938775510204084,0.19047619047619047,0.5714285714285714,,4.0,1.0
bert_lora,lora,9550,ocdet,two_hole,heldout,test,chain_r+chain_s,,11,0.45454545454545453,0.0,0.5454545454545454,0.45454545454545453,0.45454545454545453,0.0,0.5454545454545454,0.45454545454545453,0.45454545454545453,0.0,0.5454545454545454,0.45454545454545453,-0.0014607554132288153,-0.0003604888916015625,0.0043602066027704734,0.4958677685950413,0.18181818181818182,0.7272727272727273,,4.0,2.0
bert_lora,lora,9550,ocdet,two_hole,heldout,test,chain_r+chain_s,,18,0.3888888888888889,0.0,0.6111111111111112,0.3888888888888889,0.3888888888888889,0.0,0.6111111111111112,0.3888888888888889,0.3888888888888889,0.0,0.6111111111111112,0.3888888888888889,-0.00043853910432921513,-0.0007687360048294067,0.003836079390271834,0.4907407407407407,0.16666666666666666,0.6111111111111112,,4.0,3.0
bert_lora,lora,9550,ocdet,two_hole,heldout,test,chain_r+chain_s,,15,0.4,0.0,0.6,0.4,0.4,0.0,0.6,0.4,0.4,0.0,0.6,0.4,0.0005293334523836772,-0.0009440779685974121,0.004161449050444415,0.5022222222222222,0.13333333333333333,0.6666666666666666,,4.0,5.0
bert_lora,lora,9550,ocdet,two_hole,heldout,test,chain_r+chain_s,,21,0.38095238095238093,0.0,0.6190476190476191,0.38095238095238093,0.38095238095238093,0.0,0.6190476190476191,0.38095238095238093,0.38095238095238093,0.0,0.6190476190476191,0.38095238095238093,-0.001620159972281683,-0.0017939358949661255,0.023663418851484704,0.4489795918367347,0.19047619047619047,0.6190476190476191,,4.0,6.0
bert_lora,lora,9550,ocdet,two_hole,heldout,test,chain_r+chain_s,,21,0.5238095238095238,0.0,0.47619047619047616,0.5238095238095238,0.5238095238095238,0.0,0.47619047619047616,0.5238095238095238,0.5238095238095238,0.0,0.47619047619047616,0.5238095238095238,-0.0003786122515088036,0.00038996338844299316,0.007400183693094737,0.47845804988662133,0.3333333333333333,0.7142857142857143,,5.0,1.0
bert_lora,lora,9550,ocdet,two_hole,heldout,test,chain_r+chain_s,,14,0.5,0.0,0.5,0.5,0.5,0.0,0.5,0.5,0.5,0.0,0.5,0.5,-0.0012777809585843767,7.9326331615448e-05,0.0074834590264135125,0.49489795918367346,0.21428571428571427,0.7857142857142857,,5.0,2.0
bert_lora,lora,9550,ocdet,two_hole,heldout,test,chain_r+chain_s,,22,0.5,0.0,0.5,0.5,0.5,0.0,0.5,0.5,0.5,0.0,0.5,0.5,-0.001506184312430295,9.842216968536377e-05,0.0053952767476806406,0.48966942148760334,0.2727272727272727,0.7272727272727273,,5.0,3.0
bert_lora,lora,9550,ocdet,two_hole,heldout,test,chain_r+chain_s,,18,0.6666666666666666,0.0,0.3333333333333333,0.6666666666666666,0.6666666666666666,0.0,0.3333333333333333,0.6666666666666666,0.6666666666666666,0.0,0.3333333333333333,0.6666666666666666,0.0006731930706236097,0.0007618963718414307,0.005703168079596571,0.5185185185185186,0.4444444444444444,0.8888888888888888,,5.0,4.0
bert_lora,lora,9550,ocdet,two_hole,heldout,test,chain_r+chain_s,,11,0.5454545454545454,0.0,0.45454545454545453,0.5454545454545454,0.5454545454545454,0.0,0.45454545454545453,0.5454545454545454,0.5454545454545454,0.0,0.45454545454545453,0.5454545454545454,-0.0015722093257037077,0.004343628883361816,0.0165013258695462,0.44628099173553715,0.2727272727272727,0.8181818181818182,,5.0,6.0
bert_lora,lora,9550,ocdet,two_hole,heldout,test,chain_r+chain_s,,19,0.5789473684210527,0.0,0.42105263157894735,0.5789473684210527,0.5789473684210527,0.0,0.42105263157894735,0.5789473684210527,0.5789473684210527,0.0,0.42105263157894735,0.5789473684210527,0.0035687073280936794,0.004291564226150513,0.017251258460863905,0.554016620498615,0.3684210526315789,0.7894736842105263,,6.0,1.0
bert_lora,lora,9550,ocdet,two_hole,heldout,test,chain_r+chain_s,,18,0.6111111111111112,0.0,0.3888888888888889,0.6111111111111112,0.6111111111111112,0.0,0.3888888888888889,0.6111111111111112,0.6111111111111112,0.0,0.3888888888888889,0.6111111111111112,0.007716071274545457,0.0031169727444648743,0.016653786556291704,0.632716049382716,0.3888888888888889,0.8333333333333334,,6.0,2.0
bert_lora,lora,9550,ocdet,two_hole,heldout,test,chain_r+chain_s,,13,0.5384615384615384,0.0,0.46153846153846156,0.5384615384615384,0.5384615384615384,0.0,0.46153846153846156,0.5384615384615384,0.5384615384615384,0.0,0.46153846153846156,0.5384615384615384,-0.004245380942638104,0.00014209747314453125,0.014657523911753248,0.4437869822485207,0.23076923076923078,0.7692307692307693,,6.0,3.0
bert_lora,lora,9550,ocdet,two_hole,heldout,test,chain_r+chain_s,,12,0.4166666666666667,0.0,0.5833333333333334,0.4166666666666667,0.4166666666666667,0.0,0.5833333333333334,0.4166666666666667,0.4166666666666667,0.0,0.5833333333333334,0.4166666666666667,0.003284906347592672,-0.000397704541683197,0.01331137334693792,0.5694444444444444,0.16666666666666666,0.6666666666666666,,6.0,4.0
bert_lora,lora,9550,ocdet,two_hole,heldout,test,chain_r+chain_s,,18,0.5,0.0,0.5,0.5,0.5,0.0,0.5,0.5,0.5,0.0,0.5,0.5,0.0028483072916666665,0.0002130568027496338,0.01637034501649941,0.5432098765432098,0.2777777777777778,0.7222222222222222,,6.0,5.0
llama_full,full_ft,9550,ocdet,two_hole,clean,val,orientation,1.0,113,0.4424778761061947,0.035398230088495575,0.5221238938053098,0.4601769911504425,0.4424778761061947,0.035398230088495575,0.5221238938053098,0.4601769911504425,0.4424778761061947,0.035398230088495575,0.5221238938053098,0.4601769911504425,-0.002108683628318584,-0.001953125,0.018157475791477896,0.4845328530033675,0.37610619469026546,0.5487831858407078,,,
llama_full,full_ft,9550,ocdet,two_hole,clean,val,orientation,2.0,87,0.4827586206896552,0.06896551724137931,0.4482758620689655,0.5172413793103449,0.4827586206896552,0.06896551724137931,0.4482758620689655,0.5172413793103449,0.4827586206896552,0.06896551724137931,0.4482758620689655,0.5172413793103449,0.0010551364942528736,0.0,0.018585216674019977,0.5124851367419738,0.41379310344827586,0.6264367816091954,,,
llama_full,full_ft,9550,ocdet,two_hole,clean,val,kappa_gap,,63,0.4603174603174603,0.06349206349206349,0.47619047619047616,0.49206349206349204,0.4603174603174603,0.06349206349206349,0.47619047619047616,0.49206349206349204,0.4603174603174603,0.06349206349206349,0.47619047619047616,0.49206349206349204,-0.0009300595238095238,0.0,0.01784939067841541,0.49785840262030745,0.3728174603174603,0.6190476190476191,1.0,,
llama_full,full_ft,9550,ocdet,two_hole,clean,val,kappa_gap,,60,0.4166666666666667,0.06666666666666667,0.5166666666666667,0.45,0.4166666666666667,0.06666666666666667,0.5166666666666667,0.45,0.4166666666666667,0.06666666666666667,0.5166666666666667,0.45,-0.00205078125,-0.001953125,0.01737229389733935,0.49083333333333334,0.3333333333333333,0.5666666666666667,2.0,,
llama_full,full_ft,9550,ocdet,two_hole,clean,val,kappa_gap,,34,0.5294117647058824,0.029411764705882353,0.4411764705882353,0.5441176470588235,0.5294117647058824,0.029411764705882353,0.4411764705882353,0.5441176470588235,0.5294117647058824,0.029411764705882353,0.4411764705882353,0.5441176470588235,0.0016659007352941176,0.0029296875,0.020751908401450383,0.5181660899653979,0.38235294117647056,0.7058823529411765,3.0,,
llama_full,full_ft,9550,ocdet,two_hole,clean,val,kappa_gap,,40,0.45,0.025,0.525,0.4625,0.45,0.025,0.525,0.4625,0.45,0.025,0.525,0.4625,-0.001318359375,-0.001953125,0.018689821947452848,0.48500000000000004,0.3125,0.6125,4.0,,
llama_full,full_ft,9550,ocdet,two_hole,clean,val,kappa_gap,,3,0.6666666666666666,0.0,0.3333333333333333,0.6666666666666666,0.6666666666666666,0.0,0.3333333333333333,0.6666666666666666,0.6666666666666666,0.0,0.3333333333333333,0.6666666666666666,0.010416666666666666,0.015625,0.010252614419286212,0.5555555555555556,0.0,1.0,5.0,,
llama_full,full_ft,9550,ocdet,two_hole,clean,val,chain_r+chain_s,,7,0.2857142857142857,0.0,0.7142857142857143,0.2857142857142857,0.2857142857142857,0.0,0.7142857142857143,0.2857142857142857,0.2857142857142857,0.0,0.7142857142857143,0.2857142857142857,0.00027901785714285713,-0.005859375,0.02297792945302822,0.40816326530612246,0.0,0.5714285714285714,,1.0,2.0
llama_full,full_ft,9550,ocdet,two_hole,clean,val,chain_r+chain_s,,12,0.5,0.0,0.5,0.5,0.5,0.0,0.5,0.5,0.5,0.0,0.5,0.5,0.00048828125,0.0,0.020252393165114783,0.5138888888888888,0.25,0.75,,1.0,3.0
llama_full,full_ft,9550,ocdet,two_hole,clean,val,chain_r+chain_s,,8,0.625,0.125,0.25,0.6875,0.625,0.125,0.25,0.6875,0.625,0.125,0.25,0.6875,0.006103515625,0.0029296875,0.010169270312333266,0.5625,0.375,0.9375,,1.0,4.0
llama_full,full_ft,9550,ocdet,two_hole,clean,val,chain_r+chain_s,,10,0.4,0.1,0.5,0.45,0.4,0.1,0.5,0.45,0.4,0.1,0.5,0.45,-0.000390625,-0.001953125,0.0179814832601311,0.485,0.1987500000000001,0.75,,1.0,5.0
llama_full,full_ft,9550,ocdet,two_hole,clean,val,chain_r+chain_s,,8,0.25,0.0,0.75,0.25,0.25,0.0,0.75,0.25,0.25,0.0,0.75,0.25,-0.000732421875,-0.0078125,0.023759536836136446,0.5,0.0,0.625,,1.0,6.0
llama_full,full_ft,9550,ocdet,two_hole,clean,val,chain_r+chain_s,,4,1.0,0.0,0.0,1.0,1.0,0.0,0.0,1.0,1.0,0.0,0.0,1.0,0.00927734375,0.009765625,0.006385105874327159,0.6875,1.0,1.0,,2.0,1.0
llama_full,full_ft,9550,ocdet,two_hole,clean,val,chain_r+chain_s,,5,0.6,0.0,0.4,0.6,0.6,0.0,0.4,0.6,0.6,0.0,0.4,0.6,0.001171875,0.001953125,0.01316585902058806,0.52,0.2,1.0,,2.0,3.0
llama_full,full_ft,9550,ocdet,two_hole,clean,val,chain_r+chain_s,,8,0.375,0.0,0.625,0.375,0.375,0.0,0.625,0.375,0.375,0.0,0.625,0.375,-0.001953125,-0.001953125,0.011177268693612888,0.4765625,0.0,0.75,,2.0,4.0
llama_full,full_ft,9550,ocdet,two_hole,clean,val,chain_r+chain_s,,5,0.2,0.0,0.8,0.2,0.2,0.0,0.8,0.2,0.2,0.0,0.8,0.2,-0.015234375,-0.01953125,0.021657681680670487,0.4,0.0,0.6,,2.0,5.0
llama_full,full_ft,9550,ocdet,two_hole,clean,val,chain_r+chain_s,,5,0.4,0.2,0.4,0.5,0.4,0.2,0.4,0.5,0.4,0.2,0.4,0.5,-0.008203125,0.0,0.022555000051956327,0.5,0.1,0.9,,2.0,6.0
llama_full,full_ft,9550,ocdet,two_hole,clean,val,chain_r+chain_s,,4,1.0,0.0,0.0,1.0,1.0,0.0,0.0,1.0,1.0,0.0,0.0,1.0,0.00830078125,0.0068359375,0.006079052538080436,0.625,1.0,1.0,,3.0,1.0
llama_full,full_ft,9550,ocdet,two_hole,clean,val,chain_r+chain_s,,5,0.2,0.4,0.4,0.4,0.2,0.4,0.4,0.4,0.2,0.4,0.4,0.4,-0.004296875,0.0,0.00703125,0.48,0.1,0.7,,3.0,2.0
llama_full,full_ft,9550,ocdet,two_hole,clean,val,chain_r+chain_s,,4,0.5,0.0,0.5,0.5,0.5,0.0,0.5,0.5,0.5,0.0,0.5,0.5,0.00341796875,0.005859375,0.012685919000748613,0.5625,0.0,1.0,,3.0,4.0
llama_full,full_ft,9550,ocdet,two_hole,clean,val,chain_r+chain_s,,5,0.4,0.0,0.6,0.4,0.4,0.0,0.6,0.4,0.4,0.0,0.6,0.4,-0.002734375,-0.001953125,0.014116649218431759,0.4800000000000001,0.0,0.8,,3.0,5.0
llama_full,full_ft,9550,ocdet,two_hole,clean,val,chain_r+chain_s,,7,0.42857142857142855,0.0,0.5714285714285714,0.42857142857142855,0.42857142857142855,0.0,0.5714285714285714,0.42857142857142855,0.42857142857142855,0.0,0.5714285714285714,0.42857142857142855,-0.0005580357142857143,-0.001953125,0.019128500559154698,0.5102040816326531,0.0,0.7142857142857143,,3.0,6.0
llama_full,full_ft,9550,ocdet,two_hole,clean,val,chain_r+chain_s,,9,0.4444444444444444,0.1111111111111111,0.4444444444444444,0.5,0.4444444444444444,0.1111111111111111,0.4444444444444444,0.5,0.4444444444444444,0.1111111111111111,0.4444444444444444,0.5,-0.0032552083333333335,0.0,0.02172958238057114,0.5,0.2222222222222222,0.7777777777777778,,4.0,1.0
llama_full,full_ft,9550,ocdet,two_hole,clean,val,chain_r+chain_s,,3,0.0,0.0,1.0,0.0,0.0,0.0,1.0,0.0,0.0,0.0,1.0,0.0,-0.022135416666666668,-0.01953125,0.014470124199800045,0.33333333333333337,0.0,0.0,,4.0,2.0
llama_full,full_ft,9550,ocdet,two_hole,clean,val,chain_r+chain_s,,7,0.42857142857142855,0.0,0.5714285714285714,0.42857142857142855,0.42857142857142855,0.0,0.5714285714285714,0.42857142857142855,0.42857142857142855,0.0,0.5714285714285714,0.42857142857142855,-0.004743303571428571,-0.00390625,0.012168505852319489,0.47959183673469385,0.14285714285714285,0.8571428571428571,,4.0,3.0
llama_full,full_ft,9550,ocdet,two_hole,clean,val,chain_r+chain_s,,7,0.14285714285714285,0.14285714285714285,0.7142857142857143,0.21428571428571427,0.14285714285714285,0.14285714285714285,0.7142857142857143,0.21428571428571427,0.14285714285714285,0.14285714285714285,0.7142857142857143,0.21428571428571427,-0.009486607142857142,-0.005859375,0.016454958368065545,0.4387755102040816,0.0,0.5,,4.0,5.0
llama_full,full_ft,9550,ocdet,two_hole,clean,val,chain_r+chain_s,,3,0.6666666666666666,0.0,0.3333333333333333,0.6666666666666666,0.6666666666666666,0.0,0.3333333333333333,0.6666666666666666,0.6666666666666666,0.0,0.3333333333333333,0.6666666666666666,0.006510416666666667,0.013671875,0.023671430941012817,0.5555555555555556,0.0,1.0,,4.0,6.0
llama_full,full_ft,9550,ocdet,two_hole,clean,val,chain_r+chain_s,,12,0.5833333333333334,0.0,0.4166666666666667,0.5833333333333334,0.5833333333333334,0.0,0.4166666666666667,0.5833333333333334,0.5833333333333334,0.0,0.4166666666666667,0.5833333333333334,0.0032552083333333335,0.00390625,0.016269529947395573,0.48958333333333326,0.3333333333333333,0.8333333333333334,,5.0,1.0
llama_full,full_ft,9550,ocdet,two_hole,clean,val,chain_r+chain_s,,8,0.5,0.25,0.25,0.625,0.5,0.25,0.25,0.625,0.5,0.25,0.25,0.625,0.0029296875,0.001953125,0.015002237788805875,0.53125,0.3125,0.875,,5.0,2.0
llama_full,full_ft,9550,ocdet,two_hole,clean,val,chain_r+chain_s,,7,0.5714285714285714,0.0,0.42857142857142855,0.5714285714285714,0.5714285714285714,0.0,0.42857142857142855,0.5714285714285714,0.5714285714285714,0.0,0.42857142857142855,0.5714285714285714,0.0025111607142857145,0.00390625,0.012206831949903659,0.5306122448979592,0.14285714285714285,0.8571428571428571,,5.0,3.0
llama_full,full_ft,9550,ocdet,two_hole,clean,val,chain_r+chain_s,,6,0.5,0.16666666666666666,0.3333333333333333,0.5833333333333334,0.5,0.16666666666666666,0.3333333333333333,0.5833333333333334,0.5,0.16666666666666666,0.3333333333333333,0.5833333333333334,0.0,0.00390625,0.016302062533266815,0.5416666666666667,0.16666666666666666,0.9166666666666666,,5.0,4.0
llama_full,full_ft,9550,ocdet,two_hole,clean,val,chain_r+chain_s,,8,0.625,0.0,0.375,0.625,0.625,0.0,0.375,0.625,0.625,0.0,0.375,0.625,0.00146484375,0.0107421875,0.01773341777083484,0.4921875,0.25,0.875,,5.0,6.0
llama_full,full_ft,9550,ocdet,two_hole,clean,val,chain_r+chain_s,,7,0.5714285714285714,0.0,0.42857142857142855,0.5714285714285714,0.5714285714285714,0.0,0.42857142857142855,0.5714285714285714,0.5714285714285714,0.0,0.42857142857142855,0.5714285714285714,-0.010602678571428572,0.001953125,0.023940317487848924,0.4693877551020408,0.14285714285714285,0.8571428571428571,,6.0,1.0
llama_full,full_ft,9550,ocdet,two_hole,clean,val,chain_r+chain_s,,9,0.3333333333333333,0.0,0.6666666666666666,0.3333333333333333,0.3333333333333333,0.0,0.6666666666666666,0.3333333333333333,0.3333333333333333,0.0,0.6666666666666666,0.3333333333333333,0.0008680555555555555,-0.0078125,0.014266909647477084,0.47530864197530864,0.10833333333333349,0.6666666666666666,,6.0,2.0
llama_full,full_ft,9550,ocdet,two_hole,clean,val,chain_r+chain_s,,4,0.75,0.0,0.25,0.75,0.75,0.0,0.25,0.75,0.75,0.0,0.25,0.75,0.0166015625,0.0185546875,0.0146484375,0.6875,0.25,1.0,,6.0,3.0
llama_full,full_ft,9550,ocdet,two_hole,clean,val,chain_r+chain_s,,6,0.5,0.0,0.5,0.5,0.5,0.0,0.5,0.5,0.5,0.0,0.5,0.5,0.0032552083333333335,0.001953125,0.016750885846703915,0.4861111111111111,0.16666666666666666,0.8333333333333334,,6.0,4.0
llama_full,full_ft,9550,ocdet,two_hole,clean,val,chain_r+chain_s,,7,0.2857142857142857,0.0,0.7142857142857143,0.2857142857142857,0.2857142857142857,0.0,0.7142857142857143,0.2857142857142857,0.2857142857142857,0.0,0.7142857142857143,0.2857142857142857,-0.006696428571428571,-0.00390625,0.022484754037841267,0.4897959183673469,0.0,0.5749999999999967,,6.0,5.0
llama_full,full_ft,9550,ocdet,two_hole,clean,test,orientation,1.0,261,0.5134099616858238,0.0421455938697318,0.4444444444444444,0.5344827586206896,0.5134099616858238,0.0421455938697318,0.4444444444444444,0.5344827586206896,0.5134099616858238,0.0421455938697318,0.4444444444444444,0.5344827586206896,0.0010551364942528736,0.001953125,0.020629881237905223,0.5093510077655936,0.476963601532567,0.5900383141762452,,,
llama_full,full_ft,9550,ocdet,two_hole,clean,test,orientation,2.0,239,0.47280334728033474,0.03765690376569038,0.4895397489539749,0.49163179916317995,0.47280334728033474,0.03765690376569038,0.4895397489539749,0.49163179916317995,0.47280334728033474,0.03765690376569038,0.4895397489539749,0.49163179916317995,0.0001225810669456067,0.0,0.02038772393436182,0.5022321037796957,0.42887029288702927,0.5523012552301255,,,
llama_full,full_ft,9550,ocdet,two_hole,clean,test,kappa_gap,,166,0.5301204819277109,0.04216867469879518,0.42771084337349397,0.5512048192771085,0.5301204819277109,0.04216867469879518,0.42771084337349397,0.5512048192771085,0.5301204819277109,0.04216867469879518,0.42771084337349397,0.5512048192771085,0.0020472515060240963,0.001953125,0.01918078740296102,0.5118304543475104,0.4759036144578313,0.6234939759036144,1.0,,
llama_full,full_ft,9550,ocdet,two_hole,clean,test,kappa_gap,,125,0.496,0.056,0.448,0.524,0.496,0.056,0.448,0.524,0.496,0.056,0.448,0.524,-0.000140625,0.0,0.01764860177269718,0.498336,0.4399,0.616,2.0,,
llama_full,full_ft,9550,ocdet,two_hole,clean,test,kappa_gap,,114,0.5263157894736842,0.008771929824561403,0.4649122807017544,0.5307017543859649,0.5263157894736842,0.008771929824561403,0.4649122807017544,0.5307017543859649,0.5263157894736842,0.008771929824561403,0.4649122807017544,0.5307017543859649,0.002826891447368421,0.001953125,0.02157466465601733,0.5196214219759926,0.43859649122807015,0.6185307017543858,3.0,,
llama_full,full_ft,9550,ocdet,two_hole,clean,test,kappa_gap,,58,0.46551724137931033,0.017241379310344827,0.5172413793103449,0.47413793103448276,0.46551724137931033,0.017241379310344827,0.5172413793103449,0.47413793103448276,0.46551724137931033,0.017241379310344827,0.5172413793103449,0.47413793103448276,-0.003232758620689655,-0.0029296875,0.023870020526392963,0.494500594530321,0.3448275862068966,0.603448275862069,4.0,,
llama_full,full_ft,9550,ocdet,two_hole,clean,test,kappa_gap,,37,0.2702702702702703,0.10810810810810811,0.6216216216216216,0.32432432432432434,0.2702702702702703,0.10810810810810811,0.6216216216216216,0.32432432432432434,0.2702702702702703,0.10810810810810811,0.6216216216216216,0.32432432432432434,-0.004117398648648648,-0.00390625,0.02424948235965072,0.4689554419284149,0.20270270270270271,0.47297297297297297,5.0,,
llama_full,full_ft,9550,ocdet,two_hole,clean,test,chain_r+chain_s,,12,0.75,0.0,0.25,0.75,0.75,0.0,0.25,0.75,0.75,0.0,0.25,0.75,0.0026041666666666665,0.0048828125,0.014204052232598586,0.5381944444444444,0.5,1.0,,1.0,2.0
llama_full,full_ft,9550,ocdet,two_hole,clean,test,chain_r+chain_s,,14,0.6428571428571429,0.0,0.35714285714285715,0.6428571428571429,0.6428571428571429,0.0,0.35714285714285715,0.6428571428571429,0.6428571428571429,0.0,0.35714285714285715,0.6428571428571429,-0.0008370535714285714,0.005859375,0.02019942834569003,0.48214285714285715,0.35714285714285715,0.8571428571428571,,1.0,3.0
llama_full,full_ft,9550,ocdet,two_hole,clean,test,chain_r+chain_s,,14,0.35714285714285715,0.07142857142857142,0.5714285714285714,0.39285714285714285,0.35714285714285715,0.07142857142857142,0.5714285714285714,0.39285714285714285,0.35714285714285715,0.07142857142857142,0.5714285714285714,0.39285714285714285,0.0,-0.001953125,0.016173411547086427,0.4872448979591837,0.14285714285714285,0.6428571428571429,,1.0,4.0
llama_full,full_ft,9550,ocdet,two_hole,clean,test,chain_r+chain_s,,18,0.5,0.0,0.5,0.5,0.5,0.0,0.5,0.5,0.5,0.0,0.5,0.5,0.00043402777777777775,0.001953125,0.015094560123506254,0.4969135802469135,0.2777777777777778,0.7222222222222222,,1.0,5.0
llama_full,full_ft,9550,ocdet,two_hole,clean,test,chain_r+chain_s,,22,0.5909090909090909,0.0,0.4090909090909091,0.5909090909090909,0.5909090909090909,0.0,0.4090909090909091,0.5909090909090909,0.5909090909090909,0.0,0.4090909090909091,0.5909090909090909,8.87784090909091e-05,0.0029296875,0.028653429239006153,0.5,0.36363636363636365,0.8181818181818182,,1.0,6.0
llama_full,full_ft,9550,ocdet,two_hole,clean,test,chain_r+chain_s,,15,0.6,0.0,0.4,0.6,0.6,0.0,0.4,0.6,0.6,0.0,0.4,0.6,0.004036458333333334,0.001953125,0.017446944935627144,0.5644444444444445,0.3333333333333333,0.8666666666666667,,2.0,1.0
llama_full,full_ft,9550,ocdet,two_hole,clean,test,chain_r+chain_s,,19,0.5789473684210527,0.05263157894736842,0.3684210526315789,0.6052631578947368,0.5789473684210527,0.05263157894736842,0.3684210526315789,0.6052631578947368,0.5789473684210527,0.05263157894736842,0.3684210526315789,0.6052631578947368,0.005962171052631579,0.005859375,0.01486745105381273,0.5401662049861495,0.39473684210526316,0.7894736842105263,,2.0,3.0
llama_full,full_ft,9550,ocdet,two_hole,clean,test,chain_r+chain_s,,17,0.4117647058823529,0.0,0.5882352941176471,0.4117647058823529,0.4117647058823529,0.0,0.5882352941176471,0.4117647058823529,0.4117647058823529,0.0,0.5882352941176471,0.4117647058823529,-0.0014935661764705881,-0.001953125,0.01365593562325701,0.49826989619377166,0.17647058823529413,0.6470588235294118,,2.0,4.0
llama_full,full_ft,9550,ocdet,two_hole,clean,test,chain_r+chain_s,,23,0.5652173913043478,0.0,0.43478260869565216,0.5652173913043478,0.5652173913043478,0.0,0.43478260869565216,0.5652173913043478,0.5652173913043478,0.0,0.43478260869565216,0.5652173913043478,0.00399116847826087,0.0078125,0.022048081676530443,0.5255198487712665,0.34782608695652173,0.782608695652174,,2.0,5.0
llama_full,full_ft,9550,ocdet,two_hole,clean,test,chain_r+chain_s,,26,0.4230769230769231,0.038461538461538464,0.5384615384615384,0.4423076923076923,0.4230769230769231,0.038461538461538464,0.5384615384615384,0.4423076923076923,0.4230769230769231,0.038461538461538464,0.5384615384615384,0.4423076923076923,-0.004206730769230769,-0.001953125,0.0236102178852923,0.4837278106508876,0.25,0.6153846153846154,,2.0,6.0
llama_full,full_ft,9550,ocdet,two_hole,clean,test,chain_r+chain_s,,20,0.5,0.0,0.5,0.5,0.5,0.0,0.5,0.5,0.5,0.0,0.5,0.5,-0.0013671875,0.001953125,0.017228511085937787,0.48000000000000004,0.3,0.7,,3.0,1.0
llama_full,full_ft,9550,ocdet,two_hole,clean,test,chain_r+chain_s,,19,0.21052631578947367,0.10526315789473684,0.6842105263157895,0.2631578947368421,0.21052631578947367,0.10526315789473684,0.6842105263157895,0.2631578947368421,0.21052631578947367,0.10526315789473684,0.6842105263157895,0.2631578947368421,-0.005139802631578948,-0.0078125,0.011356986796574119,0.481994459833795,0.07894736842105263,0.4473684210526316,,3.0,2.0
llama_full,full_ft,9550,ocdet,two_hole,clean,test,chain_r+chain_s,,10,0.4,0.0,0.6,0.4,0.4,0.0,0.6,0.4,0.4,0.0,0.6,0.4,-0.001171875,-0.0029296875,0.01367745421875906,0.5,0.1,0.7,,3.0,4.0
llama_full,full_ft,9550,ocdet,two_hole,clean,test,chain_r+chain_s,,14,0.5714285714285714,0.07142857142857142,0.35714285714285715,0.6071428571428571,0.5714285714285714,0.07142857142857142,0.35714285714285715,0.6071428571428571,0.5714285714285714,0.07142857142857142,0.35714285714285715,0.6071428571428571,0.0018136160714285715,0.0029296875,0.020290277562671065,0.5102040816326531,0.35714285714285715,0.8571428571428571,,3.0,5.0
llama_full,full_ft,9550,ocdet,two_hole,clean,test,chain_r+chain_s,,17,0.29411764705882354,0.0,0.7058823529411765,0.29411764705882354,0.29411764705882354,0.0,0.7058823529411765,0.29411764705882354,0.29411764705882354,0.0,0.7058823529411765,0.29411764705882354,-0.0028722426470588237,-0.005859375,0.02306223051219366,0.4826989619377163,0.11764705882352941,0.5294117647058824,,3.0,6.0
llama_full,full_ft,9550,ocdet,two_hole,clean,test,chain_r+chain_s,,16,0.6875,0.0,0.3125,0.6875,0.6875,0.0,0.3125,0.6875,0.6875,0.0,0.3125,0.6875,0.00244140625,0.0087890625,0.020525243707991896,0.517578125,0.4375,0.875,,4.0,1.0
llama_full,full_ft,9550,ocdet,two_hole,clean,test,chain_r+chain_s,,14,0.6428571428571429,0.07142857142857142,0.2857142857142857,0.6785714285714286,0.6428571428571429,0.07142857142857142,0.2857142857142857,0.6785714285714286,0.6428571428571429,0.07142857142857142,0.2857142857142857,0.6785714285714286,0.006138392857142857,0.0078125,0.025151877432448524,0.5357142857142856,0.42857142857142855,0.8928571428571429,,4.0,2.0
llama_full,full_ft,9550,ocdet,two_hole,clean,test,chain_r+chain_s,,18,0.5,0.1111111111111111,0.3888888888888889,0.5555555555555556,0.5,0.1111111111111111,0.3888888888888889,0.5555555555555556,0.5,0.1111111111111111,0.3888888888888889,0.5555555555555556,0.0035807291666666665,0.001953125,0.01726488360179182,0.5354938271604939,0.3333333333333333,0.7777777777777778,,4.0,3.0
llama_full,full_ft,9550,ocdet,two_hole,clean,test,chain_r+chain_s,,17,0.5294117647058824,0.0,0.47058823529411764,0.5294117647058824,0.5294117647058824,0.0,0.47058823529411764,0.5294117647058824,0.5294117647058824,0.0,0.47058823529411764,0.5294117647058824,-0.00022977941176470588,0.001953125,0.018982199452252387,0.5103806228373702,0.29411764705882354,0.7647058823529411,,4.0,5.0
llama_full,full_ft,9550,ocdet,two_hole,clean,test,chain_r+chain_s,,23,0.4782608695652174,0.0,0.5217391304347826,0.4782608695652174,0.4782608695652174,0.0,0.5217391304347826,0.4782608695652174,0.4782608695652174,0.0,0.5217391304347826,0.4782608695652174,0.0033967391304347825,-0.001953125,0.02864258857002505,0.5378071833648393,0.2608695652173913,0.6956521739130435,,4.0,6.0
llama_full,full_ft,9550,ocdet,two_hole,clean,test,chain_r+chain_s,,16,0.6875,0.0625,0.25,0.71875,0.6875,0.0625,0.25,0.71875,0.6875,0.0625,0.25,0.71875,0.0037841796875,0.005859375,0.021052440176583115,0.53515625,0.5,0.9375,,5.0,1.0
llama_full,full_ft,9550,ocdet,two_hole,clean,test,chain_r+chain_s,,19,0.47368421052631576,0.0,0.5263157894736842,0.47368421052631576,0.47368421052631576,0.0,0.5263157894736842,0.47368421052631576,0.47368421052631576,0.0,0.5263157894736842,0.47368421052631576,-0.0011307565789473685,-0.001953125,0.016983451009920544,0.4833795013850415,0.2631578947368421,0.6855263157894725,,5.0,2.0
llama_full,full_ft,9550,ocdet,two_hole,clean,test,chain_r+chain_s,,15,0.5333333333333333,0.06666666666666667,0.4,0.5666666666666667,0.5333333333333333,0.06666666666666667,0.4,0.5666666666666667,0.5333333333333333,0.06666666666666667,0.4,0.5666666666666667,0.001171875,0.001953125,0.017869403807847555,0.5133333333333333,0.3333333333333333,0.8,,5.0,3.0
llama_full,full_ft,9550,ocdet,two_hole,clean,test,chain_r+chain_s,,18,0.3888888888888889,0.1111111111111111,0.5,0.4444444444444444,0.3888888888888889,0.1111111111111111,0.5,0.4444444444444444,0.3888888888888889,0.1111111111111111,0.5,0.4444444444444444,-0.0006510416666666666,-0.0009765625,0.01700203757447994,0.4861111111111111,0.2222222222222222,0.6666666666666666,,5.0,4.0
llama_full,full_ft,9550,ocdet,two_hole,clean,test,chain_r+chain_s,,14,0.5,0.14285714285714285,0.35714285714285715,0.5714285714285714,0.5,0.14285714285714285,0.35714285714285715,0.5714285714285714,0.5,0.14285714285714285,0.35714285714285715,0.5714285714285714,0.0012555803571428572,0.0029296875,0.01730641856581008,0.4923469387755103,0.32142857142857145,0.7857142857142857,,5.0,6.0
llama_full,full_ft,9550,ocdet,two_hole,clean,test,chain_r+chain_s,,20,0.4,0.1,0.5,0.45,0.4,0.1,0.5,0.45,0.4,0.1,0.5,0.45,0.0,-0.00390625,0.024206145913796356,0.4975,0.25,0.65,,6.0,1.0
llama_full,full_ft,9550,ocdet,two_hole,clean,test,chain_r+chain_s,,16,0.3125,0.125,0.5625,0.375,0.3125,0.125,0.5625,0.375,0.3125,0.125,0.5625,0.375,-0.005859375,-0.0048828125,0.02140655294607712,0.462890625,0.15625,0.625,,6.0,2.0
llama_full,full_ft,9550,ocdet,two_hole,clean,test,chain_r+chain_s,,14,0.5,0.0,0.5,0.5,0.5,0.0,0.5,0.5,0.5,0.0,0.5,0.5,0.003208705357142857,-0.001953125,0.02525728145923818,0.528061224489796,0.21428571428571427,0.7857142857142857,,6.0,3.0
llama_full,full_ft,9550,ocdet,two_hole,clean,test,chain_r+chain_s,,11,0.45454545454545453,0.0,0.5454545454545454,0.45454545454545453,0.45454545454545453,0.0,0.5454545454545454,0.45454545454545453,0.45454545454545453,0.0,0.5454545454545454,0.45454545454545453,0.0031960227272727275,-0.00390625,0.018117757129011505,0.5082644628099173,0.18181818181818182,0.7272727272727273,,6.0,4.0
llama_full,full_ft,9550,ocdet,two_hole,clean,test,chain_r+chain_s,,9,0.4444444444444444,0.1111111111111111,0.4444444444444444,0.5,0.4444444444444444,0.1111111111111111,0.4444444444444444,0.5,0.4444444444444444,0.1111111111111111,0.4444444444444444,0.5,-0.0008680555555555555,0.0,0.023385197557333672,0.5,0.16666666666666666,0.8333333333333334,,6.0,5.0
llama_full,full_ft,9550,ocdet,two_hole,heldout,val,orientation,1.0,119,0.42857142857142855,0.07563025210084033,0.4957983193277311,0.4663865546218487,0.42857142857142855,0.07563025210084033,0.4957983193277311,0.4663865546218487,0.42857142857142855,0.07563025210084033,0.4957983193277311,0.4663865546218487,-0.0006565126050420169,0.0,0.01952513906324816,0.4966104088694301,0.37815126050420167,0.5504201680672269,,,
llama_full,full_ft,9550,ocdet,two_hole,heldout,val,orientation,2.0,81,0.4444444444444444,0.04938271604938271,0.5061728395061729,0.4691358024691358,0.4444444444444444,0.04938271604938271,0.5061728395061729,0.4691358024691358,0.4444444444444444,0.04938271604938271,0.5061728395061729,0.4691358024691358,0.00014467592592592592,-0.001953125,0.019346585000651,0.507087334247828,0.37037037037037035,0.5802469135802469,,,
llama_full,full_ft,9550,ocdet,two_hole,heldout,val,kappa_gap,,65,0.35384615384615387,0.06153846153846154,0.5846153846153846,0.38461538461538464,0.35384615384615387,0.06153846153846154,0.5846153846153846,0.38461538461538464,0.35384615384615387,0.06153846153846154,0.5846153846153846,0.38461538461538464,-0.002433894230769231,-0.00390625,0.017759252347425383,0.48994082840236686,0.27692307692307694,0.5076923076923077,1.0,,
llama_full,full_ft,9550,ocdet,two_hole,heldout,val,kappa_gap,,56,0.44642857142857145,0.05357142857142857,0.5,0.47321428571428575,0.44642857142857145,0.05357142857142857,0.5,0.47321428571428575,0.44642857142857145,0.05357142857142857,0.5,0.47321428571428575,-0.00045340401785714287,-0.0009765625,0.019000858715660002,0.5023915816326531,0.3392857142857143,0.5982142857142857,2.0,,
llama_full,full_ft,9550,ocdet,two_hole,heldout,val,kappa_gap,,38,0.47368421052631576,0.05263157894736842,0.47368421052631576,0.5,0.47368421052631576,0.05263157894736842,0.47368421052631576,0.5,0.47368421052631576,0.05263157894736842,0.47368421052631576,0.5,0.002261513157894737,0.0,0.01892313115296272,0.5159279778393351,0.34210526315789475,0.6578947368421053,3.0,,
llama_full,full_ft,9550,ocdet,two_hole,heldout,val,kappa_gap,,26,0.46153846153846156,0.07692307692307693,0.46153846153846156,0.5,0.46153846153846156,0.07692307692307693,0.46153846153846156,0.5,0.46153846153846156,0.07692307692307693,0.46153846153846156,0.5,0.0006009615384615385,0.0,0.02098530672958054,0.5022189349112425,0.3269230769230769,0.6923076923076923,4.0,,
llama_full,full_ft,9550,ocdet,two_hole,heldout,val,kappa_gap,,15,0.6,0.13333333333333333,0.26666666666666666,0.6666666666666666,0.6,0.13333333333333333,0.26666666666666666,0.6666666666666666,0.6,0.13333333333333333,0.26666666666666666,0.6666666666666666,0.0010416666666666667,0.005859375,0.024959955993787437,0.52,0.43333333333333335,0.8666666666666667,5.0,,
llama_full,full_ft,9550,ocdet,two_hole,heldout,val,chain_r+chain_s,,8,0.25,0.0,0.75,0.25,0.25,0.0,0.75,0.25,0.25,0.0,0.75,0.25,-0.007080078125,-0.009765625,0.013494153911558084,0.359375,0.0,0.5,,1.0,2.0
llama_full,full_ft,9550,ocdet,two_hole,heldout,val,chain_r+chain_s,,8,0.625,0.0,0.375,0.625,0.625,0.0,0.375,0.625,0.625,0.0,0.375,0.625,0.00146484375,0.009765625,0.023493382272889468,0.53125,0.25,0.875,,1.0,3.0
llama_full,full_ft,9550,ocdet,two_hole,heldout,val,chain_r+chain_s,,5,0.6,0.0,0.4,0.6,0.6,0.0,0.4,0.6,0.6,0.0,0.4,0.6,0.00703125,0.009765625,0.011886815667736672,0.56,0.2,1.0,,1.0,4.0
llama_full,full_ft,9550,ocdet,two_hole,heldout,val,chain_r+chain_s,,9,0.4444444444444444,0.0,0.5555555555555556,0.4444444444444444,0.4444444444444444,0.0,0.5555555555555556,0.4444444444444444,0.4444444444444444,0.0,0.5555555555555556,0.4444444444444444,0.002170138888888889,-0.001953125,0.014276809204338999,0.4938271604938272,0.1111111111111111,0.7777777777777778,,1.0,5.0
llama_full,full_ft,9550,ocdet,two_hole,heldout,val,chain_r+chain_s,,7,0.2857142857142857,0.0,0.7142857142857143,0.2857142857142857,0.2857142857142857,0.0,0.7142857142857143,0.2857142857142857,0.2857142857142857,0.0,0.7142857142857143,0.2857142857142857,-0.009765625,-0.01953125,0.02812964991323339,0.46938775510204084,0.0,0.5714285714285714,,1.0,6.0
llama_full,full_ft,9550,ocdet,two_hole,heldout,val,chain_r+chain_s,,6,0.5,0.0,0.5,0.5,0.5,0.0,0.5,0.5,0.5,0.0,0.5,0.5,-0.0003255208333333333,0.0009765625,0.012527266539644439,0.5,0.16666666666666666,0.8333333333333334,,2.0,1.0
llama_full,full_ft,9550,ocdet,two_hole,heldout,val,chain_r+chain_s,,3,0.6666666666666666,0.0,0.3333333333333333,0.6666666666666666,0.6666666666666666,0.0,0.3333333333333333,0.6666666666666666,0.6666666666666666,0.0,0.3333333333333333,0.6666666666666666,0.001953125,0.00390625,0.015212658132223857,0.5555555555555556,0.0,1.0,,2.0,3.0
llama_full,full_ft,9550,ocdet,two_hole,heldout,val,chain_r+chain_s,,8,0.375,0.125,0.5,0.4375,0.375,0.125,0.5,0.4375,0.375,0.125,0.5,0.4375,-0.005615234375,-0.00390625,0.01319037369066416,0.4296875,0.125,0.75,,2.0,4.0
llama_full,full_ft,9550,ocdet,two_hole,heldout,val,chain_r+chain_s,,5,0.4,0.2,0.4,0.5,0.4,0.2,0.4,0.5,0.4,0.2,0.4,0.5,-0.003515625,0.0,0.01686486964447102,0.4,0.1,0.9,,2.0,5.0
llama_full,full_ft,9550,ocdet,two_hole,heldout,val,chain_r+chain_s,,3,0.3333333333333333,0.0,0.6666666666666666,0.3333333333333333,0.3333333333333333,0.0,0.6666666666666666,0.3333333333333333,0.3333333333333333,0.0,0.6666666666666666,0.3333333333333333,0.0006510416666666666,-0.013671875,0.023072975451392384,0.5,0.0,1.0,,2.0,6.0
llama_full,full_ft,9550,ocdet,two_hole,heldout,val,chain_r+chain_s,,7,0.14285714285714285,0.0,0.8571428571428571,0.14285714285714285,0.14285714285714285,0.0,0.8571428571428571,0.14285714285714285,0.14285714285714285,0.0,0.8571428571428571,0.14285714285714285,-0.008370535714285714,-0.0078125,0.012985576203370644,0.40816326530612246,0.0,0.42857142857142855,,3.0,1.0
llama_full,full_ft,9550,ocdet,two_hole,heldout,val,chain_r+chain_s,,9,0.3333333333333333,0.2222222222222222,0.4444444444444444,0.4444444444444444,0.3333333333333333,0.2222222222222222,0.4444444444444444,0.4444444444444444,0.3333333333333333,0.2222222222222222,0.4444444444444444,0.4444444444444444,0.003472222222222222,0.0,0.015317552981789318,0.5185185185185186,0.16666666666666666,0.7222222222222222,,3.0,2.0
llama_full,full_ft,9550,ocdet,two_hole,heldout,val,chain_r+chain_s,,8,0.375,0.125,0.5,0.4375,0.375,0.125,0.5,0.4375,0.375,0.125,0.5,0.4375,-0.00439453125,-0.0009765625,0.0178406502992628,0.5,0.125,0.75,,3.0,4.0
llama_full,full_ft,9550,ocdet,two_hole,heldout,val,chain_r+chain_s,,8,0.25,0.125,0.625,0.3125,0.25,0.125,0.625,0.3125,0.25,0.125,0.625,0.3125,-0.0087890625,-0.001953125,0.023417146109925388,0.484375,0.0625,0.625,,3.0,5.0
llama_full,full_ft,9550,ocdet,two_hole,heldout,val,chain_r+chain_s,,6,0.3333333333333333,0.0,0.6666666666666666,0.3333333333333333,0.3333333333333333,0.0,0.6666666666666666,0.3333333333333333,0.3333333333333333,0.0,0.6666666666666666,0.3333333333333333,-0.0006510416666666666,-0.00390625,0.02655739329996242,0.4722222222222222,0.0,0.6666666666666666,,3.0,6.0
llama_full,full_ft,9550,ocdet,two_hole,heldout,val,chain_r+chain_s,,10,0.7,0.1,0.2,0.75,0.7,0.1,0.2,0.75,0.7,0.1,0.2,0.75,0.0076171875,0.009765625,0.0169921875,0.57,0.5,1.0,,4.0,1.0
llama_full,full_ft,9550,ocdet,two_hole,heldout,val,chain_r+chain_s,,4,0.0,0.0,1.0,0.0,0.0,0.0,1.0,0.0,0.0,0.0,1.0,0.0,-0.01708984375,-0.0146484375,0.004858337095247168,0.375,0.0,0.0,,4.0,2.0
llama_full,full_ft,9550,ocdet,two_hole,heldout,val,chain_r+chain_s,,10,0.7,0.1,0.2,0.75,0.7,0.1,0.2,0.75,0.7,0.1,0.2,0.75,0.006640625,0.005859375,0.01622857662331327,0.5349999999999999,0.4987500000000001,1.0,,4.0,3.0
llama_full,full_ft,9550,ocdet,two_hole,heldout,val,chain_r+chain_s,,12,0.4166666666666667,0.0,0.5833333333333334,0.4166666666666667,0.4166666666666667,0.0,0.5833333333333334,0.4166666666666667,0.4166666666666667,0.0,0.5833333333333334,0.4166666666666667,-0.0017903645833333333,-0.0048828125,0.010194312607284895,0.46180555555555547,0.16666666666666666,0.75,,4.0,5.0
llama_full,full_ft,9550,ocdet,two_hole,heldout,val,chain_r+chain_s,,4,0.25,0.25,0.5,0.375,0.25,0.25,0.5,0.375,0.25,0.25,0.5,0.375,0.01123046875,-0.0009765625,0.02405497643897188,0.46875,0.0,0.75,,4.0,6.0
llama_full,full_ft,9550,ocdet,two_hole,heldout,val,chain_r+chain_s,,8,0.25,0.0,0.75,0.25,0.25,0.0,0.75,0.25,0.25,0.0,0.75,0.25,-0.012451171875,-0.0146484375,0.020988995438917798,0.390625,0.0,0.625,,5.0,1.0
llama_full,full_ft,9550,ocdet,two_hole,heldout,val,chain_r+chain_s,,5,0.4,0.0,0.6,0.4,0.4,0.0,0.6,0.4,0.4,0.0,0.6,0.4,0.00546875,-0.001953125,0.017178619865075018,0.4800000000000001,0.0,0.8,,5.0,2.0
llama_full,full_ft,9550,ocdet,two_hole,heldout,val,chain_r+chain_s,,7,0.42857142857142855,0.0,0.5714285714285714,0.42857142857142855,0.42857142857142855,0.0,0.5714285714285714,0.42857142857142855,0.42857142857142855,0.0,0.5714285714285714,0.42857142857142855,-0.0078125,-0.013671875,0.018082423823682647,0.4387755102040816,0.14285714285714285,0.8571428571428571,,5.0,3.0
llama_full,full_ft,9550,ocdet,two_hole,heldout,val,chain_r+chain_s,,3,1.0,0.0,0.0,1.0,1.0,0.0,0.0,1.0,1.0,0.0,0.0,1.0,0.01953125,0.02734375,0.012455160462050124,0.6666666666666667,1.0,1.0,,5.0,4.0
llama_full,full_ft,9550,ocdet,two_hole,heldout,val,chain_r+chain_s,,3,0.6666666666666666,0.0,0.3333333333333333,0.6666666666666666,0.6666666666666666,0.0,0.3333333333333333,0.6666666666666666,0.6666666666666666,0.0,0.3333333333333333,0.6666666666666666,0.0026041666666666665,0.005859375,0.020066451832581305,0.5555555555555556,0.0,1.0,,5.0,6.0
llama_full,full_ft,9550,ocdet,two_hole,heldout,val,chain_r+chain_s,,5,0.4,0.2,0.4,0.5,0.4,0.2,0.4,0.5,0.4,0.2,0.4,0.5,0.005859375,0.0,0.02753836989377276,0.45999999999999996,0.1,0.9,,6.0,1.0
llama_full,full_ft,9550,ocdet,two_hole,heldout,val,chain_r+chain_s,,6,0.5,0.0,0.5,0.5,0.5,0.0,0.5,0.5,0.5,0.0,0.5,0.5,0.001953125,0.00390625,0.013150397055158957,0.5277777777777778,0.16666666666666666,0.8333333333333334,,6.0,2.0
llama_full,full_ft,9550,ocdet,two_hole,heldout,val,chain_r+chain_s,,4,0.75,0.0,0.25,0.75,0.75,0.0,0.25,0.75,0.75,0.0,0.25,0.75,0.00439453125,0.0068359375,0.025064575718184764,0.5625,0.25,1.0,,6.0,3.0
llama_full,full_ft,9550,ocdet,two_hole,heldout,val,chain_r+chain_s,,10,0.2,0.2,0.6,0.30000000000000004,0.2,0.2,0.6,0.30000000000000004,0.2,0.2,0.6,0.30000000000000004,-0.006640625,-0.0068359375,0.010488844986013712,0.45999999999999996,0.05,0.55,,6.0,4.0
llama_full,full_ft,9550,ocdet,two_hole,heldout,val,chain_r+chain_s,,9,0.7777777777777778,0.1111111111111111,0.1111111111111111,0.8333333333333334,0.7777777777777778,0.1111111111111111,0.1111111111111111,0.8333333333333334,0.7777777777777778,0.1111111111111111,0.1111111111111111,0.8333333333333334,0.017361111111111112,0.015625,0.016609716248396227,0.617283950617284,0.6111111111111112,1.0,,6.0,5.0
llama_full,full_ft,9550,ocdet,two_hole,heldout,test,orientation,1.0,229,0.4672489082969432,0.048034934497816595,0.4847161572052402,0.4912663755458515,0.4672489082969432,0.048034934497816595,0.4847161572052402,0.4912663755458515,0.4672489082969432,0.048034934497816595,0.4847161572052402,0.4912663755458515,0.000673785480349345,0.0,0.02003634666009223,0.5006102095688488,0.425764192139738,0.5524017467248908,,,
llama_full,full_ft,9550,ocdet,two_hole,heldout,test,orientation,2.0,271,0.44280442804428044,0.05166051660516605,0.5055350553505535,0.46863468634686345,0.44280442804428044,0.05166051660516605,0.5055350553505535,0.46863468634686345,0.44280442804428044,0.05166051660516605,0.5055350553505535,0.46863468634686345,-0.0005405327490774908,-0.001953125,0.017139934269666066,0.49632357947195704,0.4150830258302583,0.5239852398523985,,,
llama_full,full_ft,9550,ocdet,two_hole,heldout,test,kappa_gap,,176,0.4715909090909091,0.03977272727272727,0.48863636363636365,0.49147727272727276,0.4715909090909091,0.03977272727272727,0.48863636363636365,0.49147727272727276,0.4715909090909091,0.03977272727272727,0.48863636363636365,0.49147727272727276,-0.00016645951704545453,0.0,0.017521141454344566,0.5003551136363636,0.4147727272727273,0.5625,1.0,,
llama_full,full_ft,9550,ocdet,two_hole,heldout,test,kappa_gap,,131,0.4351145038167939,0.061068702290076333,0.5038167938931297,0.46564885496183206,0.4351145038167939,0.061068702290076333,0.5038167938931297,0.46564885496183206,0.4351145038167939,0.061068702290076333,0.5038167938931297,0.46564885496183206,0.0007752862595419847,-0.001953125,0.017213502890245844,0.5020977798496591,0.38549618320610685,0.5458969465648854,2.0,,
llama_full,full_ft,9550,ocdet,two_hole,heldout,test,kappa_gap,,101,0.46534653465346537,0.0891089108910891,0.44554455445544555,0.5099009900990099,0.46534653465346537,0.0891089108910891,0.44554455445544555,0.5099009900990099,0.46534653465346537,0.0891089108910891,0.44554455445544555,0.5099009900990099,0.0001740408415841584,0.0,0.021248563492244472,0.4968630526418979,0.40594059405940597,0.6039603960396039,3.0,,
llama_full,full_ft,9550,ocdet,two_hole,heldout,test,kappa_gap,,60,0.4166666666666667,0.016666666666666666,0.5666666666666667,0.42500000000000004,0.4166666666666667,0.016666666666666666,0.5666666666666667,0.42500000000000004,0.4166666666666667,0.016666666666666666,0.5666666666666667,0.42500000000000004,-0.0017903645833333333,-0.0048828125,0.016031859731863024,0.49027777777777776,0.3,0.5418749999999998,4.0,,
llama_full,full_ft,9550,ocdet,two_hole,heldout,test,kappa_gap,,32,0.46875,0.0,0.53125,0.46875,0.46875,0.0,0.53125,0.46875,0.46875,0.0,0.53125,0.46875,0.00079345703125,-0.00390625,0.023426609688111312,0.50341796875,0.3125,0.65625,5.0,,
llama_full,full_ft,9550,ocdet,two_hole,heldout,test,chain_r+chain_s,,14,0.5714285714285714,0.07142857142857142,0.35714285714285715,0.6071428571428571,0.5714285714285714,0.07142857142857142,0.35714285714285715,0.6071428571428571,0.5714285714285714,0.07142857142857142,0.35714285714285715,0.6071428571428571,0.005161830357142857,0.00390625,0.014439679565428317,0.5204081632653061,0.35714285714285715,0.8571428571428571,,1.0,2.0
llama_full,full_ft,9550,ocdet,two_hole,heldout,test,chain_r+chain_s,,19,0.47368421052631576,0.0,0.5263157894736842,0.47368421052631576,0.47368421052631576,0.0,0.5263157894736842,0.47368421052631576,0.47368421052631576,0.0,0.5263157894736842,0.47368421052631576,-0.002261513157894737,-0.001953125,0.019275287801536548,0.4930747922437674,0.2631578947368421,0.6842105263157895,,1.0,3.0
llama_full,full_ft,9550,ocdet,two_hole,heldout,test,chain_r+chain_s,,14,0.42857142857142855,0.0,0.5714285714285714,0.42857142857142855,0.42857142857142855,0.0,0.5714285714285714,0.42857142857142855,0.42857142857142855,0.0,0.5714285714285714,0.42857142857142855,-0.004464285714285714,-0.005859375,0.02169173183658126,0.46683673469387754,0.21428571428571427,0.7142857142857143,,1.0,4.0
llama_full,full_ft,9550,ocdet,two_hole,heldout,test,chain_r+chain_s,,13,0.46153846153846156,0.0,0.5384615384615384,0.46153846153846156,0.46153846153846156,0.0,0.5384615384615384,0.46153846153846156,0.46153846153846156,0.0,0.5384615384615384,0.46153846153846156,-0.00030048076923076925,-0.01171875,0.02039620434079953,0.5118343195266273,0.23076923076923078,0.7692307692307693,,1.0,5.0
llama_full,full_ft,9550,ocdet,two_hole,heldout,test,chain_r+chain_s,,18,0.3333333333333333,0.16666666666666666,0.5,0.41666666666666663,0.3333333333333333,0.16666666666666666,0.5,0.41666666666666663,0.3333333333333333,0.16666666666666666,0.5,0.41666666666666663,-0.002712673611111111,-0.001953125,0.013565104055569776,0.4799382716049383,0.2222222222222222,0.6388888888888888,,1.0,6.0
llama_full,full_ft,9550,ocdet,two_hole,heldout,test,chain_r+chain_s,,16,0.4375,0.1875,0.375,0.53125,0.4375,0.1875,0.375,0.53125,0.4375,0.1875,0.375,0.53125,-0.0003662109375,0.0,0.012472097726628656,0.49609375,0.3125,0.75,,2.0,1.0
llama_full,full_ft,9550,ocdet,two_hole,heldout,test,chain_r+chain_s,,21,0.42857142857142855,0.19047619047619047,0.38095238095238093,0.5238095238095237,0.42857142857142855,0.19047619047619047,0.38095238095238093,0.5238095238095237,0.42857142857142855,0.19047619047619047,0.38095238095238093,0.5238095238095237,0.003441220238095238,0.0,0.014664298975820127,0.5238095238095237,0.3333333333333333,0.7142857142857143,,2.0,3.0
llama_full,full_ft,9550,ocdet,two_hole,heldout,test,chain_r+chain_s,,9,0.6666666666666666,0.0,0.3333333333333333,0.6666666666666666,0.6666666666666666,0.0,0.3333333333333333,0.6666666666666666,0.6666666666666666,0.0,0.3333333333333333,0.6666666666666666,0.00390625,0.01171875,0.016392810302101785,0.5679012345679013,0.3333333333333333,0.8888888888888888,,2.0,4.0
llama_full,full_ft,9550,ocdet,two_hole,heldout,test,chain_r+chain_s,,14,0.42857142857142855,0.0,0.5714285714285714,0.42857142857142855,0.42857142857142855,0.0,0.5714285714285714,0.42857142857142855,0.42857142857142855,0.0,0.5714285714285714,0.42857142857142855,-0.0023716517857142855,-0.005859375,0.026781717638031652,0.5076530612244897,0.21428571428571427,0.7142857142857143,,2.0,5.0
llama_full,full_ft,9550,ocdet,two_hole,heldout,test,chain_r+chain_s,,18,0.5,0.0,0.5,0.5,0.5,0.0,0.5,0.5,0.5,0.0,0.5,0.5,-0.0028211805555555555,0.001953125,0.019128023219982908,0.5030864197530864,0.2777777777777778,0.7222222222222222,,2.0,6.0
llama_full,full_ft,9550,ocdet,two_hole,heldout,test,chain_r+chain_s,,21,0.42857142857142855,0.0,0.5714285714285714,0.42857142857142855,0.42857142857142855,0.0,0.5714285714285714,0.42857142857142855,0.42857142857142855,0.0,0.5714285714285714,0.42857142857142855,0.002976190476190476,-0.00390625,0.01706551518350969,0.49659863945578236,0.23809523809523808,0.6190476190476191,,3.0,1.0
llama_full,full_ft,9550,ocdet,two_hole,heldout,test,chain_r+chain_s,,19,0.5789473684210527,0.05263157894736842,0.3684210526315789,0.6052631578947368,0.5789473684210527,0.05263157894736842,0.3684210526315789,0.6052631578947368,0.5789473684210527,0.05263157894736842,0.3684210526315789,0.6052631578947368,0.005859375,0.005859375,0.01600584385209862,0.5152354570637119,0.39473684210526316,0.8157894736842105,,3.0,2.0
llama_full,full_ft,9550,ocdet,two_hole,heldout,test,chain_r+chain_s,,21,0.2857142857142857,0.09523809523809523,0.6190476190476191,0.3333333333333333,0.2857142857142857,0.09523809523809523,0.6190476190476191,0.3333333333333333,0.2857142857142857,0.09523809523809523,0.6190476190476191,0.3333333333333333,-0.005208333333333333,-0.00390625,0.01436934439512583,0.4603174603174603,0.14285714285714285,0.5238095238095238,,3.0,4.0
llama_full,full_ft,9550,ocdet,two_hole,heldout,test,chain_r+chain_s,,22,0.36363636363636365,0.0,0.6363636363636364,0.36363636363636365,0.36363636363636365,0.0,0.6363636363636364,0.36363636363636365,0.36363636363636365,0.0,0.6363636363636364,0.36363636363636365,-0.0032848011363636365,-0.001953125,0.014308755256917235,0.4741735537190083,0.18181818181818182,0.5454545454545454,,3.0,5.0
llama_full,full_ft,9550,ocdet,two_hole,heldout,test,chain_r+chain_s,,9,0.2222222222222222,0.0,0.7777777777777778,0.2222222222222222,0.2222222222222222,0.0,0.7777777777777778,0.2222222222222222,0.2222222222222222,0.0,0.7777777777777778,0.2222222222222222,-0.013888888888888888,-0.009765625,0.024069961240003965,0.39506172839506176,0.0,0.5555555555555556,,3.0,6.0
llama_full,full_ft,9550,ocdet,two_hole,heldout,test,chain_r+chain_s,,21,0.47619047619047616,0.047619047619047616,0.47619047619047616,0.5,0.47619047619047616,0.047619047619047616,0.47619047619047616,0.5,0.47619047619047616,0.047619047619047616,0.47619047619047616,0.5,-0.002883184523809524,0.0,0.02041009214805246,0.48979591836734687,0.2857142857142857,0.7142857142857143,,4.0,1.0
llama_full,full_ft,9550,ocdet,two_hole,heldout,test,chain_r+chain_s,,11,0.2727272727272727,0.0,0.7272727272727273,0.2727272727272727,0.2727272727272727,0.0,0.7272727272727273,0.2727272727272727,0.2727272727272727,0.0,0.7272727272727273,0.2727272727272727,-0.009232954545454546,-0.0078125,0.012013657545481017,0.4297520661157025,0.0,0.5454545454545454,,4.0,2.0
llama_full,full_ft,9550,ocdet,two_hole,heldout,test,chain_r+chain_s,,18,0.5,0.05555555555555555,0.4444444444444444,0.5277777777777778,0.5,0.05555555555555555,0.4444444444444444,0.5277777777777778,0.5,0.05555555555555555,0.4444444444444444,0.5277777777777778,-0.0013020833333333333,0.001953125,0.012657696676577852,0.4891975308641975,0.3055555555555556,0.75,,4.0,3.0
llama_full,full_ft,9550,ocdet,two_hole,heldout,test,chain_r+chain_s,,15,0.5333333333333333,0.0,0.4666666666666667,0.5333333333333333,0.5333333333333333,0.0,0.4666666666666667,0.5333333333333333,0.5333333333333333,0.0,0.4666666666666667,0.5333333333333333,0.00546875,0.005859375,0.01546467223188333,0.5111111111111111,0.26666666666666666,0.8,,4.0,5.0
llama_full,full_ft,9550,ocdet,two_hole,heldout,test,chain_r+chain_s,,21,0.5238095238095238,0.047619047619047616,0.42857142857142855,0.5476190476190477,0.5238095238095238,0.047619047619047616,0.42857142857142855,0.5476190476190477,0.5238095238095238,0.047619047619047616,0.42857142857142855,0.5476190476190477,0.006603422619047619,0.001953125,0.021694523077741282,0.5113378684807256,0.3333333333333333,0.7619047619047619,,4.0,6.0
llama_full,full_ft,9550,ocdet,two_hole,heldout,test,chain_r+chain_s,,21,0.42857142857142855,0.09523809523809523,0.47619047619047616,0.47619047619047616,0.42857142857142855,0.09523809523809523,0.47619047619047616,0.47619047619047616,0.42857142857142855,0.09523809523809523,0.47619047619047616,0.47619047619047616,-0.002139136904761905,0.0,0.014082956272877752,0.47278911564625853,0.2619047619047619,0.6666666666666666,,5.0,1.0
llama_full,full_ft,9550,ocdet,two_hole,heldout,test,chain_r+chain_s,,14,0.6428571428571429,0.0,0.35714285714285715,0.6428571428571429,0.6428571428571429,0.0,0.35714285714285715,0.6428571428571429,0.6428571428571429,0.0,0.35714285714285715,0.6428571428571429,0.010184151785714286,0.009765625,0.015435135711460466,0.5561224489795918,0.35714285714285715,0.8571428571428571,,5.0,2.0
llama_full,full_ft,9550,ocdet,two_hole,heldout,test,chain_r+chain_s,,22,0.45454545454545453,0.09090909090909091,0.45454545454545453,0.5,0.45454545454545453,0.09090909090909091,0.45454545454545453,0.5,0.45454545454545453,0.09090909090909091,0.45454545454545453,0.5,0.00390625,0.0,0.01910036059497188,0.518595041322314,0.29545454545454547,0.7045454545454546,,5.0,3.0
llama_full,full_ft,9550,ocdet,two_hole,heldout,test,chain_r+chain_s,,18,0.3333333333333333,0.05555555555555555,0.6111111111111112,0.3611111111111111,0.3333333333333333,0.05555555555555555,0.6111111111111112,0.3611111111111111,0.3333333333333333,0.05555555555555555,0.6111111111111112,0.3611111111111111,-0.003363715277777778,-0.009765625,0.015527112479108873,0.4521604938271605,0.1388888888888889,0.5840277777777771,,5.0,4.0
llama_full,full_ft,9550,ocdet,two_hole,heldout,test,chain_r+chain_s,,11,0.6363636363636364,0.0,0.36363636363636365,0.6363636363636364,0.6363636363636364,0.0,0.36363636363636365,0.6363636363636364,0.6363636363636364,0.0,0.36363636363636365,0.6363636363636364,0.0003551136363636364,0.00390625,0.020950199772619235,0.5206611570247933,0.36363636363636365,0.9090909090909091,,5.0,6.0
llama_full,full_ft,9550,ocdet,two_hole,heldout,test,chain_r+chain_s,,19,0.3684210526315789,0.10526315789473684,0.5263157894736842,0.42105263157894735,0.3684210526315789,0.10526315789473684,0.5263157894736842,0.42105263157894735,0.3684210526315789,0.10526315789473684,0.5263157894736842,0.42105263157894735,-0.0011307565789473685,-0.001953125,0.017472910049308888,0.49445983379501385,0.21052631578947367,0.631578947368421,,6.0,1.0
llama_full,full_ft,9550,ocdet,two_hole,heldout,test,chain_r+chain_s,,18,0.5,0.0,0.5,0.5,0.5,0.0,0.5,0.5,0.5,0.0,0.5,0.5,0.0003255208333333333,0.0009765625,0.023212625632821702,0.5015432098765432,0.2777777777777778,0.7222222222222222,,6.0,2.0
llama_full,full_ft,9550,ocdet,two_hole,heldout,test,chain_r+chain_s,,13,0.5384615384615384,0.0,0.46153846153846156,0.5384615384615384,0.5384615384615384,0.0,0.46153846153846156,0.5384615384615384,0.5384615384615384,0.0,0.46153846153846156,0.5384615384615384,0.003155048076923077,0.00390625,0.019006447837582294,0.47928994082840237,0.3076923076923077,0.7692307692307693,,6.0,3.0
llama_full,full_ft,9550,ocdet,two_hole,heldout,test,chain_r+chain_s,,12,0.4166666666666667,0.0,0.5833333333333334,0.4166666666666667,0.4166666666666667,0.0,0.5833333333333334,0.4166666666666667,0.4166666666666667,0.0,0.5833333333333334,0.4166666666666667,-0.0009765625,-0.0107421875,0.024954945974962183,0.5000000000000001,0.16666666666666666,0.6666666666666666,,6.0,4.0
llama_full,full_ft,9550,ocdet,two_hole,heldout,test,chain_r+chain_s,,18,0.5,0.05555555555555555,0.4444444444444444,0.5277777777777778,0.5,0.05555555555555555,0.4444444444444444,0.5277777777777778,0.5,0.05555555555555555,0.4444444444444444,0.5277777777777778,0.0018446180555555555,0.0009765625,0.019152935718072348,0.5246913580246914,0.3055555555555556,0.75,,6.0,5.0
