model,training_mode,seed,task,family,background,split,group_keys,orientation,n_pairs,win_rate,tie_rate,loss_rate,pair_accuracy,win_rate_tol1e-06,tie_rate_tol1e-06,loss_rate_tol1e-06,pair_accuracy_tol1e-06,win_rate_tol1e-10,tie_rate_tol1e-10,loss_rate_tol1e-10,pair_accuracy_tol1e-10,mean_margin,median_margin,std_margin,flattened_auc,pair_accuracy_ci_lo,pair_accuracy_ci_hi,kappa_gap,chain_r,chain_s
oracle,oracle,0,ocdet,two_hole,clean,val,orientation,1.0,1052,1.0,0.0,0.0,1.0,1.0,0.0,0.0,1.0,1.0,0.0,0.0,1.0,1.0,1.0,0.0,1.0,1.0,1.0,,,
oracle,oracle,0,ocdet,two_hole,clean,val,orientation,2.0,948,1.0,0.0,0.0,1.0,1.0,0.0,0.0,1.0,1.0,0.0,0.0,1.0,1.0,1.0,0.0,1.0,1.0,1.0,,,
oracle,oracle,0,ocdet,two_hole,clean,val,kappa_gap,,673,1.0,0.0,0.0,1.0,1.0,0.0,0.0,1.0,1.0,0.0,0.0,1.0,1.0,1.0,0.0,1.0,1.0,1.0,1.0,,
oracle,oracle,0,ocdet,two_hole,clean,val,kappa_gap,,511,1.0,0.0,0.0,1.0,1.0,0.0,0.0,1.0,1.0,0.0,0.0,1.0,1.0,1.0,0.0,1.0,1.0,1.0,2.0,,
oracle,oracle,0,ocdet,two_hole,clean,val,kappa_gap,,418,1.0,0.0,0.0,1.0,1.0,0.0,0.0,1.0,1.0,0.0,0.0,1.0,1.0,1.0,0.0,1.0,1.0,1.0,3.0,,
oracle,oracle,0,ocdet,two_hole,clean,val,kappa_gap,,262,1.0,0.0,0.0,1.0,1.0,0.0,0.0,1.0,1.0,0.0,0.0,1.0,1.0,1.0,0.0,1.0,1.0,1.0,4.0,,
oracle,oracle,0,ocdet,two_hole,clean,val,kappa_gap,,136,1.0,0.0,0.0,1.0,1.0,0.0,0.0,1.0,1.0,0.0,0.0,1.0,1.0,1.0,0.0,1.0,1.0,1.0,5.0,,
oracle,oracle,0,ocdet,two_hole,clean,val,chain_r+chain_s,,53,1.0,0.0,0.0,1.0,1.0,0.0,0.0,1.0,1.0,0.0,0.0,1.0,1.0,1.0,0.0,1.0,1.0,1.0,,1.0,2.0
oracle,oracle,0,ocdet,two_hole,clean,val,chain_r+chain_s,,82,1.0,0.0,0.0,1.0,1.0,0.0,0.0,1.0,1.0,0.0,0.0,1.0,1.0,1.0,0.0,1.0,1.0,1.0,,1.0,3.0
oracle,oracle,0,ocdet,two_hole,clean,val,chain_r+chain_s,,58,1.0,0.0,0.0,1.0,1.0,0.0,0.0,1.0,1.0,0.0,0.0,1.0,1.0,1.0,0.0,1.0,1.0,1.0,,1.0,4.0
oracle,oracle,0,ocdet,two_hole,clean,val,chain_r+chain_s,,60,1.0,0.0,0.0,1.0,1.0,0.0,0.0,1.0,1.0,0.0,0.0,1.0,1.0,1.0,0.0,1.0,1.0,1.0,,1.0,5.0
oracle,oracle,0,ocdet,two_hole,clean,val,chain_r+chain_s,,71,1.0,0.0,0.0,1.0,1.0,0.0,0.0,1.0,1.0,0.0,0.0,1.0,1.0,1.0,0.0,1.0,1.0,1.0,,1.0,6.0
oracle,oracle,0,ocdet,two_hole,clean,val,chain_r+chain_s,,67,1.0,0.0,0.0,1.0,1.0,0.0,0.0,1.0,1.0,0.0,0.0,1.0,1.0,1.0,0.0,1.0,1.0,1.0,,2.0,1.0
oracle,oracle,0,ocdet,two_hole,clean,val,chain_r+chain_s,,49,1.0,0.0,0.0,1.0,1.0,0.0,0.0,1.0,1.0,0.0,0.0,1.0,1.0,1.0,0.0,1.0,1.0,1.0,,2.0,3.0
oracle,oracle,0,ocdet,two_hole,clean,val,chain_r+chain_s,,87,1.0,0.0,0.0,1.0,1.0,0.0,0.0,1.0,1.0,0.0,0.0,1.0,1.0,1.0,0.0,1.0,1.0,1.0,,2.0,4.0
oracle,oracle,0,ocdet,two_hole,clean,val,chain_r+chain_s,,50,1.0,0.0,0.0,1.0,1.0,0.0,0.0,1.0,1.0,0.0,0.0,1.0,1.0,1.0,0.0,1.0,1.0,1.0,,2.0,5.0
oracle,oracle,0,ocdet,two_hole,clean,val,chain_r+chain_s,,70,1.0,0.0,0.0,1.0,1.0,0.0,0.0,1.0,1.0,0.0,0.0,1.0,1.0,1.0,0.0,1.0,1.0,1.0,,2.0,6.0
oracle,oracle,0,ocdet,two_hole,clean,val,chain_r+chain_s,,67,1.0,0.0,0.0,1.0,1.0,0.0,0.0,1.0,1.0,0.0,0.0,1.0,1.0,1.0,0.0,1.0,1.0,1.0,,3.0,1.0
oracle,oracle,0,ocdet,two_hole,clean,val,chain_r+chain_s,,67,1.0,0.0,0.0,1.0,1.0,0.0,0.0,1.0,1.0,0.0,0.0,1.0,1.0,1.0,0.0,1.0,1.0,1.0,,3.0,2.0
oracle,oracle,0,ocdet,two_hole,clean,val,chain_r+chain_s,,57,1.0,0.0,0.0,1.0,1.0,0.0,0.0,1.0,1.0,0.0,0.0,1.0,1.0,1.0,0.0,1.0,1.0,1.0,,3.0,4.0
oracle,oracle,0,ocdet,two_hole,clean,val,chain_r+chain_s,,69,1.0,0.0,0.0,1.0,1.0,0.0,0.0,1.0,1.0,0.0,0.0,1.0,1.0,1.0,0.0,1.0,1.0,1.0,,3.0,5.0
oracle,oracle,0,ocdet,two_hole,clean,val,chain_r+chain_s,,71,1.0,0.0,0.0,1.0,1.0,0.0,0.0,1.0,1.0,0.0,0.0,1.0,1.0,1.0,0.0,1.0,1.0,1.0,,3.0,6.0
oracle,oracle,0,ocdet,two_hole,clean,val,chain_r+chain_s,,63,1.0,0.0,0.0,1.0,1.0,0.0,0.0,1.0,1.0,0.0,0.0,1.0,1.0,1.0,0.0,1.0,1.0,1.0,,4.0,1.0
oracle,oracle,0,ocdet,two_hole,clean,val,chain_r+chain_s,,78,1.0,0.0,0.0,1.0,1.0,0.0,0.0,1.0,1.0,0.0,0.0,1.0,1.0,1.0,0.0,1.0,1.0,1.0,,4.0,2.0
oracle,oracle,0,ocdet,two_hole,clean,val,chain_r+chain_s,,55,1.0,0.0,0.0,1.0,1.0,0.0,0.0,1.0,1.0,0.0,0.0,1.0,1.0,1.0,0.0,1.0,1.0,1.0,,4.0,3.0
oracle,oracle,0,ocdet,two_hole,clean,val,chain_r+chain_s,,60,1.0,0.0,0.0,1.0,1.0,0.0,0.0,1.0,1.0,0.0,0.0,1.0,1.0,1.0,0.0,1.0,1.0,1.0,,4.0,5.0
oracle,oracle,0,ocdet,two_hole,clean,val,chain_r+chain_s,,63,1.0,0.0,0.0,1.0,1.0,0.0,0.0,1.0,1.0,0.0,0.0,1.0,1.0,1.0,0.0,1.0,1.0,1.0,,4.0,6.0
oracle,oracle,0,ocdet,two_hole,clean,val,chain_r+chain_s,,82,1.0,0.0,0.0,1.0,1.0,0.0,0.0,1.0,1.0,0.0,0.0,1.0,1.0,1.0,0.0,1.0,1.0,1.0,,5.0,1.0
oracle,oracle,0,ocdet,two_hole,clean,val,chain_r+chain_s,,70,1.0,0.0,0.0,1.0,1.0,0.0,0.0,1.0,1.0,0.0,0.0,1.0,1.0,1.0,0.0,1.0,1.0,1.0,,5.0,2.0
oracle,oracle,0,ocdet,two_hole,clean,val,chain_r+chain_s,,74,1.0,0.0,0.0,1.0,1.0,0.0,0.0,1.0,1.0,0.0,0.0,1.0,1.0,1.0,0.0,1.0,1.0,1.0,,5.0,3.0
oracle,oracle,0,ocdet,two_hole,clean,val,chain_r+chain_s,,76,1.0,0.0,0.0,1.0,1.0,0.0,0.0,1.0,1.0,0.0,0.0,1.0,1.0,1.0,0.0,1.0,1.0,1.0,,5.0,4.0
oracle,oracle,0,ocdet,two_hole,clean,val,chain_r+chain_s,,62,1.0,0.0,0.0,1.0,1.0,0.0,0.0,1.0,1.0,0.0,0.0,1.0,1.0,1.0,0.0,1.0,1.0,1.0,,5.0,6.0
oracle,oracle,0,ocdet,two_hole,clean,val,chain_r+chain_s,,69,1.0,0.0,0.0,1.0,1.0,0.0,0.0,1.0,1.0,0.0,0.0,1.0,1.0,1.0,0.0,1.0,1.0,1.0,,6.0,1.0
oracle,oracle,0,ocdet,two_hole,clean,val,chain_r+chain_s,,73,1.0,0.0,0.0,1.0,1.0,0.0,0.0,1.0,1.0,0.0,0.0,1.0,1.0,1.0,0.0,1.0,1.0,1.0,,6.0,2.0
oracle,oracle,0,ocdet,two_hole,clean,val,chain_r+chain_s,,57,1.0,0.0,0.0,1.0,1.0,0.0,0.0,1.0,1.0,0.0,0.0,1.0,1.0,1.0,0.0,1.0,1.0,1.0,,6.0,3.0
oracle,oracle,0,ocdet,two_hole,clean,val,chain_r+chain_s,,78,1.0,0.0,0.0,1.0,1.0,0.0,0.0,1.0,1.0,0.0,0.0,1.0,1.0,1.0,0.0,1.0,1.0,1.0,,6.0,4.0
oracle,oracle,0,ocdet,two_hole,clean,val,chain_r+chain_s,,62,1.0,0.0,0.0,1.0,1.0,0.0,0.0,1.0,1.0,0.0,0.0,1.0,1.0,1.0,0.0,1.0,1.0,1.0,,6.0,5.0
oracle,oracle,0,ocdet,two_hole,clean,test,orientation,1.0,5099,1.0,0.0,0.0,1.0,1.0,0.0,0.0,1.0,1.0,0.0,0.0,1.0,1.0,1.0,0.0,1.0,1.0,1.0,,,
oracle,oracle,0,ocdet,two_hole,clean,test,orientation,2.0,4901,1.0,0.0,0.0,1.0,1.0,0.0,0.0,1.0,1.0,0.0,0.0,1.0,1.0,1.0,0.0,1.0,1.0,1.0,,,
oracle,oracle,0,ocdet,two_hole,clean,test,kappa_gap,,3399,1.0,0.0,0.0,1.0,1.0,0.0,0.0,1.0,1.0,0.0,0.0,1.0,1.0,1.0,0.0,1.0,1.0,1.0,1.0,,
oracle,oracle,0,ocdet,two_hole,clean,test,kappa_gap,,2701,1.0,0.0,0.0,1.0,1.0,0.0,0.0,1.0,1.0,0.0,0.0,1.0,1.0,1.0,0.0,1.0,1.0,1.0,2.0,,
oracle,oracle,0,ocdet,two_hole,clean,test,kappa_gap,,1974,1.0,0.0,0.0,1.0,1.0,0.0,0.0,1.0,1.0,0.0,0.0,1.0,1.0,1.0,0.0,1.0,1.0,1.0,3.0,,
oracle,oracle,0,ocdet,two_hole,clean,test,kappa_gap,,1310,1.0,0.0,0.0,1.0,1.0,0.0,0.0,1.0,1.0,0.0,0.0,1.0,1.0,1.0,0.0,1.0,1.0,1.0,4.0,,
oracle,oracle,0,ocdet,two_hole,clean,test,kappa_gap,,616,1.0,0.0,0.0,1.0,1.0,0.0,0.0,1.0,1.0,0.0,0.0,1.0,1.0,1.0,0.0,1.0,1.0,1.0,5.0,,
oracle,oracle,0,ocdet,two_hole,clean,test,chain_r+chain_s,,351,1.0,0.0,0.0,1.0,1.0,0.0,0.0,1.0,1.0,0.0,0.0,1.0,1.0,1.0,0.0,1.0,1.0,1.0,,1.0,2.0
oracle,oracle,0,ocdet,two_hole,clean,test,chain_r+chain_s,,337,1.0,0.0,0.0,1.0,1.0,0.0,0.0,1.0,1.0,0.0,0.0,1.0,1.0,1.0,0.0,1.0,1.0,1.0,,1.0,3.0
oracle,oracle,0,ocdet,two_hole,clean,test,chain_r+chain_s,,365,1.0,0.0,0.0,1.0,1.0,0.0,0.0,1.0,1.0,0.0,0.0,1.0,1.0,1.0,0.0,1.0,1.0,1.0,,1.0,4.0
oracle,oracle,0,ocdet,two_hole,clean,test,chain_r+chain_s,,329,1.0,0.0,0.0,1.0,1.0,0.0,0.0,1.0,1.0,0.0,0.0,1.0,1.0,1.0,0.0,1.0,1.0,1.0,,1.0,5.0
oracle,oracle,0,ocdet,two_hole,clean,test,chain_r+chain_s,,309,1.0,0.0,0.0,1.0,1.0,0.0,0.0,1.0,1.0,0.0,0.0,1.0,1.0,1.0,0.0,1.0,1.0,1.0,,1.0,6.0
oracle,oracle,0,ocdet,two_hole,clean,test,chain_r+chain_s,,362,1.0,0.0,0.0,1.0,1.0,0.0,0.0,1.0,1.0,0.0,0.0,1.0,1.0,1.0,0.0,1.0,1.0,1.0,,2.0,1.0
oracle,oracle,0,ocdet,two_hole,clean,test,chain_r+chain_s,,353,1.0,0.0,0.0,1.0,1.0,0.0,0.0,1.0,1.0,0.0,0.0,1.0,1.0,1.0,0.0,1.0,1.0,1.0,,2.0,3.0
oracle,oracle,0,ocdet,two_hole,clean,test,chain_r+chain_s,,363,1.0,0.0,0.0,1.0,1.0,0.0,0.0,1.0,1.0,0.0,0.0,1.0,1.0,1.0,0.0,1.0,1.0,1.0,,2.0,4.0
oracle,oracle,0,ocdet,two_hole,clean,test,chain_r+chain_s,,346,1.0,0.0,0.0,1.0,1.0,0.0,0.0,1.0,1.0,0.0,0.0,1.0,1.0,1.0,0.0,1.0,1.0,1.0,,2.0,5.0
oracle,oracle,0,ocdet,two_hole,clean,test,chain_r+chain_s,,341,1.0,0.0,0.0,1.0,1.0,0.0,0.0,1.0,1.0,0.0,0.0,1.0,1.0,1.0,0.0,1.0,1.0,1.0,,2.0,6.0
oracle,oracle,0,ocdet,two_hole,clean,test,chain_r+chain_s,,362,1.0,0.0,0.0,1.0,1.0,0.0,0.0,1.0,1.0,0.0,0.0,1.0,1.0,1.0,0.0,1.0,1.0,1.0,,3.0,1.0
oracle,oracle,0,ocdet,two_hole,clean,test,chain_r+chain_s,,319,1.0,0.0,0.0,1.0,1.0,0.0,0.0,1.0,1.0,0.0,0.0,1.0,1.0,1.0,0.0,1.0,1.0,1.0,,3.0,2.0
oracle,oracle,0,ocdet,two_hole,clean,test,chain_r+chain_s,,308,1.0,0.0,0.0,1.0,1.0,0.0,0.0,1.0,1.0,0.0,0.0,1.0,1.0,1.0,0.0,1.0,1.0,1.0,,3.0,4.0
oracle,oracle,0,ocdet,two_hole,clean,test,chain_r+chain_s,,316,1.0,0.0,0.0,1.0,1.0,0.0,0.0,1.0,1.0,0.0,0.0,1.0,1.0,1.0,0.0,1.0,1.0,1.0,,3.0,5.0
oracle,oracle,0,ocdet,two_hole,clean,test,chain_r+chain_s,,312,1.0,0.0,0.0,1.0,1.0,0.0,0.0,1.0,1.0,0.0,0.0,1.0,1.0,1.0,0.0,1.0,1.0,1.0,,3.0,6.0
oracle,oracle,0,ocdet,two_hole,clean,test,chain_r+chain_s,,319,1.0,0.0,0.0,1.0,1.0,0.0,0.0,1.0,1.0,0.0,0.0,1.0,1.0,1.0,0.0,1.0,1.0,1.0,,4.0,1.0
oracle,oracle,0,ocdet,two_hole,clean,test,chain_r+chain_s,,297,1.0,0.0,0.0,1.0,1.0,0.0,0.0,1.0,1.0,0.0,0.0,1.0,1.0,1.0,0.0,1.0,1.0,1.0,,4.0,2.0
oracle,oracle,0,ocdet,two_hole,clean,test,chain_r+chain_s,,352,1.0,0.0,0.0,1.0,1.0,0.0,0.0,1.0,1.0,0.0,0.0,1.0,1.0,1.0,0.0,1.0,1.0,1.0,,4.0,3.0
oracle,oracle,0,ocdet,two_hole,clean,test,chain_r+chain_s,,320,1.0,0.0,0.0,1.0,1.0,0.0,0.0,1.0,1.0,0.0,0.0,1.0,1.0,1.0,0.0,1.0,1.0,1.0,,4.0,5.0
oracle,oracle,0,ocdet,two_hole,clean,test,chain_r+chain_s,,348,1.0,0.0,0.0,1.0,1.0,0.0,0.0,1.0,1.0,0.0,0.0,1.0,1.0,1.0,0.0,1.0,1.0,1.0,,4.0,6.0
oracle,oracle,0,ocdet,two_hole,clean,test,chain_r+chain_s,,325,1.0,0.0,0.0,1.0,1.0,0.0,0.0,1.0,1.0,0.0,0.0,1.0,1.0,1.0,0.0,1.0,1.0,1.0,,5.0,1.0
oracle,oracle,0,ocdet,two_hole,clean,test,chain_r+chain_s,,362,1.0,0.0,0.0,1.0,1.0,0.0,0.0,1.0,1.0,0.0,0.0,1.0,1.0,1.0,0.0,1.0,1.0,1.0,,5.0,2.0
oracle,oracle,0,ocdet,two_hole,clean,test,chain_r+chain_s,,305,1.0,0.0,0.0,1.0,1.0,0.0,0.0,1.0,1.0,0.0,0.0,1.0,1.0,1.0,0.0,1.0,1.0,1.0,,5.0,3.0
oracle,oracle,0,ocdet,two_hole,clean,test,chain_r+chain_s,,334,1.0,0.0,0.0,1.0,1.0,0.0,0.0,1.0,1.0,0.0,0.0,1.0,1.0,1.0,0.0,1.0,1.0,1.0,,5.0,4.0
oracle,oracle,0,ocdet,two_hole,clean,test,chain_r+chain_s,,333,1.0,0.0,0.0,1.0,1.0,0.0,0.0,1.0,1.0,0.0,0.0,1.0,1.0,1.0,0.0,1.0,1.0,1.0,,5.0,6.0
oracle,oracle,0,ocdet,two_hole,clean,test,chain_r+chain_s,,322,1.0,0.0,0.0,1.0,1.0,0.0,0.0,1.0,1.0,0.0,0.0,1.0,1.0,1.0,0.0,1.0,1.0,1.0,,6.0,1.0
oracle,oracle,0,ocdet,two_hole,clean,test,chain_r+chain_s,,351,1.0,0.0,0.0,1.0,1.0,0.0,0.0,1.0,1.0,0.0,0.0,1.0,1.0,1.0,0.0,1.0,1.0,1.0,,6.0,2.0
oracle,oracle,0,ocdet,two_hole,clean,test,chain_r+chain_s,,327,1.0,0.0,0.0,1.0,1.0,0.0,0.0,1.0,1.0,0.0,0.0,1.0,1.0,1.0,0.0,1.0,1.0,1.0,,6.0,3.0
oracle,oracle,0,ocdet,two_hole,clean,test,chain_r+chain_s,,299,1.0,0.0,0.0,1.0,1.0,0.0,0.0,1.0,1.0,0.0,0.0,1.0,1.0,1.0,0.0,1.0,1.0,1.0,,6.0,4.0
oracle,oracle,0,ocdet,two_hole,clean,test,chain_r+chain_s,,333,1.0,0.0,0.0,1.0,1.0,0.0,0.0,1.0,1.0,0.0,0.0,1.0,1.0,1.0,0.0,1.0,1.0,1.0,,6.0,5.0
oracle,oracle,0,ocdet,two_hole,heldout,val,orientation,1.0,1030,1.0,0.0,0.0,1.0,1.0,0.0,0.0,1.0,1.0,0.0,0.0,1.0,1.0,1.0,0.0,1.0,1.0,1.0,,,
oracle,oracle,0,ocdet,two_hole,heldout,val,orientation,2.0,970,1.0,0.0,0.0,1.0,1.0,0.0,0.0,1.0,1.0,0.0,0.0,1.0,1.0,1.0,0.0,1.0,1.0,1.0,,,
oracle,oracle,0,ocdet,two_hole,heldout,val,kappa_gap,,613,1.0,0.0,0.0,1.0,1.0,0.0,0.0,1.0,1.0,0.0,0.0,1.0,1.0,1.0,0.0,1.0,1.0,1.0,1.0,,
oracle,oracle,0,ocdet,two_hole,heldout,val,kappa_gap,,557,1.0,0.0,0.0,1.0,1.0,0.0,0.0,1.0,1.0,0.0,0.0,1.0,1.0,1.0,0.0,1.0,1.0,1.0,2.0,,
oracle,oracle,0,ocdet,two_hole,heldout,val,kappa_gap,,432,1.0,0.0,0.0,1.0,1.0,0.0,0.0,1.0,1.0,0.0,0.0,1.0,1.0,1.0,0.0,1.0,1.0,1.0,3.0,,
oracle,oracle,0,ocdet,two_hole,heldout,val,kappa_gap,,251,1.0,0.0,0.0,1.0,1.0,0.0,0.0,1.0,1.0,0.0,0.0,1.0,1.0,1.0,0.0,1.0,1.0,1.0,4.0,,
oracle,oracle,0,ocdet,two_hole,heldout,val,kappa_gap,,147,1.0,0.0,0.0,1.0,1.0,0.0,0.0,1.0,1.0,0.0,0.0,1.0,1.0,1.0,0.0,1.0,1.0,1.0,5.0,,
oracle,oracle,0,ocdet,two_hole,heldout,val,chain_r+chain_s,,78,1.0,0.0,0.0,1.0,1.0,0.0,0.0,1.0,1.0,0.0,0.0,1.0,1.0,1.0,0.0,1.0,1.0,1.0,,1.0,2.0
oracle,oracle,0,ocdet,two_hole,heldout,val,chain_r+chain_s,,73,1.0,0.0,0.0,1.0,1.0,0.0,0.0,1.0,1.0,0.0,0.0,1.0,1.0,1.0,0.0,1.0,1.0,1.0,,1.0,3.0
oracle,oracle,0,ocdet,two_hole,heldout,val,chain_r+chain_s,,59,1.0,0.0,0.0,1.0,1.0,0.0,0.0,1.0,1.0,0.0,0.0,1.0,1.0,1.0,0.0,1.0,1.0,1.0,,1.0,4.0
oracle,oracle,0,ocdet,two_hole,heldout,val,chain_r+chain_s,,64,1.0,0.0,0.0,1.0,1.0,0.0,0.0,1.0,1.0,0.0,0.0,1.0,1.0,1.0,0.0,1.0,1.0,1.0,,1.0,5.0
oracle,oracle,0,ocdet,two_hole,heldout,val,chain_r+chain_s,,65,1.0,0.0,0.0,1.0,1.0,0.0,0.0,1.0,1.0,0.0,0.0,1.0,1.0,1.0,0.0,1.0,1.0,1.0,,1.0,6.0
oracle,oracle,0,ocdet,two_hole,heldout,val,chain_r+chain_s,,70,1.0,0.0,0.0,1.0,1.0,0.0,0.0,1.0,1.0,0.0,0.0,1.0,1.0,1.0,0.0,1.0,1.0,1.0,,2.0,1.0
oracle,oracle,0,ocdet,two_hole,heldout,val,chain_r+chain_s,,75,1.0,0.0,0.0,1.0,1.0,0.0,0.0,1.0,1.0,0.0,0.0,1.0,1.0,1.0,0.0,1.0,1.0,1.0,,2.0,3.0
oracle,oracle,0,ocdet,two_hole,heldout,val,chain_r+chain_s,,70,1.0,0.0,0.0,1.0,1.0,0.0,0.0,1.0,1.0,0.0,0.0,1.0,1.0,1.0,0.0,1.0,1.0,1.0,,2.0,4.0
oracle,oracle,0,ocdet,two_hole,heldout,val,chain_r+chain_s,,73,1.0,0.0,0.0,1.0,1.0,0.0,0.0,1.0,1.0,0.0,0.0,1.0,1.0,1.0,0.0,1.0,1.0,1.0,,2.0,5.0
oracle,oracle,0,ocdet,two_hole,heldout,val,chain_r+chain_s,,73,1.0,0.0,0.0,1.0,1.0,0.0,0.0,1.0,1.0,0.0,0.0,1.0,1.0,1.0,0.0,1.0,1.0,1.0,,2.0,6.0
oracle,oracle,0,ocdet,two_hole,heldout,val,chain_r+chain_s,,73,1.0,0.0,0.0,1.0,1.0,0.0,0.0,1.0,1.0,0.0,0.0,1.0,1.0,1.0,0.0,1.0,1.0,1.0,,3.0,1.0
oracle,oracle,0,ocdet,two_hole,heldout,val,chain_r+chain_s,,64,1.0,0.0,0.0,1.0,1.0,0.0,0.0,1.0,1.0,0.0,0.0,1.0,1.0,1.0,0.0,1.0,1.0,1.0,,3.0,2.0
oracle,oracle,0,ocdet,two_hole,heldout,val,chain_r+chain_s,,67,1.0,0.0,0.0,1.0,1.0,0.0,0.0,1.0,1.0,0.0,0.0,1.0,1.0,1.0,0.0,1.0,1.0,1.0,,3.0,4.0
oracle,oracle,0,ocdet,two_hole,heldout,val,chain_r+chain_s,,71,1.0,0.0,0.0,1.0,1.0,0.0,0.0,1.0,1.0,0.0,0.0,1.0,1.0,1.0,0.0,1.0,1.0,1.0,,3.0,5.0
oracle,oracle,0,ocdet,two_hole,heldout,val,chain_r+chain_s,,62,1.0,0.0,0.0,1.0,1.0,0.0,0.0,1.0,1.0,0.0,0.0,1.0,1.0,1.0,0.0,1.0,1.0,1.0,,3.0,6.0
oracle,oracle,0,ocdet,two_hole,heldout,val,chain_r+chain_s,,67,1.0,0.0,0.0,1.0,1.0,0.0,0.0,1.0,1.0,0.0,0.0,1.0,1.0,1.0,0.0,1.0,1.0,1.0,,4.0,1.0
oracle,oracle,0,ocdet,two_hole,heldout,val,chain_r+chain_s,,62,1.0,0.0,0.0,1.0,1.0,0.0,0.0,1.0,1.0,0.0,0.0,1.0,1.0,1.0,0.0,1.0,1.0,1.0,,4.0,2.0
oracle,oracle,0,ocdet,two_hole,heldout,val,chain_r+chain_s,,58,1.0,0.0,0.0,1.0,1.0,0.0,0.0,1.0,1.0,0.0,0.0,1.0,1.0,1.0,0.0,1.0,1.0,1.0,,4.0,3.0
oracle,oracle,0,ocdet,two_hole,heldout,val,chain_r+chain_s,,72,1.0,0.0,0.0,1.0,1.0,0.0,0.0,1.0,1.0,0.0,0.0,1.0,1.0,1.0,0.0,1.0,1.0,1.0,,4.0,5.0
oracle,oracle,0,ocdet,two_hole,heldout,val,chain_r+chain_s,,73,1.0,0.0,0.0,1.0,1.0,0.0,0.0,1.0,1.0,0.0,0.0,1.0,1.0,1.0,0.0,1.0,1.0,1.0,,4.0,6.0
oracle,oracle,0,ocdet,two_hole,heldout,val,chain_r+chain_s,,63,1.0,0.0,0.0,1.0,1.0,0.0,0.0,1.0,1.0,0.0,0.0,1.0,1.0,1.0,0.0,1.0,1.0,1.0,,5.0,1.0
oracle,oracle,0,ocdet,two_hole,heldout,val,chain_r+chain_s,,57,1.0,0.0,0.0,1.0,1.0,0.0,0.0,1.0,1.0,0.0,0.0,1.0,1.0,1.0,0.0,1.0,1.0,1.0,,5.0,2.0
oracle,oracle,0,ocdet,two_hole,heldout,val,chain_r+chain_s,,67,1.0,0.0,0.0,1.0,1.0,0.0,0.0,1.0,1.0,0.0,0.0,1.0,1.0,1.0,0.0,1.0,1.0,1.0,,5.0,3.0
oracle,oracle,0,ocdet,two_hole,heldout,val,chain_r+chain_s,,65,1.0,0.0,0.0,1.0,1.0,0.0,0.0,1.0,1.0,0.0,0.0,1.0,1.0,1.0,0.0,1.0,1.0,1.0,,5.0,4.0
oracle,oracle,0,ocdet,two_hole,heldout,val,chain_r+chain_s,,65,1.0,0.0,0.0,1.0,1.0,0.0,0.0,1.0,1.0,0.0,0.0,1.0,1.0,1.0,0.0,1.0,1.0,1.0,,5.0,6.0
oracle,oracle,0,ocdet,two_hole,heldout,val,chain_r+chain_s,,52,1.0,0.0,0.0,1.0,1.0,0.0,0.0,1.0,1.0,0.0,0.0,1.0,1.0,1.0,0.0,1.0,1.0,1.0,,6.0,1.0
oracle,oracle,0,ocdet,two_hole,heldout,val,chain_r+chain_s,,65,1.0,0.0,0.0,1.0,1.0,0.0,0.0,1.0,1.0,0.0,0.0,1.0,1.0,1.0,0.0,1.0,1.0,1.0,,6.0,2.0
oracle,oracle,0,ocdet,two_hole,heldout,val,chain_r+chain_s,,79,1.0,0.0,0.0,1.0,1.0,0.0,0.0,1.0,1.0,0.0,0.0,1.0,1.0,1.0,0.0,1.0,1.0,1.0,,6.0,3.0
oracle,oracle,0,ocdet,two_hole,heldout,val,chain_r+chain_s,,56,1.0,0.0,0.0,1.0,1.0,0.0,0.0,1.0,1.0,0.0,0.0,1.0,1.0,1.0,0.0,1.0,1.0,1.0,,6.0,4.0
oracle,oracle,0,ocdet,two_hole,heldout,val,chain_r+chain_s,,62,1.0,0.0,0.0,1.0,1.0,0.0,0.0,1.0,1.0,0.0,0.0,1.0,1.0,1.0,0.0,1.0,1.0,1.0,,6.0,5.0
oracle,oracle,0,ocdet,two_hole,heldout,test,orientation,1.0,5051,1.0,0.0,0.0,1.0,1.0,0.0,0.0,1.0,1.0,0.0,0.0,1.0,1.0,1.0,0.0,1.0,1.0,1.0,,,
oracle,oracle,0,ocdet,two_hole,heldout,test,orientation,2.0,4949,1.0,0.0,0.0,1.0,1.0,0.0,0.0,1.0,1.0,0.0,0.0,1.0,1.0,1.0,0.0,1.0,1.0,1.0,,,
oracle,oracle,0,ocdet,two_hole,heldout,test,kappa_gap,,3321,1.0,0.0,0.0,1.0,1.0,0.0,0.0,1.0,1.0,0.0,0.0,1.0,1.0,1.0,0.0,1.0,1.0,1.0,1.0,,
oracle,oracle,0,ocdet,two_hole,heldout,test,kappa_gap,,2689,1.0,0.0,0.0,1.0,1.0,0.0,0.0,1.0,1.0,0.0,0.0,1.0,1.0,1.0,0.0,1.0,1.0,1.0,2.0,,
oracle,oracle,0,ocdet,two_hole,heldout,test,kappa_gap,,2008,1.0,0.0,0.0,1.0,1.0,0.0,0.0,1.0,1.0,0.0,0.0,1.0,1.0,1.0,0.0,1.0,1.0,1.0,3.0,,
oracle,oracle,0,ocdet,two_hole,heldout,test,kappa_gap,,1313,1.0,0.0,0.0,1.0,1.0,0.0,0.0,1.0,1.0,0.0,0.0,1.0,1.0,1.0,0.0,1.0,1.0,1.0,4.0,,
oracle,oracle,0,ocdet,two_hole,heldout,test,kappa_gap,,669,1.0,0.0,0.0,1.0,1.0,0.0,0.0,1.0,1.0,0.0,0.0,1.0,1.0,1.0,0.0,1.0,1.0,1.0,5.0,,
oracle,oracle,0,ocdet,two_hole,heldout,test,chain_r+chain_s,,352,1.0,0.0,0.0,1.0,1.0,0.0,0.0,1.0,1.0,0.0,0.0,1.0,1.0,1.0,0.0,1.0,1.0,1.0,,1.0,2.0
oracle,oracle,0,ocdet,two_hole,heldout,test,chain_r+chain_s,,326,1.0,0.0,0.0,1.0,1.0,0.0,0.0,1.0,1.0,0.0,0.0,1.0,1.0,1.0,0.0,1.0,1.0,1.0,,1.0,3.0
oracle,oracle,0,ocdet,two_hole,heldout,test,chain_r+chain_s,,323,1.0,0.0,0.0,1.0,1.0,0.0,0.0,1.0,1.0,0.0,0.0,1.0,1.0,1.0,0.0,1.0,1.0,1.0,,1.0,4.0
oracle,oracle,0,ocdet,two_hole,heldout,test,chain_r+chain_s,,334,1.0,0.0,0.0,1.0,1.0,0.0,0.0,1.0,1.0,0.0,0.0,1.0,1.0,1.0,0.0,1.0,1.0,1.0,,1.0,5.0
oracle,oracle,0,ocdet,two_hole,heldout,test,chain_r+chain_s,,339,1.0,0.0,0.0,1.0,1.0,0.0,0.0,1.0,1.0,0.0,0.0,1.0,1.0,1.0,0.0,1.0,1.0,1.0,,1.0,6.0
oracle,oracle,0,ocdet,two_hole,heldout,test,chain_r+chain_s,,353,1.0,0.0,0.0,1.0,1.0,0.0,0.0,1.0,1.0,0.0,0.0,1.0,1.0,1.0,0.0,1.0,1.0,1.0,,2.0,1.0
oracle,oracle,0,ocdet,two_hole,heldout,test,chain_r+chain_s,,316,1.0,0.0,0.0,1.0,1.0,0.0,0.0,1.0,1.0,0.0,0.0,1.0,1.0,1.0,0.0,1.0,1.0,1.0,,2.0,3.0
oracle,oracle,0,ocdet,two_hole,heldout,test,chain_r+chain_s,,325,1.0,0.0,0.0,1.0,1.0,0.0,0.0,1.0,1.0,0.0,0.0,1.0,1.0,1.0,0.0,1.0,1.0,1.0,,2.0,4.0
oracle,oracle,0,ocdet,two_hole,heldout,test,chain_r+chain_s,,297,1.0,0.0,0.0,1.0,1.0,0.0,0.0,1.0,1.0,0.0,0.0,1.0,1.0,1.0,0.0,1.0,1.0,1.0,,2.0,5.0
oracle,oracle,0,ocdet,two_hole,heldout,test,chain_r+chain_s,,341,1.0,0.0,0.0,1.0,1.0,0.0,0.0,1.0,1.0,0.0,0.0,1.0,1.0,1.0,0.0,1.0,1.0,1.0,,2.0,6.0
oracle,oracle,0,ocdet,two_hole,heldout,test,chain_r+chain_s,,345,1.0,0.0,0.0,1.0,1.0,0.0,0.0,1.0,1.0,0.0,0.0,1.0,1.0,1.0,0.0,1.0,1.0,1.0,,3.0,1.0
oracle,oracle,0,ocdet,two_hole,heldout,test,chain_r+chain_s,,346,1.0,0.0,0.0,1.0,1.0,0.0,0.0,1.0,1.0,0.0,0.0,1.0,1.0,1.0,0.0,1.0,1.0,1.0,,3.0,2.0
oracle,oracle,0,ocdet,two_hole,heldout,test,chain_r+chain_s,,346,1.0,0.0,0.0,1.0,1.0,0.0,0.0,1.0,1.0,0.0,0.0,1.0,1.0,1.0,0.0,1.0,1.0,1.0,,3.0,4.0
oracle,oracle,0,ocdet,two_hole,heldout,test,chain_r+chain_s,,336,1.0,0.0,0.0,1.0,1.0,0.0,0.0,1.0,1.0,0.0,0.0,1.0,1.0,1.0,0.0,1.0,1.0,1.0,,3.0,5.0
oracle,oracle,0,ocdet,two_hole,heldout,test,chain_r+chain_s,,375,1.0,0.0,0.0,1.0,1.0,0.0,0.0,1.0,1.0,0.0,0.0,1.0,1.0,1.0,0.0,1.0,1.0,1.0,,3.0,6.0
oracle,oracle,0,ocdet,two_hole,heldout,test,chain_r+chain_s,,346,1.0,0.0,0.0,1.0,1.0,0.0,0.0,1.0,1.0,0.0,0.0,1.0,1.0,1.0,0.0,1.0,1.0,1.0,,4.0,1.0
oracle,oracle,0,ocdet,two_hole,heldout,test,chain_r+chain_s,,303,1.0,0.0,0.0,1.0,1.0,0.0,0.0,1.0,1.0,0.0,0.0,1.0,1.0,1.0,0.0,1.0,1.0,1.0,,4.0,2.0
oracle,oracle,0,ocdet,two_hole,heldout,test,chain_r+chain_s,,325,1.0,0.0,0.0,1.0,1.0,0.0,0.0,1.0,1.0,0.0,0.0,1.0,1.0,1.0,0.0,1.0,1.0,1.0,,4.0,3.0
oracle,oracle,0,ocdet,two_hole,heldout,test,chain_r+chain_s,,345,1.0,0.0,0.0,1.0,1.0,0.0,0.0,1.0,1.0,0.0,0.0,1.0,1.0,1.0,0.0,1.0,1.0,1.0,,4.0,5.0
oracle,oracle,0,ocdet,two_hole,heldout,test,chain_r+chain_s,,352,1.0,0.0,0.0,1.0,1.0,0.0,0.0,1.0,1.0,0.0,0.0,1.0,1.0,1.0,0.0,1.0,1.0,1.0,,4.0,6.0
oracle,oracle,0,ocdet,two_hole,heldout,test,chain_r+chain_s,,294,1.0,0.0,0.0,1.0,1.0,0.0,0.0,1.0,1.0,0.0,0.0,1.0,1.0,1.0,0.0,1.0,1.0,1.0,,5.0,1.0
oracle,oracle,0,ocdet,two_hole,heldout,test,chain_r+chain_s,,325,1.0,0.0,0.0,1.0,1.0,0.0,0.0,1.0,1.0,0.0,0.0,1.0,1.0,1.0,0.0,1.0,1.0,1.0,,5.0,2.0
oracle,oracle,0,ocdet,two_hole,heldout,test,chain_r+chain_s,,325,1.0,0.0,0.0,1.0,1.0,0.0,0.0,1.0,1.0,0.0,0.0,1.0,1.0,1.0,0.0,1.0,1.0,1.0,,5.0,3.0
oracle,oracle,0,ocdet,two_hole,heldout,test,chain_r+chain_s,,319,1.0,0.0,0.0,1.0,1.0,0.0,0.0,1.0,1.0,0.0,0.0,1.0,1.0,1.0,0.0,1.0,1.0,1.0,,5.0,4.0
oracle,oracle,0,ocdet,two_hole,heldout,test,chain_r+chain_s,,324,1.0,0.0,0.0,1.0,1.0,0.0,0.0,1.0,1.0,0.0,0.0,1.0,1.0,1.0,0.0,1.0,1.0,1.0,,5.0,6.0
oracle,oracle,0,ocdet,two_hole,heldout,test,chain_r+chain_s,,295,1.0,0.0,0.0,1.0,1.0,0.0,0.0,1.0,1.0,0.0,0.0,1.0,1.0,1.0,0.0,1.0,1.0,1.0,,6.0,1.0
oracle,oracle,0,ocdet,two_hole,heldout,test,chain_r+chain_s,,351,1.0,0.0,0.0,1.0,1.0,0.0,0.0,1.0,1.0,0.0,0.0,1.0,1.0,1.0,0.0,1.0,1.0,1.0,,6.0,2.0
oracle,oracle,0,ocdet,two_hole,heldout,test,chain_r+chain_s,,323,1.0,0.0,0.0,1.0,1.0,0.0,0.0,1.0,1.0,0.0,0.0,1.0,1.0,1.0,0.0,1.0,1.0,1.0,,6.0,3.0
oracle,oracle,0,ocdet,two_hole,heldout,test,chain_r+chain_s,,365,1.0,0.0,0.0,1.0,1.0,0.0,0.0,1.0,1.0,0.0,0.0,1.0,1.0,1.0,0.0,1.0,1.0,1.0,,6.0,4.0
oracle,oracle,0,ocdet,two_hole,heldout,test,chain_r+chain_s,,354,1.0,0.0,0.0,1.0,1.0,0.0,0.0,1.0,1.0,0.0,0.0,1.0,1.0,1.0,0.0,1.0,1.0,1.0,,6.0,5.0
oracle,oracle,0,ocnoisy,two_hole,clean,val,orientation,1.0,1052,1.0,0.0,0.0,1.0,1.0,0.0,0.0,1.0,1.0,0.0,0.0,1.0,1.0,1.0,0.0,1.0,1.0,1.0,,,
oracle,oracle,0,ocnoisy,two_hole,clean,val,orientation,2.0,948,1.0,0.0,0.0,1.0,1.0,0.0,0.0,1.0,1.0,0.0,0.0,1.0,1.0,1.0,0.0,1.0,1.0,1.0,,,
oracle,oracle,0,ocnoisy,two_hole,clean,val,kappa_gap,,673,1.0,0.0,0.0,1.0,1.0,0.0,0.0,1.0,1.0,0.0,0.0,1.0,1.0,1.0,0.0,1.0,1.0,1.0,1.0,,
oracle,oracle,0,ocnoisy,two_hole,clean,val,kappa_gap,,511,1.0,0.0,0.0,1.0,1.0,0.0,0.0,1.0,1.0,0.0,0.0,1.0,1.0,1.0,0.0,1.0,1.0,1.0,2.0,,
oracle,oracle,0,ocnoisy,two_hole,clean,val,kappa_gap,,418,1.0,0.0,0.0,1.0,1.0,0.0,0.0,1.0,1.0,0.0,0.0,1.0,1.0,1.0,0.0,1.0,1.0,1.0,3.0,,
oracle,oracle,0,ocnoisy,two_hole,clean,val,kappa_gap,,262,1.0,0.0,0.0,1.0,1.0,0.0,0.0,1.0,1.0,0.0,0.0,1.0,1.0,1.0,0.0,1.0,1.0,1.0,4.0,,
oracle,oracle,0,ocnoisy,two_hole,clean,val,kappa_gap,,136,1.0,0.0,0.0,1.0,1.0,0.0,0.0,1.0,1.0,0.0,0.0,1.0,1.0,1.0,0.0,1.0,1.0,1.0,5.0,,
oracle,oracle,0,ocnoisy,two_hole,clean,val,chain_r+chain_s,,53,1.0,0.0,0.0,1.0,1.0,0.0,0.0,1.0,1.0,0.0,0.0,1.0,1.0,1.0,0.0,1.0,1.0,1.0,,1.0,2.0
oracle,oracle,0,ocnoisy,two_hole,clean,val,chain_r+chain_s,,82,1.0,0.0,0.0,1.0,1.0,0.0,0.0,1.0,1.0,0.0,0.0,1.0,1.0,1.0,0.0,1.0,1.0,1.0,,1.0,3.0
oracle,oracle,0,ocnoisy,two_hole,clean,val,chain_r+chain_s,,58,1.0,0.0,0.0,1.0,1.0,0.0,0.0,1.0,1.0,0.0,0.0,1.0,1.0,1.0,0.0,1.0,1.0,1.0,,1.0,4.0
oracle,oracle,0,ocnoisy,two_hole,clean,val,chain_r+chain_s,,60,1.0,0.0,0.0,1.0,1.0,0.0,0.0,1.0,1.0,0.0,0.0,1.0,1.0,1.0,0.0,1.0,1.0,1.0,,1.0,5.0
oracle,oracle,0,ocnoisy,two_hole,clean,val,chain_r+chain_s,,71,1.0,0.0,0.0,1.0,1.0,0.0,0.0,1.0,1.0,0.0,0.0,1.0,1.0,1.0,0.0,1.0,1.0,1.0,,1.0,6.0
oracle,oracle,0,ocnoisy,two_hole,clean,val,chain_r+chain_s,,67,1.0,0.0,0.0,1.0,1.0,0.0,0.0,1.0,1.0,0.0,0.0,1.0,1.0,1.0,0.0,1.0,1.0,1.0,,2.0,1.0
oracle,oracle,0,ocnoisy,two_hole,clean,val,chain_r+chain_s,,49,1.0,0.0,0.0,1.0,1.0,0.0,0.0,1.0,1.0,0.0,0.0,1.0,1.0,1.0,0.0,1.0,1.0,1.0,,2.0,3.0
oracle,oracle,0,ocnoisy,two_hole,clean,val,chain_r+chain_s,,87,1.0,0.0,0.0,1.0,1.0,0.0,0.0,1.0,1.0,0.0,0.0,1.0,1.0,1.0,0.0,1.0,1.0,1.0,,2.0,4.0
oracle,oracle,0,ocnoisy,two_hole,clean,val,chain_r+chain_s,,50,1.0,0.0,0.0,1.0,1.0,0.0,0.0,1.0,1.0,0.0,0.0,1.0,1.0,1.0,0.0,1.0,1.0,1.0,,2.0,5.0
oracle,oracle,0,ocnoisy,two_hole,clean,val,chain_r+chain_s,,70,1.0,0.0,0.0,1.0,1.0,0.0,0.0,1.0,1.0,0.0,0.0,1.0,1.0,1.0,0.0,1.0,1.0,1.0,,2.0,6.0
oracle,oracle,0,ocnoisy,two_hole,clean,val,chain_r+chain_s,,67,1.0,0.0,0.0,1.0,1.0,0.0,0.0,1.0,1.0,0.0,0.0,1.0,1.0,1.0,0.0,1.0,1.0,1.0,,3.0,1.0
oracle,oracle,0,ocnoisy,two_hole,clean,val,chain_r+chain_s,,67,1.0,0.0,0.0,1.0,1.0,0.0,0.0,1.0,1.0,0.0,0.0,1.0,1.0,1.0,0.0,1.0,1.0,1.0,,3.0,2.0
oracle,oracle,0,ocnoisy,two_hole,clean,val,chain_r+chain_s,,57,1.0,0.0,0.0,1.0,1.0,0.0,0.0,1.0,1.0,0.0,0.0,1.0,1.0,1.0,0.0,1.0,1.0,1.0,,3.0,4.0
oracle,oracle,0,ocnoisy,two_hole,clean,val,chain_r+chain_s,,69,1.0,0.0,0.0,1.0,1.0,0.0,0.0,1.0,1.0,0.0,0.0,1.0,1.0,1.0,0.0,1.0,1.0,1.0,,3.0,5.0
oracle,oracle,0,ocnoisy,two_hole,clean,val,chain_r+chain_s,,71,1.0,0.0,0.0,1.0,1.0,0.0,0.0,1.0,1.0,0.0,0.0,1.0,1.0,1.0,0.0,1.0,1.0,1.0,,3.0,6.0
oracle,oracle,0,ocnoisy,two_hole,clean,val,chain_r+chain_s,,63,1.0,0.0,0.0,1.0,1.0,0.0,0.0,1.0,1.0,0.0,0.0,1.0,1.0,1.0,0.0,1.0,1.0,1.0,,4.0,1.0
oracle,oracle,0,ocnoisy,two_hole,clean,val,chain_r+chain_s,,78,1.0,0.0,0.0,1.0,1.0,0.0,0.0,1.0,1.0,0.0,0.0,1.0,1.0,1.0,0.0,1.0,1.0,1.0,,4.0,2.0
oracle,oracle,0,ocnoisy,two_hole,clean,val,chain_r+chain_s,,55,1.0,0.0,0.0,1.0,1.0,0.0,0.0,1.0,1.0,0.0,0.0,1.0,1.0,1.0,0.0,1.0,1.0,1.0,,4.0,3.0
oracle,oracle,0,ocnoisy,two_hole,clean,val,chain_r+chain_s,,60,1.0,0.0,0.0,1.0,1.0,0.0,0.0,1.0,1.0,0.0,0.0,1.0,1.0,1.0,0.0,1.0,1.0,1.0,,4.0,5.0
oracle,oracle,0,ocnoisy,two_hole,clean,val,chain_r+chain_s,,63,1.0,0.0,0.0,1.0,1.0,0.0,0.0,1.0,1.0,0.0,0.0,1.0,1.0,1.0,0.0,1.0,1.0,1.0,,4.0,6.0
oracle,oracle,0,ocnoisy,two_hole,clean,val,chain_r+chain_s,,82,1.0,0.0,0.0,1.0,1.0,0.0,0.0,1.0,1.0,0.0,0.0,1.0,1.0,1.0,0.0,1.0,1.0,1.0,,5.0,1.0
oracle,oracle,0,ocnoisy,two_hole,clean,val,chain_r+chain_s,,70,1.0,0.0,0.0,1.0,1.0,0.0,0.0,1.0,1.0,0.0,0.0,1.0,1.0,1.0,0.0,1.0,1.0,1.0,,5.0,2.0
oracle,oracle,0,ocnoisy,two_hole,clean,val,chain_r+chain_s,,74,1.0,0.0,0.0,1.0,1.0,0.0,0.0,1.0,1.0,0.0,0.0,1.0,1.0,1.0,0.0,1.0,1.0,1.0,,5.0,3.0
oracle,oracle,0,ocnoisy,two_hole,clean,val,chain_r+chain_s,,76,1.0,0.0,0.0,1.0,1.0,0.0,0.0,1.0,1.0,0.0,0.0,1.0,1.0,1.0,0.0,1.0,1.0,1.0,,5.0,4.0
oracle,oracle,0,ocnoisy,two_hole,clean,val,chain_r+chain_s,,62,1.0,0.0,0.0,1.0,1.0,0.0,0.0,1.0,1.0,0.0,0.0,1.0,1.0,1.0,0.0,1.0,1.0,1.0,,5.0,6.0
oracle,oracle,0,ocnoisy,two_hole,clean,val,chain_r+chain_s,,69,1.0,0.0,0.0,1.0,1.0,0.0,0.0,1.0,1.0,0.0,0.0,1.0,1.0,1.0,0.0,1.0,1.0,1.0,,6.0,1.0
oracle,oracle,0,ocnoisy,two_hole,clean,val,chain_r+chain_s,,73,1.0,0.0,0.0,1.0,1.0,0.0,0.0,1.0,1.0,0.0,0.0,1.0,1.0,1.0,0.0,1.0,1.0,1.0,,6.0,2.0
oracle,oracle,0,ocnoisy,two_hole,clean,val,chain_r+chain_s,,57,1.0,0.0,0.0,1.0,1.0,0.0,0.0,1.0,1.0,0.0,0.0,1.0,1.0,1.0,0.0,1.0,1.0,1.0,,6.0,3.0
oracle,oracle,0,ocnoisy,two_hole,clean,val,chain_r+chain_s,,78,1.0,0.0,0.0,1.0,1.0,0.0,0.0,1.0,1.0,0.0,0.0,1.0,1.0,1.0,0.0,1.0,1.0,1.0,,6.0,4.0
oracle,oracle,0,ocnoisy,two_hole,clean,val,chain_r+chain_s,,62,1.0,0.0,0.0,1.0,1.0,0.0,0.0,1.0,1.0,0.0,0.0,1.0,1.0,1.0,0.0,1.0,1.0,1.0,,6.0,5.0
oracle,oracle,0,ocnoisy,two_hole,clean,test,orientation,1.0,5099,1.0,0.0,0.0,1.0,1.0,0.0,0.0,1.0,1.0,0.0,0.0,1.0,1.0,1.0,0.0,1.0,1.0,1.0,,,
oracle,oracle,0,ocnoisy,two_hole,clean,test,orientation,2.0,4901,1.0,0.0,0.0,1.0,1.0,0.0,0.0,1.0,1.0,0.0,0.0,1.0,1.0,1.0,0.0,1.0,1.0,1.0,,,
oracle,oracle,0,ocnoisy,two_hole,clean,test,kappa_gap,,3399,1.0,0.0,0.0,1.0,1.0,0.0,0.0,1.0,1.0,0.0,0.0,1.0,1.0,1.0,0.0,1.0,1.0,1.0,1.0,,
oracle,oracle,0,ocnoisy,two_hole,clean,test,kappa_gap,,2701,1.0,0.0,0.0,1.0,1.0,0.0,0.0,1.0,1.0,0.0,0.0,1.0,1.0,1.0,0.0,1.0,1.0,1.0,2.0,,
oracle,oracle,0,ocnoisy,two_hole,clean,test,kappa_gap,,1974,1.0,0.0,0.0,1.0,1.0,0.0,0.0,1.0,1.0,0.0,0.0,1.0,1.0,1.0,0.0,1.0,1.0,1.0,3.0,,
oracle,oracle,0,ocnoisy,two_hole,clean,test,kappa_gap,,1310,1.0,0.0,0.0,1.0,1.0,0.0,0.0,1.0,1.0,0.0,0.0,1.0,1.0,1.0,0.0,1.0,1.0,1.0,4.0,,
oracle,oracle,0,ocnoisy,two_hole,clean,test,kappa_gap,,616,1.0,0.0,0.0,1.0,1.0,0.0,0.0,1.0,1.0,0.0,0.0,1.0,1.0,1.0,0.0,1.0,1.0,1.0,5.0,,
oracle,oracle,0,ocnoisy,two_hole,clean,test,chain_r+chain_s,,351,1.0,0.0,0.0,1.0,1.0,0.0,0.0,1.0,1.0,0.0,0.0,1.0,1.0,1.0,0.0,1.0,1.0,1.0,,1.0,2.0
oracle,oracle,0,ocnoisy,two_hole,clean,test,chain_r+chain_s,,337,1.0,0.0,0.0,1.0,1.0,0.0,0.0,1.0,1.0,0.0,0.0,1.0,1.0,1.0,0.0,1.0,1.0,1.0,,1.0,3.0
oracle,oracle,0,ocnoisy,two_hole,clean,test,chain_r+chain_s,,365,1.0,0.0,0.0,1.0,1.0,0.0,0.0,1.0,1.0,0.0,0.0,1.0,1.0,1.0,0.0,1.0,1.0,1.0,,1.0,4.0
oracle,oracle,0,ocnoisy,two_hole,clean,test,chain_r+chain_s,,329,1.0,0.0,0.0,1.0,1.0,0.0,0.0,1.0,1.0,0.0,0.0,1.0,1.0,1.0,0.0,1.0,1.0,1.0,,1.0,5.0
oracle,oracle,0,ocnoisy,two_hole,clean,test,chain_r+chain_s,,309,1.0,0.0,0.0,1.0,1.0,0.0,0.0,1.0,1.0,0.0,0.0,1.0,1.0,1.0,0.0,1.0,1.0,1.0,,1.0,6.0
oracle,oracle,0,ocnoisy,two_hole,clean,test,chain_r+chain_s,,362,1.0,0.0,0.0,1.0,1.0,0.0,0.0,1.0,1.0,0.0,0.0,1.0,1.0,1.0,0.0,1.0,1.0,1.0,,2.0,1.0
oracle,oracle,0,ocnoisy,two_hole,clean,test,chain_r+chain_s,,353,1.0,0.0,0.0,1.0,1.0,0.0,0.0,1.0,1.0,0.0,0.0,1.0,1.0,1.0,0.0,1.0,1.0,1.0,,2.0,3.0
oracle,oracle,0,ocnoisy,two_hole,clean,test,chain_r+chain_s,,363,1.0,0.0,0.0,1.0,1.0,0.0,0.0,1.0,1.0,0.0,0.0,1.0,1.0,1.0,0.0,1.0,1.0,1.0,,2.0,4.0
oracle,oracle,0,ocnoisy,two_hole,clean,test,chain_r+chain_s,,346,1.0,0.0,0.0,1.0,1.0,0.0,0.0,1.0,1.0,0.0,0.0,1.0,1.0,1.0,0.0,1.0,1.0,1.0,,2.0,5.0
oracle,oracle,0,ocnoisy,two_hole,clean,test,chain_r+chain_s,,341,1.0,0.0,0.0,1.0,1.0,0.0,0.0,1.0,1.0,0.0,0.0,1.0,1.0,1.0,0.0,1.0,1.0,1.0,,2.0,6.0
oracle,oracle,0,ocnoisy,two_hole,clean,test,chain_r+chain_s,,362,1.0,0.0,0.0,1.0,1.0,0.0,0.0,1.0,1.0,0.0,0.0,1.0,1.0,1.0,0.0,1.0,1.0,1.0,,3.0,1.0
oracle,oracle,0,ocnoisy,two_hole,clean,test,chain_r+chain_s,,319,1.0,0.0,0.0,1.0,1.0,0.0,0.0,1.0,1.0,0.0,0.0,1.0,1.0,1.0,0.0,1.0,1.0,1.0,,3.0,2.0
oracle,oracle,0,ocnoisy,two_hole,clean,test,chain_r+chain_s,,308,1.0,0.0,0.0,1.0,1.0,0.0,0.0,1.0,1.0,0.0,0.0,1.0,1.0,1.0,0.0,1.0,1.0,1.0,,3.0,4.0
oracle,oracle,0,ocnoisy,two_hole,clean,test,chain_r+chain_s,,316,1.0,0.0,0.0,1.0,1.0,0.0,0.0,1.0,1.0,0.0,0.0,1.0,1.0,1.0,0.0,1.0,1.0,1.0,,3.0,5.0
oracle,oracle,0,ocnoisy,two_hole,clean,test,chain_r+chain_s,,312,1.0,0.0,0.0,1.0,1.0,0.0,0.0,1.0,1.0,0.0,0.0,1.0,1.0,1.0,0.0,1.0,1.0,1.0,,3.0,6.0
oracle,oracle,0,ocnoisy,two_hole,clean,test,chain_r+chain_s,,319,1.0,0.0,0.0,1.0,1.0,0.0,0.0,1.0,1.0,0.0,0.0,1.0,1.0,1.0,0.0,1.0,1.0,1.0,,4.0,1.0
oracle,oracle,0,ocnoisy,two_hole,clean,test,chain_r+chain_s,,297,1.0,0.0,0.0,1.0,1.0,0.0,0.0,1.0,1.0,0.0,0.0,1.0,1.0,1.0,0.0,1.0,1.0,1.0,,4.0,2.0
oracle,oracle,0,ocnoisy,two_hole,clean,test,chain_r+chain_s,,352,1.0,0.0,0.0,1.0,1.0,0.0,0.0,1.0,1.0,0.0,0.0,1.0,1.0,1.0,0.0,1.0,1.0,1.0,,4.0,3.0
oracle,oracle,0,ocnoisy,two_hole,clean,test,chain_r+chain_s,,320,1.0,0.0,0.0,1.0,1.0,0.0,0.0,1.0,1.0,0.0,0.0,1.0,1.0,1.0,0.0,1.0,1.0,1.0,,4.0,5.0
oracle,oracle,0,ocnoisy,two_hole,clean,test,chain_r+chain_s,,348,1.0,0.0,0.0,1.0,1.0,0.0,0.0,1.0,1.0,0.0,0.0,1.0,1.0,1.0,0.0,1.0,1.0,1.0,,4.0,6.0
oracle,oracle,0,ocnoisy,two_hole,clean,test,chain_r+chain_s,,325,1.0,0.0,0.0,1.0,1.0,0.0,0.0,1.0,1.0,0.0,0.0,1.0,1.0,1.0,0.0,1.0,1.0,1.0,,5.0,1.0
oracle,oracle,0,ocnoisy,two_hole,clean,test,chain_r+chain_s,,362,1.0,0.0,0.0,1.0,1.0,0.0,0.0,1.0,1.0,0.0,0.0,1.0,1.0,1.0,0.0,1.0,1.0,1.0,,5.0,2.0
oracle,oracle,0,ocnoisy,two_hole,clean,test,chain_r+chain_s,,305,1.0,0.0,0.0,1.0,1.0,0.0,0.0,1.0,1.0,0.0,0.0,1.0,1.0,1.0,0.0,1.0,1.0,1.0,,5.0,3.0
oracle,oracle,0,ocnoisy,two_hole,clean,test,chain_r+chain_s,,334,1.0,0.0,0.0,1.0,1.0,0.0,0.0,1.0,1.0,0.0,0.0,1.0,1.0,1.0,0.0,1.0,1.0,1.0,,5.0,4.0
oracle,oracle,0,ocnoisy,two_hole,clean,test,chain_r+chain_s,,333,1.0,0.0,0.0,1.0,1.0,0.0,0.0,1.0,1.0,0.0,0.0,1.0,1.0,1.0,0.0,1.0,1.0,1.0,,5.0,6.0
oracle,oracle,0,ocnoisy,two_hole,clean,test,chain_r+chain_s,,322,1.0,0.0,0.0,1.0,1.0,0.0,0.0,1.0,1.0,0.0,0.0,1.0,1.0,1.0,0.0,1.0,1.0,1.0,,6.0,1.0
oracle,oracle,0,ocnoisy,two_hole,clean,test,chain_r+chain_s,,351,1.0,0.0,0.0,1.0,1.0,0.0,0.0,1.0,1.0,0.0,0.0,1.0,1.0,1.0,0.0,1.0,1.0,1.0,,6.0,2.0
oracle,oracle,0,ocnoisy,two_hole,clean,test,chain_r+chain_s,,327,1.0,0.0,0.0,1.0,1.0,0.0,0.0,1.0,1.0,0.0,0.0,1.0,1.0,1.0,0.0,1.0,1.0,1.0,,6.0,3.0
oracle,oracle,0,ocnoisy,two_hole,clean,test,chain_r+chain_s,,299,1.0,0.0,0.0,1.0,1.0,0.0,0.0,1.0,1.0,0.0,0.0,1.0,1.0,1.0,0.0,1.0,1.0,1.0,,6.0,4.0
oracle,oracle,0,ocnoisy,two_hole,clean,test,chain_r+chain_s,,333,1.0,0.0,0.0,1.0,1.0,0.0,0.0,1.0,1.0,0.0,0.0,1.0,1.0,1.0,0.0,1.0,1.0,1.0,,6.0,5.0
oracle,oracle,0,ocnoisy,two_hole,heldout,val,orientation,1.0,1030,1.0,0.0,0.0,1.0,1.0,0.0,0.0,1.0,1.0,0.0,0.0,1.0,1.0,1.0,0.0,1.0,1.0,1.0,,,
oracle,oracle,0,ocnoisy,two_hole,heldout,val,orientation,2.0,970,1.0,0.0,0.0,1.0,1.0,0.0,0.0,1.0,1.0,0.0,0.0,1.0,1.0,1.0,0.0,1.0,1.0,1.0,,,
oracle,oracle,0,ocnoisy,two_hole,heldout,val,kappa_gap,,613,1.0,0.0,0.0,1.0,1.0,0.0,0.0,1.0,1.0,0.0,0.0,1.0,1.0,1.0,0.0,1.0,1.0,1.0,1.0,,
oracle,oracle,0,ocnoisy,two_hole,heldout,val,kappa_gap,,557,1.0,0.0,0.0,1.0,1.0,0.0,0.0,1.0,1.0,0.0,0.0,1.0,1.0,1.0,0.0,1.0,1.0,1.0,2.0,,
oracle,oracle,0,ocnoisy,two_hole,heldout,val,kappa_gap,,432,1.0,0.0,0.0,1.0,1.0,0.0,0.0,1.0,1.0,0.0,0.0,1.0,1.0,1.0,0.0,1.0,1.0,1.0,3.0,,
oracle,oracle,0,ocnoisy,two_hole,heldout,val,kappa_gap,,251,1.0,0.0,0.0,1.0,1.0,0.0,0.0,1.0,1.0,0.0,0.0,1.0,1.0,1.0,0.0,1.0,1.0,1.0,4.0,,
oracle,oracle,0,ocnoisy,two_hole,heldout,val,kappa_gap,,147,1.0,0.0,0.0,1.0,1.0,0.0,0.0,1.0,1.0,0.0,0.0,1.0,1.0,1.0,0.0,1.0,1.0,1.0,5.0,,
oracle,oracle,0,ocnoisy,two_hole,heldout,val,chain_r+chain_s,,78,1.0,0.0,0.0,1.0,1.0,0.0,0.0,1.0,1.0,0.0,0.0,1.0,1.0,1.0,0.0,1.0,1.0,1.0,,1.0,2.0
oracle,oracle,0,ocnoisy,two_hole,heldout,val,chain_r+chain_s,,73,1.0,0.0,0.0,1.0,1.0,0.0,0.0,1.0,1.0,0.0,0.0,1.0,1.0,1.0,0.0,1.0,1.0,1.0,,1.0,3.0
oracle,oracle,0,ocnoisy,two_hole,heldout,val,chain_r+chain_s,,59,1.0,0.0,0.0,1.0,1.0,0.0,0.0,1.0,1.0,0.0,0.0,1.0,1.0,1.0,0.0,1.0,1.0,1.0,,1.0,4.0
oracle,oracle,0,ocnoisy,two_hole,heldout,val,chain_r+chain_s,,64,1.0,0.0,0.0,1.0,1.0,0.0,0.0,1.0,1.0,0.0,0.0,1.0,1.0,1.0,0.0,1.0,1.0,1.0,,1.0,5.0
oracle,oracle,0,ocnoisy,two_hole,heldout,val,chain_r+chain_s,,65,1.0,0.0,0.0,1.0,1.0,0.0,0.0,1.0,1.0,0.0,0.0,1.0,1.0,1.0,0.0,1.0,1.0,1.0,,1.0,6.0
oracle,oracle,0,ocnoisy,two_hole,heldout,val,chain_r+chain_s,,70,1.0,0.0,0.0,1.0,1.0,0.0,0.0,1.0,1.0,0.0,0.0,1.0,1.0,1.0,0.0,1.0,1.0,1.0,,2.0,1.0
oracle,oracle,0,ocnoisy,two_hole,heldout,val,chain_r+chain_s,,75,1.0,0.0,0.0,1.0,1.0,0.0,0.0,1.0,1.0,0.0,0.0,1.0,1.0,1.0,0.0,1.0,1.0,1.0,,2.0,3.0
oracle,oracle,0,ocnoisy,two_hole,heldout,val,chain_r+chain_s,,70,1.0,0.0,0.0,1.0,1.0,0.0,0.0,1.0,1.0,0.0,0.0,1.0,1.0,1.0,0.0,1.0,1.0,1.0,,2.0,4.0
oracle,oracle,0,ocnoisy,two_hole,heldout,val,chain_r+chain_s,,73,1.0,0.0,0.0,1.0,1.0,0.0,0.0,1.0,1.0,0.0,0.0,1.0,1.0,1.0,0.0,1.0,1.0,1.0,,2.0,5.0
oracle,oracle,0,ocnoisy,two_hole,heldout,val,chain_r+chain_s,,73,1.0,0.0,0.0,1.0,1.0,0.0,0.0,1.0,1.0,0.0,0.0,1.0,1.0,1.0,0.0,1.0,1.0,1.0,,2.0,6.0
oracle,oracle,0,ocnoisy,two_hole,heldout,val,chain_r+chain_s,,73,1.0,0.0,0.0,1.0,1.0,0.0,0.0,1.0,1.0,0.0,0.0,1.0,1.0,1.0,0.0,1.0,1.0,1.0,,3.0,1.0
oracle,oracle,0,ocnoisy,two_hole,heldout,val,chain_r+chain_s,,64,1.0,0.0,0.0,1.0,1.0,0.0,0.0,1.0,1.0,0.0,0.0,1.0,1.0,1.0,0.0,1.0,1.0,1.0,,3.0,2.0
oracle,oracle,0,ocnoisy,two_hole,heldout,val,chain_r+chain_s,,67,1.0,0.0,0.0,1.0,1.0,0.0,0.0,1.0,1.0,0.0,0.0,1.0,1.0,1.0,0.0,1.0,1.0,1.0,,3.0,4.0
oracle,oracle,0,ocnoisy,two_hole,heldout,val,chain_r+chain_s,,71,1.0,0.0,0.0,1.0,1.0,0.0,0.0,1.0,1.0,0.0,0.0,1.0,1.0,1.0,0.0,1.0,1.0,1.0,,3.0,5.0
oracle,oracle,0,ocnoisy,two_hole,heldout,val,chain_r+chain_s,,62,1.0,0.0,0.0,1.0,1.0,0.0,0.0,1.0,1.0,0.0,0.0,1.0,1.0,1.0,0.0,1.0,1.0,1.0,,3.0,6.0
oracle,oracle,0,ocnoisy,two_hole,heldout,val,chain_r+chain_s,,67,1.0,0.0,0.0,1.0,1.0,0.0,0.0,1.0,1.0,0.0,0.0,1.0,1.0,1.0,0.0,1.0,1.0,1.0,,4.0,1.0
oracle,oracle,0,ocnoisy,two_hole,heldout,val,chain_r+chain_s,,62,1.0,0.0,0.0,1.0,1.0,0.0,0.0,1.0,1.0,0.0,0.0,1.0,1.0,1.0,0.0,1.0,1.0,1.0,,4.0,2.0
oracle,oracle,0,ocnoisy,two_hole,heldout,val,chain_r+chain_s,,58,1.0,0.0,0.0,1.0,1.0,0.0,0.0,1.0,1.0,0.0,0.0,1.0,1.0,1.0,0.0,1.0,1.0,1.0,,4.0,3.0
oracle,oracle,0,ocnoisy,two_hole,heldout,val,chain_r+chain_s,,72,1.0,0.0,0.0,1.0,1.0,0.0,0.0,1.0,1.0,0.0,0.0,1.0,1.0,1.0,0.0,1.0,1.0,1.0,,4.0,5.0
oracle,oracle,0,ocnoisy,two_hole,heldout,val,chain_r+chain_s,,73,1.0,0.0,0.0,1.0,1.0,0.0,0.0,1.0,1.0,0.0,0.0,1.0,1.0,1.0,0.0,1.0,1.0,1.0,,4.0,6.0
oracle,oracle,0,ocnoisy,two_hole,heldout,val,chain_r+chain_s,,63,1.0,0.0,0.0,1.0,1.0,0.0,0.0,1.0,1.0,0.0,0.0,1.0,1.0,1.0,0.0,1.0,1.0,1.0,,5.0,1.0
oracle,oracle,0,ocnoisy,two_hole,heldout,val,chain_r+chain_s,,57,1.0,0.0,0.0,1.0,1.0,0.0,0.0,1.0,1.0,0.0,0.0,1.0,1.0,1.0,0.0,1.0,1.0,1.0,,5.0,2.0
oracle,oracle,0,ocnoisy,two_hole,heldout,val,chain_r+chain_s,,67,1.0,0.0,0.0,1.0,1.0,0.0,0.0,1.0,1.0,0.0,0.0,1.0,1.0,1.0,0.0,1.0,1.0,1.0,,5.0,3.0
oracle,oracle,0,ocnoisy,two_hole,heldout,val,chain_r+chain_s,,65,1.0,0.0,0.0,1.0,1.0,0.0,0.0,1.0,1.0,0.0,0.0,1.0,1.0,1.0,0.0,1.0,1.0,1.0,,5.0,4.0
oracle,oracle,0,ocnoisy,two_hole,heldout,val,chain_r+chain_s,,65,1.0,0.0,0.0,1.0,1.0,0.0,0.0,1.0,1.0,0.0,0.0,1.0,1.0,1.0,0.0,1.0,1.0,1.0,,5.0,6.0
oracle,oracle,0,ocnoisy,two_hole,heldout,val,chain_r+chain_s,,52,1.0,0.0,0.0,1.0,1.0,0.0,0.0,1.0,1.0,0.0,0.0,1.0,1.0,1.0,0.0,1.0,1.0,1.0,,6.0,1.0
oracle,oracle,0,ocnoisy,two_hole,heldout,val,chain_r+chain_s,,65,1.0,0.0,0.0,1.0,1.0,0.0,0.0,1.0,1.0,0.0,0.0,1.0,1.0,1.0,0.0,1.0,1.0,1.0,,6.0,2.0
oracle,oracle,0,ocnoisy,two_hole,heldout,val,chain_r+chain_s,,79,1.0,0.0,0.0,1.0,1.0,0.0,0.0,1.0,1.0,0.0,0.0,1.0,1.0,1.0,0.0,1.0,1.0,1.0,,6.0,3.0
oracle,oracle,0,ocnoisy,two_hole,heldout,val,chain_r+chain_s,,56,1.0,0.0,0.0,1.0,1.0,0.0,0.0,1.0,1.0,0.0,0.0,1.0,1.0,1.0,0.0,1.0,1.0,1.0,,6.0,4.0
oracle,oracle,0,ocnoisy,two_hole,heldout,val,chain_r+chain_s,,62,1.0,0.0,0.0,1.0,1.0,0.0,0.0,1.0,1.0,0.0,0.0,1.0,1.0,1.0,0.0,1.0,1.0,1.0,,6.0,5.0
oracle,oracle,0,ocnoisy,two_hole,heldout,test,orientation,1.0,5051,1.0,0.0,0.0,1.0,1.0,0.0,0.0,1.0,1.0,0.0,0.0,1.0,1.0,1.0,0.0,1.0,1.0,1.0,,,
oracle,oracle,0,ocnoisy,two_hole,heldout,test,orientation,2.0,4949,1.0,0.0,0.0,1.0,1.0,0.0,0.0,1.0,1.0,0.0,0.0,1.0,1.0,1.0,0.0,1.0,1.0,1.0,,,
oracle,oracle,0,ocnoisy,two_hole,heldout,test,kappa_gap,,3321,1.0,0.0,0.0,1.0,1.0,0.0,0.0,1.0,1.0,0.0,0.0,1.0,1.0,1.0,0.0,1.0,1.0,1.0,1.0,,
oracle,oracle,0,ocnoisy,two_hole,heldout,test,kappa_gap,,2689,1.0,0.0,0.0,1.0,1.0,0.0,0.0,1.0,1.0,0.0,0.0,1.0,1.0,1.0,0.0,1.0,1.0,1.0,2.0,,
oracle,oracle,0,ocnoisy,two_hole,heldout,test,kappa_gap,,2008,1.0,0.0,0.0,1.0,1.0,0.0,0.0,1.0,1.0,0.0,0.0,1.0,1.0,1.0,0.0,1.0,1.0,1.0,3.0,,
oracle,oracle,0,ocnoisy,two_hole,heldout,test,kappa_gap,,1313,1.0,0.0,0.0,1.0,1.0,0.0,0.0,1.0,1.0,0.0,0.0,1.0,1.0,1.0,0.0,1.0,1.0,1.0,4.0,,
oracle,oracle,0,ocnoisy,two_hole,heldout,test,kappa_gap,,669,1.0,0.0,0.0,1.0,1.0,0.0,0.0,1.0,1.0,0.0,0.0,1.0,1.0,1.0,0.0,1.0,1.0,1.0,5.0,,
oracle,oracle,0,ocnoisy,two_hole,heldout,test,chain_r+chain_s,,352,1.0,0.0,0.0,1.0,1.0,0.0,0.0,1.0,1.0,0.0,0.0,1.0,1.0,1.0,0.0,1.0,1.0,1.0,,1.0,2.0
oracle,oracle,0,ocnoisy,two_hole,heldout,test,chain_r+chain_s,,326,1.0,0.0,0.0,1.0,1.0,0.0,0.0,1.0,1.0,0.0,0.0,1.0,1.0,1.0,0.0,1.0,1.0,1.0,,1.0,3.0
oracle,oracle,0,ocnoisy,two_hole,heldout,test,chain_r+chain_s,,323,1.0,0.0,0.0,1.0,1.0,0.0,0.0,1.0,1.0,0.0,0.0,1.0,1.0,1.0,0.0,1.0,1.0,1.0,,1.0,4.0
oracle,oracle,0,ocnoisy,two_hole,heldout,test,chain_r+chain_s,,334,1.0,0.0,0.0,1.0,1.0,0.0,0.0,1.0,1.0,0.0,0.0,1.0,1.0,1.0,0.0,1.0,1.0,1.0,,1.0,5.0
oracle,oracle,0,ocnoisy,two_hole,heldout,test,chain_r+chain_s,,339,1.0,0.0,0.0,1.0,1.0,0.0,0.0,1.0,1.0,0.0,0.0,1.0,1.0,1.0,0.0,1.0,1.0,1.0,,1.0,6.0
oracle,oracle,0,ocnoisy,two_hole,heldout,test,chain_r+chain_s,,353,1.0,0.0,0.0,1.0,1.0,0.0,0.0,1.0,1.0,0.0,0.0,1.0,1.0,1.0,0.0,1.0,1.0,1.0,,2.0,1.0
oracle,oracle,0,ocnoisy,two_hole,heldout,test,chain_r+chain_s,,316,1.0,0.0,0.0,1.0,1.0,0.0,0.0,1.0,1.0,0.0,0.0,1.0,1.0,1.0,0.0,1.0,1.0,1.0,,2.0,3.0
oracle,oracle,0,ocnoisy,two_hole,heldout,test,chain_r+chain_s,,325,1.0,0.0,0.0,1.0,1.0,0.0,0.0,1.0,1.0,0.0,0.0,1.0,1.0,1.0,0.0,1.0,1.0,1.0,,2.0,4.0
oracle,oracle,0,ocnoisy,two_hole,heldout,test,chain_r+chain_s,,297,1.0,0.0,0.0,1.0,1.0,0.0,0.0,1.0,1.0,0.0,0.0,1.0,1.0,1.0,0.0,1.0,1.0,1.0,,2.0,5.0
oracle,oracle,0,ocnoisy,two_hole,heldout,test,chain_r+chain_s,,341,1.0,0.0,0.0,1.0,1.0,0.0,0.0,1.0,1.0,0.0,0.0,1.0,1.0,1.0,0.0,1.0,1.0,1.0,,2.0,6.0
oracle,oracle,0,ocnoisy,two_hole,heldout,test,chain_r+chain_s,,345,1.0,0.0,0.0,1.0,1.0,0.0,0.0,1.0,1.0,0.0,0.0,1.0,1.0,1.0,0.0,1.0,1.0,1.0,,3.0,1.0
oracle,oracle,0,ocnoisy,two_hole,heldout,test,chain_r+chain_s,,346,1.0,0.0,0.0,1.0,1.0,0.0,0.0,1.0,1.0,0.0,0.0,1.0,1.0,1.0,0.0,1.0,1.0,1.0,,3.0,2.0
oracle,oracle,0,ocnoisy,two_hole,heldout,test,chain_r+chain_s,,346,1.0,0.0,0.0,1.0,1.0,0.0,0.0,1.0,1.0,0.0,0.0,1.0,1.0,1.0,0.0,1.0,1.0,1.0,,3.0,4.0
oracle,oracle,0,ocnoisy,two_hole,heldout,test,chain_r+chain_s,,336,1.0,0.0,0.0,1.0,1.0,0.0,0.0,1.0,1.0,0.0,0.0,1.0,1.0,1.0,0.0,1.0,1.0,1.0,,3.0,5.0
oracle,oracle,0,ocnoisy,two_hole,heldout,test,chain_r+chain_s,,375,1.0,0.0,0.0,1.0,1.0,0.0,0.0,1.0,1.0,0.0,0.0,1.0,1.0,1.0,0.0,1.0,1.0,1.0,,3.0,6.0
oracle,oracle,0,ocnoisy,two_hole,heldout,test,chain_r+chain_s,,346,1.0,0.0,0.0,1.0,1.0,0.0,0.0,1.0,1.0,0.0,0.0,1.0,1.0,1.0,0.0,1.0,1.0,1.0,,4.0,1.0
oracle,oracle,0,ocnoisy,two_hole,heldout,test,chain_r+chain_s,,303,1.0,0.0,0.0,1.0,1.0,0.0,0.0,1.0,1.0,0.0,0.0,1.0,1.0,1.0,0.0,1.0,1.0,1.0,,4.0,2.0
oracle,oracle,0,ocnoisy,two_hole,heldout,test,chain_r+chain_s,,325,1.0,0.0,0.0,1.0,1.0,0.0,0.0,1.0,1.0,0.0,0.0,1.0,1.0,1.0,0.0,1.0,1.0,1.0,,4.0,3.0
oracle,oracle,0,ocnoisy,two_hole,heldout,test,chain_r+chain_s,,345,1.0,0.0,0.0,1.0,1.0,0.0,0.0,1.0,1.0,0.0,0.0,1.0,1.0,1.0,0.0,1.0,1.0,1.0,,4.0,5.0
oracle,oracle,0,ocnoisy,two_hole,heldout,test,chain_r+chain_s,,352,1.0,0.0,0.0,1.0,1.0,0.0,0.0,1.0,1.0,0.0,0.0,1.0,1.0,1.0,0.0,1.0,1.0,1.0,,4.0,6.0
oracle,oracle,0,ocnoisy,two_hole,heldout,test,chain_r+chain_s,,294,1.0,0.0,0.0,1.0,1.0,0.0,0.0,1.0,1.0,0.0,0.0,1.0,1.0,1.0,0.0,1.0,1.0,1.0,,5.0,1.0
oracle,oracle,0,ocnoisy,two_hole,heldout,test,chain_r+chain_s,,325,1.0,0.0,0.0,1.0,1.0,0.0,0.0,1.0,1.0,0.0,0.0,1.0,1.0,1.0,0.0,1.0,1.0,1.0,,5.0,2.0
oracle,oracle,0,ocnoisy,two_hole,heldout,test,chain_r+chain_s,,325,1.0,0.0,0.0,1.0,1.0,0.0,0.0,1.0,1.0,0.0,0.0,1.0,1.0,1.0,0.0,1.0,1.0,1.0,,5.0,3.0
oracle,oracle,0,ocnoisy,two_hole,heldout,test,chain_r+chain_s,,319,1.0,0.0,0.0,1.0,1.0,0.0,0.0,1.0,1.0,0.0,0.0,1.0,1.0,1.0,0.0,1.0,1.0,1.0,,5.0,4.0
oracle,oracle,0,ocnoisy,two_hole,heldout,test,chain_r+chain_s,,324,1.0,0.0,0.0,1.0,1.0,0.0,0.0,1.0,1.0,0.0,0.0,1.0,1.0,1.0,0.0,1.0,1.0,1.0,,5.0,6.0
oracle,oracle,0,ocnoisy,two_hole,heldout,test,chain_r+chain_s,,295,1.0,0.0,0.0,1.0,1.0,0.0,0.0,1.0,1.0,0.0,0.0,1.0,1.0,1.0,0.0,1.0,1.0,1.0,,6.0,1.0
oracle,oracle,0,ocnoisy,two_hole,heldout,test,chain_r+chain_s,,351,1.0,0.0,0.0,1.0,1.0,0.0,0.0,1.0,1.0,0.0,0.0,1.0,1.0,1.0,0.0,1.0,1.0,1.0,,6.0,2.0
oracle,oracle,0,ocnoisy,two_hole,heldout,test,chain_r+chain_s,,323,1.0,0.0,0.0,1.0,1.0,0.0,0.0,1.0,1.0,0.0,0.0,1.0,1.0,1.0,0.0,1.0,1.0,1.0,,6.0,3.0
oracle,oracle,0,ocnoisy,two_hole,heldout,test,chain_r+chain_s,,365,1.0,0.0,0.0,1.0,1.0,0.0,0.0,1.0,1.0,0.0,0.0,1.0,1.0,1.0,0.0,1.0,1.0,1.0,,6.0,4.0
oracle,oracle,0,ocnoisy,two_hole,heldout,test,chain_r+chain_s,,354,1.0,0.0,0.0,1.0,1.0,0.0,0.0,1.0,1.0,0.0,0.0,1.0,1.0,1.0,0.0,1.0,1.0,1.0,,6.0,5.0
LSTM,scratch,9550,ocdet,two_hole,clean,val,orientation,1.0,1052,1.0,0.0,0.0,1.0,1.0,0.0,0.0,1.0,1.0,0.0,0.0,1.0,15.356313698390364,15.59619665145874,2.0997192844697423,1.0,1.0,1.0,,,
LSTM,scratch,9550,ocdet,two_hole,clean,val,orientation,2.0,948,1.0,0.0,0.0,1.0,1.0,0.0,0.0,1.0,1.0,0.0,0.0,1.0,18.67869875765551,19.7397780418396,3.171621357527417,0.9998653616763695,1.0,1.0,,,
LSTM,scratch,9550,ocdet,two_hole,clean,val,kappa_gap,,673,1.0,0.0,0.0,1.0,1.0,0.0,0.0,1.0,1.0,0.0,0.0,1.0,15.53116153621213,15.48807144165039,3.544928807097652,0.9990285453128416,1.0,1.0,1.0,,
LSTM,scratch,9550,ocdet,two_hole,clean,val,kappa_gap,,511,1.0,0.0,0.0,1.0,1.0,0.0,0.0,1.0,1.0,0.0,0.0,1.0,17.443596070293346,17.202627658843994,2.7367350787147395,1.0,1.0,1.0,2.0,,
LSTM,scratch,9550,ocdet,two_hole,clean,val,kappa_gap,,418,1.0,0.0,0.0,1.0,1.0,0.0,0.0,1.0,1.0,0.0,0.0,1.0,17.754679180503462,17.28097677230835,2.5884450694694894,1.0,1.0,1.0,3.0,,
LSTM,scratch,9550,ocdet,two_hole,clean,val,kappa_gap,,262,1.0,0.0,0.0,1.0,1.0,0.0,0.0,1.0,1.0,0.0,0.0,1.0,17.862224708076653,17.553967714309692,2.6249058188081333,1.0,1.0,1.0,4.0,,
LSTM,scratch,9550,ocdet,two_hole,clean,val,kappa_gap,,136,1.0,0.0,0.0,1.0,1.0,0.0,0.0,1.0,1.0,0.0,0.0,1.0,17.608384972109516,17.227096557617188,2.3667336633561895,1.0,1.0,1.0,5.0,,
LSTM,scratch,9550,ocdet,two_hole,clean,val,chain_r+chain_s,,53,1.0,0.0,0.0,1.0,1.0,0.0,0.0,1.0,1.0,0.0,0.0,1.0,17.468929160316037,18.10381007194519,2.1143248762973545,1.0,1.0,1.0,,1.0,2.0
LSTM,scratch,9550,ocdet,two_hole,clean,val,chain_r+chain_s,,82,1.0,0.0,0.0,1.0,1.0,0.0,0.0,1.0,1.0,0.0,0.0,1.0,18.937947768990586,19.23843240737915,2.174994597766739,1.0,1.0,1.0,,1.0,3.0
LSTM,scratch,9550,ocdet,two_hole,clean,val,chain_r+chain_s,,58,1.0,0.0,0.0,1.0,1.0,0.0,0.0,1.0,1.0,0.0,0.0,1.0,19.66838357777431,19.687840938568115,1.6026338980471955,1.0,1.0,1.0,,1.0,4.0
LSTM,scratch,9550,ocdet,two_hole,clean,val,chain_r+chain_s,,60,1.0,0.0,0.0,1.0,1.0,0.0,0.0,1.0,1.0,0.0,0.0,1.0,18.316180316607156,17.37064242362976,2.2358255505132645,1.0,1.0,1.0,,1.0,5.0
LSTM,scratch,9550,ocdet,two_hole,clean,val,chain_r+chain_s,,71,1.0,0.0,0.0,1.0,1.0,0.0,0.0,1.0,1.0,0.0,0.0,1.0,15.180122934596639,14.622697591781616,2.936605870869821,1.0,1.0,1.0,,1.0,6.0
LSTM,scratch,9550,ocdet,two_hole,clean,val,chain_r+chain_s,,67,1.0,0.0,0.0,1.0,1.0,0.0,0.0,1.0,1.0,0.0,0.0,1.0,16.73401496125691,16.483901023864746,3.3440782019788657,1.0,1.0,1.0,,2.0,1.0
LSTM,scratch,9550,ocdet,two_hole,clean,val,chain_r+chain_s,,49,1.0,0.0,0.0,1.0,1.0,0.0,0.0,1.0,1.0,0.0,0.0,1.0,16.150582247850846,17.02807378768921,2.714076532098839,1.0,1.0,1.0,,2.0,3.0
LSTM,scratch,9550,ocdet,two_hole,clean,val,chain_r+chain_s,,87,1.0,0.0,0.0,1.0,1.0,0.0,0.0,1.0,1.0,0.0,0.0,1.0,18.89591941066172,18.75702977180481,2.313900642338777,1.0,1.0,1.0,,2.0,4.0
LSTM,scratch,9550,ocdet,two_hole,clean,val,chain_r+chain_s,,50,1.0,0.0,0.0,1.0,1.0,0.0,0.0,1.0,1.0,0.0,0.0,1.0,18.773821506500244,18.452502965927124,2.255836048965219,1.0,1.0,1.0,,2.0,5.0
LSTM,scratch,9550,ocdet,two_hole,clean,val,chain_r+chain_s,,70,1.0,0.0,0.0,1.0,1.0,0.0,0.0,1.0,1.0,0.0,0.0,1.0,18.157564844403947,17.09350597858429,2.8327436337898315,1.0,1.0,1.0,,2.0,6.0
LSTM,scratch,9550,ocdet,two_hole,clean,val,chain_r+chain_s,,67,1.0,0.0,0.0,1.0,1.0,0.0,0.0,1.0,1.0,0.0,0.0,1.0,17.72663647603633,17.70603919029236,3.6856357985341854,0.9915348629984406,1.0,1.0,,3.0,1.0
LSTM,scratch,9550,ocdet,two_hole,clean,val,chain_r+chain_s,,67,1.0,0.0,0.0,1.0,1.0,0.0,0.0,1.0,1.0,0.0,0.0,1.0,16.867262278030168,16.14976453781128,3.2657618300573676,1.0,1.0,1.0,,3.0,2.0
LSTM,scratch,9550,ocdet,two_hole,clean,val,chain_r+chain_s,,57,1.0,0.0,0.0,1.0,1.0,0.0,0.0,1.0,1.0,0.0,0.0,1.0,14.924002505185312,15.38216781616211,2.1821318656093034,1.0,1.0,1.0,,3.0,4.0
LSTM,scratch,9550,ocdet,two_hole,clean,val,chain_r+chain_s,,69,1.0,0.0,0.0,1.0,1.0,0.0,0.0,1.0,1.0,0.0,0.0,1.0,18.197640788727913,18.0287823677063,2.431571845402672,1.0,1.0,1.0,,3.0,5.0
LSTM,scratch,9550,ocdet,two_hole,clean,val,chain_r+chain_s,,71,1.0,0.0,0.0,1.0,1.0,0.0,0.0,1.0,1.0,0.0,0.0,1.0,16.83151239576474,15.716346263885498,2.5749875108053044,1.0,1.0,1.0,,3.0,6.0
LSTM,scratch,9550,ocdet,two_hole,clean,val,chain_r+chain_s,,63,1.0,0.0,0.0,1.0,1.0,0.0,0.0,1.0,1.0,0.0,0.0,1.0,18.199324753549362,16.930484294891357,3.051380326543161,1.0,1.0,1.0,,4.0,1.0
LSTM,scratch,9550,ocdet,two_hole,clean,val,chain_r+chain_s,,78,1.0,0.0,0.0,1.0,1.0,0.0,0.0,1.0,1.0,0.0,0.0,1.0,18.06634190755013,17.278812050819397,2.8828167128741056,1.0,1.0,1.0,,4.0,2.0
LSTM,scratch,9550,ocdet,two_hole,clean,val,chain_r+chain_s,,55,1.0,0.0,0.0,1.0,1.0,0.0,0.0,1.0,1.0,0.0,0.0,1.0,15.938565891439264,15.440837383270264,2.967718278811468,1.0,1.0,1.0,,4.0,3.0
LSTM,scratch,9550,ocdet,two_hole,clean,val,chain_r+chain_s,,60,1.0,0.0,0.0,1.0,1.0,0.0,0.0,1.0,1.0,0.0,0.0,1.0,14.850803551077842,15.771474361419678,2.549106358943415,1.0,1.0,1.0,,4.0,5.0
LSTM,scratch,9550,ocdet,two_hole,clean,val,chain_r+chain_s,,63,1.0,0.0,0.0,1.0,1.0,0.0,0.0,1.0,1.0,0.0,0.0,1.0,16.92323018444909,16.617409467697144,2.527938043481799,1.0,1.0,1.0,,4.0,6.0
LSTM,scratch,9550,ocdet,two_hole,clean,val,chain_r+chain_s,,82,1.0,0.0,0.0,1.0,1.0,0.0,0.0,1.0,1.0,0.0,0.0,1.0,17.2215506259988,16.225797653198242,2.612981222731587,1.0,1.0,1.0,,5.0,1.0
LSTM,scratch,9550,ocdet,two_hole,clean,val,chain_r+chain_s,,70,1.0,0.0,0.0,1.0,1.0,0.0,0.0,1.0,1.0,0.0,0.0,1.0,17.59154818228313,16.32382047176361,2.655994350726652,1.0,1.0,1.0,,5.0,2.0
LSTM,scratch,9550,ocdet,two_hole,clean,val,chain_r+chain_s,,74,1.0,0.0,0.0,1.0,1.0,0.0,0.0,1.0,1.0,0.0,0.0,1.0,16.42218168079853,16.132998824119568,2.6288168456965204,1.0,1.0,1.0,,5.0,3.0
LSTM,scratch,9550,ocdet,two_hole,clean,val,chain_r+chain_s,,76,1.0,0.0,0.0,1.0,1.0,0.0,0.0,1.0,1.0,0.0,0.0,1.0,14.539778271788045,14.876805186271667,3.352663165396289,1.0,1.0,1.0,,5.0,4.0
LSTM,scratch,9550,ocdet,two_hole,clean,val,chain_r+chain_s,,62,1.0,0.0,0.0,1.0,1.0,0.0,0.0,1.0,1.0,0.0,0.0,1.0,13.158728018883735,13.554566383361816,1.8780298071088444,1.0,1.0,1.0,,5.0,6.0
LSTM,scratch,9550,ocdet,two_hole,clean,val,chain_r+chain_s,,69,1.0,0.0,0.0,1.0,1.0,0.0,0.0,1.0,1.0,0.0,0.0,1.0,16.494183826273765,15.978866577148438,2.4984024336827426,1.0,1.0,1.0,,6.0,1.0
LSTM,scratch,9550,ocdet,two_hole,clean,val,chain_r+chain_s,,73,1.0,0.0,0.0,1.0,1.0,0.0,0.0,1.0,1.0,0.0,0.0,1.0,17.67963970523991,18.17453956604004,2.448967972014058,1.0,1.0,1.0,,6.0,2.0
LSTM,scratch,9550,ocdet,two_hole,clean,val,chain_r+chain_s,,57,1.0,0.0,0.0,1.0,1.0,0.0,0.0,1.0,1.0,0.0,0.0,1.0,17.456711591335765,16.638824701309204,2.793238416522227,1.0,1.0,1.0,,6.0,3.0
LSTM,scratch,9550,ocdet,two_hole,clean,val,chain_r+chain_s,,78,1.0,0.0,0.0,1.0,1.0,0.0,0.0,1.0,1.0,0.0,0.0,1.0,16.136445959409077,15.13936960697174,2.7028431130104402,1.0,1.0,1.0,,6.0,4.0
LSTM,scratch,9550,ocdet,two_hole,clean,val,chain_r+chain_s,,62,1.0,0.0,0.0,1.0,1.0,0.0,0.0,1.0,1.0,0.0,0.0,1.0,13.370429623992212,13.422553777694702,3.7205223139416925,1.0,1.0,1.0,,6.0,5.0
LSTM,scratch,9550,ocdet,two_hole,clean,test,orientation,1.0,5099,1.0,0.0,0.0,1.0,1.0,0.0,0.0,1.0,1.0,0.0,0.0,1.0,15.194309535234506,15.468254327774048,2.175685848373958,1.0,1.0,1.0,,,
LSTM,scratch,9550,ocdet,two_hole,clean,test,orientation,2.0,4901,0.9997959600081616,0.0,0.00020403999183840033,0.9997959600081616,0.9997959600081616,0.0,0.00020403999183840033,0.9997959600081616,0.9997959600081616,0.0,0.00020403999183840033,0.9997959600081616,18.846616388103033,19.64948272705078,2.903039260500768,0.9999563693304536,0.9993878800244848,1.0,,,
LSTM,scratch,9550,ocdet,two_hole,clean,test,kappa_gap,,3399,0.9997057958223007,0.0,0.0002942041776993233,0.9997057958223007,0.9997057958223007,0.0,0.0002942041776993233,0.9997057958223007,0.9997057958223007,0.0,0.0002942041776993233,0.9997057958223007,15.511557764627717,15.541822671890259,3.4807493213333274,0.9993342104928322,0.999117387466902,1.0,1.0,,
LSTM,scratch,9550,ocdet,two_hole,clean,test,kappa_gap,,2701,1.0,0.0,0.0,1.0,1.0,0.0,0.0,1.0,1.0,0.0,0.0,1.0,17.52156297615924,17.260793924331665,2.7419789923086846,1.0,1.0,1.0,2.0,,
LSTM,scratch,9550,ocdet,two_hole,clean,test,kappa_gap,,1974,1.0,0.0,0.0,1.0,1.0,0.0,0.0,1.0,1.0,0.0,0.0,1.0,17.828388452952634,17.435077905654907,2.6141498434878807,1.0,1.0,1.0,3.0,,
LSTM,scratch,9550,ocdet,two_hole,clean,test,kappa_gap,,1310,1.0,0.0,0.0,1.0,1.0,0.0,0.0,1.0,1.0,0.0,0.0,1.0,18.036059106033267,17.967461109161377,2.5122725915171973,1.0,1.0,1.0,4.0,,
LSTM,scratch,9550,ocdet,two_hole,clean,test,kappa_gap,,616,1.0,0.0,0.0,1.0,1.0,0.0,0.0,1.0,1.0,0.0,0.0,1.0,17.81339052377583,17.771158695220947,2.5794408368484776,1.0,1.0,1.0,5.0,,
LSTM,scratch,9550,ocdet,two_hole,clean,test,chain_r+chain_s,,351,1.0,0.0,0.0,1.0,1.0,0.0,0.0,1.0,1.0,0.0,0.0,1.0,17.111839421539226,17.779114723205566,2.5975848693666848,1.0,1.0,1.0,,1.0,2.0
LSTM,scratch,9550,ocdet,two_hole,clean,test,chain_r+chain_s,,337,1.0,0.0,0.0,1.0,1.0,0.0,0.0,1.0,1.0,0.0,0.0,1.0,19.059955540325944,19.458876132965088,2.3122500318717547,1.0,1.0,1.0,,1.0,3.0
LSTM,scratch,9550,ocdet,two_hole,clean,test,chain_r+chain_s,,365,1.0,0.0,0.0,1.0,1.0,0.0,0.0,1.0,1.0,0.0,0.0,1.0,19.363825965009323,19.930583000183105,2.636208649644669,1.0,1.0,1.0,,1.0,4.0
LSTM,scratch,9550,ocdet,two_hole,clean,test,chain_r+chain_s,,329,1.0,0.0,0.0,1.0,1.0,0.0,0.0,1.0,1.0,0.0,0.0,1.0,18.69669952363591,18.058774948120117,2.3361575888211297,1.0,1.0,1.0,,1.0,5.0
LSTM,scratch,9550,ocdet,two_hole,clean,test,chain_r+chain_s,,309,1.0,0.0,0.0,1.0,1.0,0.0,0.0,1.0,1.0,0.0,0.0,1.0,15.704089585631412,14.96589732170105,2.7176792100307647,1.0,1.0,1.0,,1.0,6.0
LSTM,scratch,9550,ocdet,two_hole,clean,test,chain_r+chain_s,,362,1.0,0.0,0.0,1.0,1.0,0.0,0.0,1.0,1.0,0.0,0.0,1.0,17.209472814646873,16.69398832321167,3.4246838727043736,1.0,1.0,1.0,,2.0,1.0
LSTM,scratch,9550,ocdet,two_hole,clean,test,chain_r+chain_s,,353,1.0,0.0,0.0,1.0,1.0,0.0,0.0,1.0,1.0,0.0,0.0,1.0,16.56763888469161,16.922189712524414,2.5023284738932436,1.0,1.0,1.0,,2.0,3.0
LSTM,scratch,9550,ocdet,two_hole,clean,test,chain_r+chain_s,,363,1.0,0.0,0.0,1.0,1.0,0.0,0.0,1.0,1.0,0.0,0.0,1.0,18.6041772911125,19.14513063430786,2.8802961352806173,1.0,1.0,1.0,,2.0,4.0
LSTM,scratch,9550,ocdet,two_hole,clean,test,chain_r+chain_s,,346,1.0,0.0,0.0,1.0,1.0,0.0,0.0,1.0,1.0,0.0,0.0,1.0,18.26410416138999,17.68942880630493,2.5795552747856614,1.0,1.0,1.0,,2.0,5.0
LSTM,scratch,9550,ocdet,two_hole,clean,test,chain_r+chain_s,,341,1.0,0.0,0.0,1.0,1.0,0.0,0.0,1.0,1.0,0.0,0.0,1.0,18.108940117869558,17.540895223617554,2.7469165718902016,1.0,1.0,1.0,,2.0,6.0
LSTM,scratch,9550,ocdet,two_hole,clean,test,chain_r+chain_s,,362,1.0,0.0,0.0,1.0,1.0,0.0,0.0,1.0,1.0,0.0,0.0,1.0,18.27044734943308,17.778453946113586,2.8862114292928824,1.0,1.0,1.0,,3.0,1.0
LSTM,scratch,9550,ocdet,two_hole,clean,test,chain_r+chain_s,,319,1.0,0.0,0.0,1.0,1.0,0.0,0.0,1.0,1.0,0.0,0.0,1.0,16.76847247326262,16.21458864212036,3.604325813245553,1.0,1.0,1.0,,3.0,2.0
LSTM,scratch,9550,ocdet,two_hole,clean,test,chain_r+chain_s,,308,1.0,0.0,0.0,1.0,1.0,0.0,0.0,1.0,1.0,0.0,0.0,1.0,15.365128034895116,15.726578712463379,2.215874445841979,1.0,1.0,1.0,,3.0,4.0
LSTM,scratch,9550,ocdet,two_hole,clean,test,chain_r+chain_s,,316,1.0,0.0,0.0,1.0,1.0,0.0,0.0,1.0,1.0,0.0,0.0,1.0,17.90521870421458,17.49060881137848,2.485541236046843,1.0,1.0,1.0,,3.0,5.0
LSTM,scratch,9550,ocdet,two_hole,clean,test,chain_r+chain_s,,312,1.0,0.0,0.0,1.0,1.0,0.0,0.0,1.0,1.0,0.0,0.0,1.0,17.550630545577942,17.74848997592926,2.4096320369761153,1.0,1.0,1.0,,3.0,6.0
LSTM,scratch,9550,ocdet,two_hole,clean,test,chain_r+chain_s,,319,1.0,0.0,0.0,1.0,1.0,0.0,0.0,1.0,1.0,0.0,0.0,1.0,18.293144247748636,16.78267526626587,2.963599695808919,1.0,1.0,1.0,,4.0,1.0
LSTM,scratch,9550,ocdet,two_hole,clean,test,chain_r+chain_s,,297,1.0,0.0,0.0,1.0,1.0,0.0,0.0,1.0,1.0,0.0,0.0,1.0,17.704175180758693,16.899822235107422,3.2865591483507433,1.0,1.0,1.0,,4.0,2.0
LSTM,scratch,9550,ocdet,two_hole,clean,test,chain_r+chain_s,,352,1.0,0.0,0.0,1.0,1.0,0.0,0.0,1.0,1.0,0.0,0.0,1.0,15.776091314174913,15.600902080535889,3.5897764946156334,1.0,1.0,1.0,,4.0,3.0
LSTM,scratch,9550,ocdet,two_hole,clean,test,chain_r+chain_s,,320,1.0,0.0,0.0,1.0,1.0,0.0,0.0,1.0,1.0,0.0,0.0,1.0,14.898958689533174,15.346102118492126,2.3663624778723222,1.0,1.0,1.0,,4.0,5.0
LSTM,scratch,9550,ocdet,two_hole,clean,test,chain_r+chain_s,,348,1.0,0.0,0.0,1.0,1.0,0.0,0.0,1.0,1.0,0.0,0.0,1.0,17.262166403362464,17.077896118164062,2.548882324910292,1.0,1.0,1.0,,4.0,6.0
LSTM,scratch,9550,ocdet,two_hole,clean,test,chain_r+chain_s,,325,1.0,0.0,0.0,1.0,1.0,0.0,0.0,1.0,1.0,0.0,0.0,1.0,17.237541838425855,16.250213861465454,2.730466012228726,1.0,1.0,1.0,,5.0,1.0
LSTM,scratch,9550,ocdet,two_hole,clean,test,chain_r+chain_s,,362,1.0,0.0,0.0,1.0,1.0,0.0,0.0,1.0,1.0,0.0,0.0,1.0,17.3435378739847,16.26720678806305,3.002340525908126,1.0,1.0,1.0,,5.0,2.0
LSTM,scratch,9550,ocdet,two_hole,clean,test,chain_r+chain_s,,305,0.9967213114754099,0.0,0.003278688524590164,0.9967213114754099,0.9967213114754099,0.0,0.003278688524590164,0.9967213114754099,0.9967213114754099,0.0,0.003278688524590164,0.9967213114754099,16.283034150326838,16.03496217727661,2.938916466471828,0.9980542864821285,0.9901639344262295,1.0,,5.0,3.0
LSTM,scratch,9550,ocdet,two_hole,clean,test,chain_r+chain_s,,334,1.0,0.0,0.0,1.0,1.0,0.0,0.0,1.0,1.0,0.0,0.0,1.0,15.217962089769854,15.248080015182495,3.0371428767596327,1.0,1.0,1.0,,5.0,4.0
LSTM,scratch,9550,ocdet,two_hole,clean,test,chain_r+chain_s,,333,1.0,0.0,0.0,1.0,1.0,0.0,0.0,1.0,1.0,0.0,0.0,1.0,13.21924899612461,13.469533681869507,1.8494105595067816,1.0,1.0,1.0,,5.0,6.0
LSTM,scratch,9550,ocdet,two_hole,clean,test,chain_r+chain_s,,322,1.0,0.0,0.0,1.0,1.0,0.0,0.0,1.0,1.0,0.0,0.0,1.0,16.305330415134843,16.16874134540558,2.7681207652986184,1.0,1.0,1.0,,6.0,1.0
LSTM,scratch,9550,ocdet,two_hole,clean,test,chain_r+chain_s,,351,1.0,0.0,0.0,1.0,1.0,0.0,0.0,1.0,1.0,0.0,0.0,1.0,17.09998370473541,16.941701889038086,2.6058904677360006,1.0,1.0,1.0,,6.0,2.0
LSTM,scratch,9550,ocdet,two_hole,clean,test,chain_r+chain_s,,327,1.0,0.0,0.0,1.0,1.0,0.0,0.0,1.0,1.0,0.0,0.0,1.0,17.195402810697527,16.174838066101074,2.6197391192607804,1.0,1.0,1.0,,6.0,3.0
LSTM,scratch,9550,ocdet,two_hole,clean,test,chain_r+chain_s,,299,1.0,0.0,0.0,1.0,1.0,0.0,0.0,1.0,1.0,0.0,0.0,1.0,16.046850506577602,15.338803052902222,3.023132217966614,0.9964541783648952,1.0,1.0,,6.0,4.0
LSTM,scratch,9550,ocdet,two_hole,clean,test,chain_r+chain_s,,333,1.0,0.0,0.0,1.0,1.0,0.0,0.0,1.0,1.0,0.0,0.0,1.0,14.29389080338113,13.815494298934937,3.4560709233257687,1.0,1.0,1.0,,6.0,5.0
LSTM,scratch,9550,ocdet,two_hole,heldout,val,orientation,1.0,1030,0.996116504854369,0.0,0.003883495145631068,0.996116504854369,0.996116504854369,0.0,0.003883495145631068,0.996116504854369,0.996116504854369,0.0,0.003883495145631068,0.996116504854369,12.626008216819717,13.126694083213806,3.098088198880215,0.9996823451786219,0.9922330097087378,0.9990291262135922,,,
LSTM,scratch,9550,ocdet,two_hole,heldout,val,orientation,2.0,970,0.977319587628866,0.0,0.02268041237113402,0.977319587628866,0.977319587628866,0.0,0.02268041237113402,0.977319587628866,0.977319587628866,0.0,0.02268041237113402,0.977319587628866,13.258049808857367,14.780832052230835,5.8437149598618765,0.9900499521734508,0.9670103092783505,0.98659793814433,,,
LSTM,scratch,9550,ocdet,two_hole,heldout,val,kappa_gap,,613,0.9836867862969005,0.0,0.01631321370309951,0.9836867862969005,0.9836867862969005,0.0,0.01631321370309951,0.9836867862969005,0.9836867862969005,0.0,0.01631321370309951,0.9836867862969005,11.562546908344958,12.349460482597351,4.906952769755853,0.9903424710393885,0.9722675367047309,0.9934747145187602,1.0,,
LSTM,scratch,9550,ocdet,two_hole,heldout,val,kappa_gap,,557,0.9910233393177738,0.0,0.008976660682226212,0.9910233393177738,0.9910233393177738,0.0,0.008976660682226212,0.9910233393177738,0.9910233393177738,0.0,0.008976660682226212,0.9910233393177738,13.631568352158451,14.004223585128784,4.5504181116331415,0.9967864521722875,0.9820466786355476,0.9982046678635548,2.0,,
LSTM,scratch,9550,ocdet,two_hole,heldout,val,kappa_gap,,432,0.9907407407407407,0.0,0.009259259259259259,0.9907407407407407,0.9907407407407407,0.0,0.009259259259259259,0.9907407407407407,0.9907407407407407,0.0,0.009259259259259259,0.9907407407407407,13.81769859197515,14.219105005264282,4.030384217564455,0.9979852537722909,0.9791666666666666,0.9976851851851852,3.0,,
LSTM,scratch,9550,ocdet,two_hole,heldout,val,kappa_gap,,251,0.9920318725099602,0.0,0.00796812749003984,0.9920318725099602,0.9920318725099602,0.0,0.00796812749003984,0.9920318725099602,0.9920318725099602,0.0,0.00796812749003984,0.9920318725099602,13.4771354221609,13.916027069091797,4.19306165952708,0.9972381390771575,0.9800796812749004,1.0,4.0,,
LSTM,scratch,9550,ocdet,two_hole,heldout,val,kappa_gap,,147,0.9659863945578231,0.0,0.034013605442176874,0.9659863945578231,0.9659863945578231,0.0,0.034013605442176874,0.9659863945578231,0.9659863945578231,0.0,0.034013605442176874,0.9659863945578231,12.465749443895152,13.64418339729309,4.961600853854677,0.9833402748854644,0.9319727891156463,0.9931972789115646,5.0,,
LSTM,scratch,9550,ocdet,two_hole,heldout,val,chain_r+chain_s,,78,1.0,0.0,0.0,1.0,1.0,0.0,0.0,1.0,1.0,0.0,0.0,1.0,12.931245667812151,13.390439689159393,4.653831516023893,0.9958908612754767,1.0,1.0,,1.0,2.0
LSTM,scratch,9550,ocdet,two_hole,heldout,val,chain_r+chain_s,,73,1.0,0.0,0.0,1.0,1.0,0.0,0.0,1.0,1.0,0.0,0.0,1.0,13.910320712687218,14.164524555206299,3.892572131627191,0.99962469506474,1.0,1.0,,1.0,3.0
LSTM,scratch,9550,ocdet,two_hole,heldout,val,chain_r+chain_s,,59,1.0,0.0,0.0,1.0,1.0,0.0,0.0,1.0,1.0,0.0,0.0,1.0,13.752121210350829,14.066826105117798,4.6326576219594875,0.9994254524561907,1.0,1.0,,1.0,4.0
LSTM,scratch,9550,ocdet,two_hole,heldout,val,chain_r+chain_s,,64,1.0,0.0,0.0,1.0,1.0,0.0,0.0,1.0,1.0,0.0,0.0,1.0,12.363937300164253,13.358345091342926,5.212301754651899,0.99267578125,1.0,1.0,,1.0,5.0
LSTM,scratch,9550,ocdet,two_hole,heldout,val,chain_r+chain_s,,65,0.9846153846153847,0.0,0.015384615384615385,0.9846153846153847,0.9846153846153847,0.0,0.015384615384615385,0.9846153846153847,0.9846153846153847,0.0,0.015384615384615385,0.9846153846153847,12.569915166267982,13.10262656211853,3.4965862166018615,0.9983431952662722,0.9538461538461539,1.0,,1.0,6.0
LSTM,scratch,9550,ocdet,two_hole,heldout,val,chain_r+chain_s,,70,0.9714285714285714,0.0,0.02857142857142857,0.9714285714285714,0.9714285714285714,0.0,0.02857142857142857,0.9714285714285714,0.9714285714285714,0.0,0.02857142857142857,0.9714285714285714,14.683106907776423,15.185663938522339,4.887745712133567,0.9908163265306122,0.9285714285714286,1.0,,2.0,1.0
LSTM,scratch,9550,ocdet,two_hole,heldout,val,chain_r+chain_s,,75,0.9866666666666667,0.0,0.013333333333333334,0.9866666666666667,0.9866666666666667,0.0,0.013333333333333334,0.9866666666666667,0.9866666666666667,0.0,0.013333333333333334,0.9866666666666667,12.597051775455474,13.75100564956665,4.686460807151656,0.9941333333333333,0.96,1.0,,2.0,3.0
LSTM,scratch,9550,ocdet,two_hole,heldout,val,chain_r+chain_s,,70,0.9857142857142858,0.0,0.014285714285714285,0.9857142857142858,0.9857142857142858,0.0,0.014285714285714285,0.9857142857142858,0.9857142857142858,0.0,0.014285714285714285,0.9857142857142858,13.262859989064081,13.998474717140198,4.909561262248329,0.9985714285714287,0.9571428571428572,1.0,,2.0,4.0
LSTM,scratch,9550,ocdet,two_hole,heldout,val,chain_r+chain_s,,73,0.9863013698630136,0.0,0.0136986301369863,0.9863013698630136,0.9863013698630136,0.0,0.0136986301369863,0.9863013698630136,0.9863013698630136,0.0,0.0136986301369863,0.9863013698630136,12.981628445321567,14.248523473739624,5.242222516854253,0.9971852129855509,0.958904109589041,1.0,,2.0,5.0
LSTM,scratch,9550,ocdet,two_hole,heldout,val,chain_r+chain_s,,73,0.9863013698630136,0.0,0.0136986301369863,0.9863013698630136,0.9863013698630136,0.0,0.0136986301369863,0.9863013698630136,0.9863013698630136,0.0,0.0136986301369863,0.9863013698630136,12.310820777122288,13.28891634941101,5.333478114543966,0.9938074685682117,0.958904109589041,1.0,,2.0,6.0
LSTM,scratch,9550,ocdet,two_hole,heldout,val,chain_r+chain_s,,73,0.9863013698630136,0.0,0.0136986301369863,0.9863013698630136,0.9863013698630136,0.0,0.0136986301369863,0.9863013698630136,0.9863013698630136,0.0,0.0136986301369863,0.9863013698630136,13.930797019641693,14.373242139816284,3.8590742949500254,0.9951210358416214,0.958904109589041,1.0,,3.0,1.0
LSTM,scratch,9550,ocdet,two_hole,heldout,val,chain_r+chain_s,,64,0.96875,0.0,0.03125,0.96875,0.96875,0.0,0.03125,0.96875,0.96875,0.0,0.03125,0.96875,13.186465204227716,14.788208484649658,5.455036337953002,0.9833984375,0.921875,1.0,,3.0,2.0
LSTM,scratch,9550,ocdet,two_hole,heldout,val,chain_r+chain_s,,67,1.0,0.0,0.0,1.0,1.0,0.0,0.0,1.0,1.0,0.0,0.0,1.0,12.429480526429504,13.12108588218689,4.664813290539212,0.9977723323680108,1.0,1.0,,3.0,4.0
LSTM,scratch,9550,ocdet,two_hole,heldout,val,chain_r+chain_s,,71,0.971830985915493,0.0,0.028169014084507043,0.971830985915493,0.971830985915493,0.0,0.028169014084507043,0.971830985915493,0.971830985915493,0.0,0.028169014084507043,0.971830985915493,12.679048849243513,13.130399823188782,5.153490009014671,0.9942471731799246,0.9295774647887324,1.0,,3.0,5.0
LSTM,scratch,9550,ocdet,two_hole,heldout,val,chain_r+chain_s,,62,0.9838709677419355,0.0,0.016129032258064516,0.9838709677419355,0.9838709677419355,0.0,0.016129032258064516,0.9838709677419355,0.9838709677419355,0.0,0.016129032258064516,0.9838709677419355,11.886988317774188,12.656746506690979,5.059108541029201,0.9953173777315297,0.9516129032258065,1.0,,3.0,6.0
LSTM,scratch,9550,ocdet,two_hole,heldout,val,chain_r+chain_s,,67,1.0,0.0,0.0,1.0,1.0,0.0,0.0,1.0,1.0,0.0,0.0,1.0,14.527816127040493,14.91042971611023,4.08646861246462,1.0,1.0,1.0,,4.0,1.0
LSTM,scratch,9550,ocdet,two_hole,heldout,val,chain_r+chain_s,,62,1.0,0.0,0.0,1.0,1.0,0.0,0.0,1.0,1.0,0.0,0.0,1.0,14.898531710668918,15.331684947013855,4.397396532158386,0.9932362122788762,1.0,1.0,,4.0,2.0
LSTM,scratch,9550,ocdet,two_hole,heldout,val,chain_r+chain_s,,58,0.9827586206896551,0.0,0.017241379310344827,0.9827586206896551,0.9827586206896551,0.0,0.017241379310344827,0.9827586206896551,0.9827586206896551,0.0,0.017241379310344827,0.9827586206896551,13.707788821438264,14.350956916809082,4.229307911459272,0.996730083234245,0.9482758620689655,1.0,,4.0,3.0
LSTM,scratch,9550,ocdet,two_hole,heldout,val,chain_r+chain_s,,72,0.9722222222222222,0.0,0.027777777777777776,0.9722222222222222,0.9722222222222222,0.0,0.027777777777777776,0.9722222222222222,0.9722222222222222,0.0,0.027777777777777776,0.9722222222222222,11.789248760375711,12.79016786813736,4.843139197277424,0.9918981481481481,0.9305555555555556,1.0,,4.0,5.0
LSTM,scratch,9550,ocdet,two_hole,heldout,val,chain_r+chain_s,,73,0.9863013698630136,0.0,0.0136986301369863,0.9863013698630136,0.9863013698630136,0.0,0.0136986301369863,0.9863013698630136,0.9863013698630136,0.0,0.0136986301369863,0.9863013698630136,12.165794998611489,13.117545366287231,4.51572284281199,0.9906173766185026,0.958904109589041,1.0,,4.0,6.0
LSTM,scratch,9550,ocdet,two_hole,heldout,val,chain_r+chain_s,,63,0.9841269841269841,0.0,0.015873015873015872,0.9841269841269841,0.9841269841269841,0.0,0.015873015873015872,0.9841269841269841,0.9841269841269841,0.0,0.015873015873015872,0.9841269841269841,12.794981879137811,13.335303544998169,4.0599665618198175,0.9969765684051398,0.9523809523809523,1.0,,5.0,1.0
LSTM,scratch,9550,ocdet,two_hole,heldout,val,chain_r+chain_s,,57,1.0,0.0,0.0,1.0,1.0,0.0,0.0,1.0,1.0,0.0,0.0,1.0,13.317439926820889,13.470482349395752,3.699506217897013,0.9993844259772237,1.0,1.0,,5.0,2.0
LSTM,scratch,9550,ocdet,two_hole,heldout,val,chain_r+chain_s,,67,1.0,0.0,0.0,1.0,1.0,0.0,0.0,1.0,1.0,0.0,0.0,1.0,12.623136323334565,13.044517755508423,3.887971889669746,0.9991089329472043,1.0,1.0,,5.0,3.0
LSTM,scratch,9550,ocdet,two_hole,heldout,val,chain_r+chain_s,,65,0.9538461538461539,0.0,0.046153846153846156,0.9538461538461539,0.9538461538461539,0.0,0.046153846153846156,0.9538461538461539,0.9538461538461539,0.0,0.046153846153846156,0.9538461538461539,11.303908046621542,11.908226132392883,4.999294657148176,0.989112426035503,0.8923076923076924,1.0,,5.0,4.0
LSTM,scratch,9550,ocdet,two_hole,heldout,val,chain_r+chain_s,,65,1.0,0.0,0.0,1.0,1.0,0.0,0.0,1.0,1.0,0.0,0.0,1.0,11.508590624882626,12.187643885612488,3.9549850445514694,0.9978698224852071,1.0,1.0,,5.0,6.0
LSTM,scratch,9550,ocdet,two_hole,heldout,val,chain_r+chain_s,,52,0.9807692307692307,0.0,0.019230769230769232,0.9807692307692307,0.9807692307692307,0.0,0.019230769230769232,0.9807692307692307,0.9807692307692307,0.0,0.019230769230769232,0.9807692307692307,13.386795872679123,13.667915344238281,4.44810281197939,0.9985207100591715,0.9423076923076923,1.0,,6.0,1.0
LSTM,scratch,9550,ocdet,two_hole,heldout,val,chain_r+chain_s,,65,0.9846153846153847,0.0,0.015384615384615385,0.9846153846153847,0.9846153846153847,0.0,0.015384615384615385,0.9846153846153847,0.9846153846153847,0.0,0.015384615384615385,0.9846153846153847,13.573653178260876,14.011075019836426,4.0780678558918515,0.9983431952662721,0.9538461538461539,1.0,,6.0,2.0
LSTM,scratch,9550,ocdet,two_hole,heldout,val,chain_r+chain_s,,79,0.9873417721518988,0.0,0.012658227848101266,0.9873417721518988,0.9873417721518988,0.0,0.012658227848101266,0.9873417721518988,0.9873417721518988,0.0,0.012658227848101266,0.9873417721518988,12.646322919786732,13.471531867980957,4.566992739160975,0.9943919243710944,0.9617088607594937,1.0,,6.0,3.0
LSTM,scratch,9550,ocdet,two_hole,heldout,val,chain_r+chain_s,,56,0.9821428571428571,0.0,0.017857142857142856,0.9821428571428571,0.9821428571428571,0.0,0.017857142857142856,0.9821428571428571,0.9821428571428571,0.0,0.017857142857142856,0.9821428571428571,12.099565162988645,13.256148636341095,4.638235900889046,0.9834183673469388,0.9464285714285714,1.0,,6.0,4.0
LSTM,scratch,9550,ocdet,two_hole,heldout,val,chain_r+chain_s,,62,0.9838709677419355,0.0,0.016129032258064516,0.9838709677419355,0.9838709677419355,0.0,0.016129032258064516,0.9838709677419355,0.9838709677419355,0.0,0.016129032258064516,0.9838709677419355,12.342846746406247,12.446795344352722,4.145546772694604,0.9973985431841831,0.9516129032258065,1.0,,6.0,5.0
LSTM,scratch,9550,ocdet,two_hole,heldout,test,orientation,1.0,5051,0.9978222134230845,0.0,0.002177786576915462,0.9978222134230845,0.9978222134230845,0.0,0.002177786576915462,0.9978222134230845,0.9978222134230845,0.0,0.002177786576915462,0.9978222134230845,12.498023919777406,12.95264983177185,3.133740442638936,0.9995102420172681,0.9964363492377747,0.9990100970104929,,,
LSTM,scratch,9550,ocdet,two_hole,heldout,test,orientation,2.0,4949,0.9769650434431199,0.0,0.023034956556880176,0.9769650434431199,0.9769650434431199,0.0,0.023034956556880176,0.9769650434431199,0.9769650434431199,0.0,0.023034956556880176,0.9769650434431199,13.056924994993533,14.550312995910645,5.818055597767233,0.9912446620103761,0.9727217619721156,0.9810113154172561,,,
LSTM,scratch,9550,ocdet,two_hole,heldout,test,kappa_gap,,3321,0.983739837398374,0.0,0.016260162601626018,0.983739837398374,0.983739837398374,0.0,0.016260162601626018,0.983739837398374,0.983739837398374,0.0,0.016260162601626018,0.983739837398374,11.531790123049374,12.078205227851868,4.791270258835018,0.9918327441161929,0.9795242396868413,0.9876618488407106,1.0,,
LSTM,scratch,9550,ocdet,two_hole,heldout,test,kappa_gap,,2689,0.9947936035701004,0.0,0.005206396429899591,0.9947936035701004,0.9947936035701004,0.0,0.005206396429899591,0.9947936035701004,0.9947936035701004,0.0,0.005206396429899591,0.9947936035701004,13.397080444677828,13.931372880935669,4.376036158433521,0.9971813322627163,0.9914466344365935,0.9973968017850502,2.0,,
LSTM,scratch,9550,ocdet,two_hole,heldout,test,kappa_gap,,2008,0.9845617529880478,0.0,0.015438247011952191,0.9845617529880478,0.9845617529880478,0.0,0.015438247011952191,0.9845617529880478,0.9845617529880478,0.0,0.015438247011952191,0.9845617529880478,13.75773133802788,14.40642786026001,4.456172161218995,0.9958864740242219,0.9790712151394423,0.9895418326693227,3.0,,
LSTM,scratch,9550,ocdet,two_hole,heldout,test,kappa_gap,,1313,0.9885757806549885,0.0,0.011424219345011425,0.9885757806549885,0.9885757806549885,0.0,0.011424219345011425,0.9885757806549885,0.9885757806549885,0.0,0.011424219345011425,0.9885757806549885,13.368221496285052,14.09957218170166,4.538071262515889,0.9955950484028425,0.9824828636709825,0.993907083015994,4.0,,
LSTM,scratch,9550,ocdet,two_hole,heldout,test,kappa_gap,,669,0.9835575485799701,0.0,0.016442451420029897,0.9835575485799701,0.9835575485799701,0.0,0.016442451420029897,0.9835575485799701,0.9835575485799701,0.0,0.016442451420029897,0.9835575485799701,12.326482740285151,13.125041007995605,4.663789774011015,0.9908571122148713,0.9730941704035875,0.992526158445441,5.0,,
LSTM,scratch,9550,ocdet,two_hole,heldout,test,chain_r+chain_s,,352,1.0,0.0,0.0,1.0,1.0,0.0,0.0,1.0,1.0,0.0,0.0,1.0,13.786825575527143,14.018094897270203,4.106782126162517,0.9988216683884298,1.0,1.0,,1.0,2.0
LSTM,scratch,9550,ocdet,two_hole,heldout,test,chain_r+chain_s,,326,1.0,0.0,0.0,1.0,1.0,0.0,0.0,1.0,1.0,0.0,0.0,1.0,13.94096427616532,14.529648780822754,4.713823162262494,0.9966690503970793,1.0,1.0,,1.0,3.0
LSTM,scratch,9550,ocdet,two_hole,heldout,test,chain_r+chain_s,,323,1.0,0.0,0.0,1.0,1.0,0.0,0.0,1.0,1.0,0.0,0.0,1.0,13.630035386781206,13.985144853591919,4.376524285486004,0.99875394185701,1.0,1.0,,1.0,4.0
LSTM,scratch,9550,ocdet,two_hole,heldout,test,chain_r+chain_s,,334,0.9970059880239521,0.0,0.0029940119760479044,0.9970059880239521,0.9970059880239521,0.0,0.0029940119760479044,0.9970059880239521,0.9970059880239521,0.0,0.0029940119760479044,0.9970059880239521,12.748379660045316,13.486885905265808,4.588182120210999,0.9956524077593316,0.9910179640718563,1.0,,1.0,5.0
LSTM,scratch,9550,ocdet,two_hole,heldout,test,chain_r+chain_s,,339,1.0,0.0,0.0,1.0,1.0,0.0,0.0,1.0,1.0,0.0,0.0,1.0,12.159737476117492,12.606602787971497,3.8260149536105765,0.9992255549464415,1.0,1.0,,1.0,6.0
LSTM,scratch,9550,ocdet,two_hole,heldout,test,chain_r+chain_s,,353,0.9915014164305949,0.0,0.0084985835694051,0.9915014164305949,0.9915014164305949,0.0,0.0084985835694051,0.9915014164305949,0.9915014164305949,0.0,0.0084985835694051,0.9915014164305949,13.82398313655394,14.3630952835083,4.675195340192729,0.994936160309448,0.9801699716713881,1.0,,2.0,1.0
LSTM,scratch,9550,ocdet,two_hole,heldout,test,chain_r+chain_s,,316,0.990506329113924,0.0,0.00949367088607595,0.990506329113924,0.990506329113924,0.0,0.00949367088607595,0.990506329113924,0.990506329113924,0.0,0.00949367088607595,0.990506329113924,12.865772682701863,13.808404207229614,4.527219742276034,0.9965249959942317,0.9778481012658228,1.0,,2.0,3.0
LSTM,scratch,9550,ocdet,two_hole,heldout,test,chain_r+chain_s,,325,0.9907692307692307,0.0,0.009230769230769232,0.9907692307692307,0.9907692307692307,0.0,0.009230769230769232,0.9907692307692307,0.9907692307692307,0.0,0.009230769230769232,0.9907692307692307,13.901231970741199,14.390185356140137,4.801975264484122,0.9978603550295858,0.9784615384615385,1.0,,2.0,4.0
LSTM,scratch,9550,ocdet,two_hole,heldout,test,chain_r+chain_s,,297,0.9932659932659933,0.0,0.006734006734006734,0.9932659932659933,0.9932659932659933,0.0,0.006734006734006734,0.9932659932659933,0.9932659932659933,0.0,0.006734006734006734,0.9932659932659933,13.580844746645452,13.968629598617554,4.462593138217709,0.9984355337890692,0.9831649831649831,1.0,,2.0,5.0
LSTM,scratch,9550,ocdet,two_hole,heldout,test,chain_r+chain_s,,341,0.9941348973607038,0.0,0.005865102639296188,0.9941348973607038,0.9941348973607038,0.0,0.005865102639296188,0.9941348973607038,0.9941348973607038,0.0,0.005865102639296188,0.9941348973607038,13.208862043327251,13.944775819778442,4.329184993874681,0.9982886284087684,0.9853372434017595,1.0,,2.0,6.0
LSTM,scratch,9550,ocdet,two_hole,heldout,test,chain_r+chain_s,,345,0.9884057971014493,0.0,0.011594202898550725,0.9884057971014493,0.9884057971014493,0.0,0.011594202898550725,0.9884057971014493,0.9884057971014493,0.0,0.011594202898550725,0.9884057971014493,14.00116719150025,14.7475905418396,4.78396263175006,0.9955219491703424,0.9768115942028985,0.9971014492753624,,3.0,1.0
LSTM,scratch,9550,ocdet,two_hole,heldout,test,chain_r+chain_s,,346,0.9797687861271677,0.0,0.02023121387283237,0.9797687861271677,0.9797687861271677,0.0,0.02023121387283237,0.9797687861271677,0.9797687861271677,0.0,0.02023121387283237,0.9797687861271677,12.786500159112704,14.070704817771912,4.9499260498193545,0.991563366634368,0.9653179190751445,0.9914017341040462,,3.0,2.0
LSTM,scratch,9550,ocdet,two_hole,heldout,test,chain_r+chain_s,,346,0.9826589595375722,0.0,0.017341040462427744,0.9826589595375722,0.9826589595375722,0.0,0.017341040462427744,0.9826589595375722,0.9826589595375722,0.0,0.017341040462427744,0.9826589595375722,11.897737586687755,12.715807139873505,4.805341141342355,0.9921814962076916,0.9682080924855492,0.9942196531791907,,3.0,4.0
LSTM,scratch,9550,ocdet,two_hole,heldout,test,chain_r+chain_s,,336,0.9970238095238095,0.0,0.002976190476190476,0.9970238095238095,0.9970238095238095,0.0,0.002976190476190476,0.9970238095238095,0.9970238095238095,0.0,0.002976190476190476,0.9970238095238095,12.978194374058928,13.692956686019897,4.848549184946049,0.9970238095238095,0.9910714285714286,1.0,,3.0,5.0
LSTM,scratch,9550,ocdet,two_hole,heldout,test,chain_r+chain_s,,375,0.992,0.0,0.008,0.992,0.992,0.0,0.008,0.992,0.992,0.0,0.008,0.992,12.621503240187963,13.135488986968994,4.643932168288997,0.9943324444444445,0.9813333333333333,1.0,,3.0,6.0
LSTM,scratch,9550,ocdet,two_hole,heldout,test,chain_r+chain_s,,346,0.9855491329479769,0.0,0.014450867052023121,0.9855491329479769,0.9855491329479769,0.0,0.014450867052023121,0.9855491329479769,0.9855491329479769,0.0,0.014450867052023121,0.9855491329479769,13.662541420818064,14.002832114696503,4.791019216347598,0.9944368338400882,0.9710982658959537,0.9971098265895953,,4.0,1.0
LSTM,scratch,9550,ocdet,two_hole,heldout,test,chain_r+chain_s,,303,0.9933993399339934,0.0,0.006600660066006601,0.9933993399339934,0.9933993399339934,0.0,0.006600660066006601,0.9933993399339934,0.9933993399339934,0.0,0.006600660066006601,0.9933993399339934,13.397723330277028,14.320620775222778,4.323672826800138,0.9952292258928863,0.9834983498349835,1.0,,4.0,2.0
LSTM,scratch,9550,ocdet,two_hole,heldout,test,chain_r+chain_s,,325,0.963076923076923,0.0,0.036923076923076927,0.963076923076923,0.963076923076923,0.0,0.036923076923076927,0.963076923076923,0.963076923076923,0.0,0.036923076923076927,0.963076923076923,11.958040657685354,13.171795725822449,5.087790438297422,0.9856473372781065,0.9415384615384615,0.9815384615384616,,4.0,3.0
LSTM,scratch,9550,ocdet,two_hole,heldout,test,chain_r+chain_s,,345,0.9884057971014493,0.0,0.011594202898550725,0.9884057971014493,0.9884057971014493,0.0,0.011594202898550725,0.9884057971014493,0.9884057971014493,0.0,0.011594202898550725,0.9884057971014493,12.339425672353178,13.03261399269104,4.292719399222908,0.9963032976265491,0.9768115942028985,0.9971014492753624,,4.0,5.0
LSTM,scratch,9550,ocdet,two_hole,heldout,test,chain_r+chain_s,,352,0.9886363636363636,0.0,0.011363636363636364,0.9886363636363636,0.9886363636363636,0.0,0.011363636363636364,0.9886363636363636,0.9886363636363636,0.0,0.011363636363636364,0.9886363636363636,12.513345672156323,13.462734341621399,5.031527798622468,0.9952382489669422,0.9744318181818182,0.9971590909090909,,4.0,6.0
LSTM,scratch,9550,ocdet,two_hole,heldout,test,chain_r+chain_s,,294,0.9795918367346939,0.0,0.02040816326530612,0.9795918367346939,0.9795918367346939,0.0,0.02040816326530612,0.9795918367346939,0.9795918367346939,0.0,0.02040816326530612,0.9795918367346939,12.839819725881629,13.614127039909363,4.527677428757204,0.9964598084131612,0.9625850340136054,0.9931972789115646,,5.0,1.0
LSTM,scratch,9550,ocdet,two_hole,heldout,test,chain_r+chain_s,,325,0.9876923076923076,0.0,0.012307692307692308,0.9876923076923076,0.9876923076923076,0.0,0.012307692307692308,0.9876923076923076,0.9876923076923076,0.0,0.012307692307692308,0.9876923076923076,12.627671274772057,13.207525730133057,4.4091865458535855,0.9961846153846153,0.9753846153846154,0.9969230769230769,,5.0,2.0
LSTM,scratch,9550,ocdet,two_hole,heldout,test,chain_r+chain_s,,325,0.9907692307692307,0.0,0.009230769230769232,0.9907692307692307,0.9907692307692307,0.0,0.009230769230769232,0.9907692307692307,0.9907692307692307,0.0,0.009230769230769232,0.9907692307692307,12.53953943325923,13.408100247383118,4.6496536894166365,0.9947739644970415,0.9784615384615385,1.0,,5.0,3.0
LSTM,scratch,9550,ocdet,two_hole,heldout,test,chain_r+chain_s,,319,0.9811912225705329,0.0,0.018808777429467086,0.9811912225705329,0.9811912225705329,0.0,0.018808777429467086,0.9811912225705329,0.9811912225705329,0.0,0.018808777429467086,0.9811912225705329,11.337948319073007,12.572697401046753,4.808265094791629,0.9909985161309343,0.9655172413793104,0.9937304075235109,,5.0,4.0
LSTM,scratch,9550,ocdet,two_hole,heldout,test,chain_r+chain_s,,324,0.9753086419753086,0.0,0.024691358024691357,0.9753086419753086,0.9753086419753086,0.0,0.024691358024691357,0.9753086419753086,0.9753086419753086,0.0,0.024691358024691357,0.9753086419753086,10.684877779978661,11.57338261604309,4.330496694956988,0.9940081542447798,0.9567901234567902,0.9907407407407407,,5.0,6.0
LSTM,scratch,9550,ocdet,two_hole,heldout,test,chain_r+chain_s,,295,0.9966101694915255,0.0,0.003389830508474576,0.9966101694915255,0.9966101694915255,0.0,0.003389830508474576,0.9966101694915255,0.9966101694915255,0.0,0.003389830508474576,0.9966101694915255,12.76054671032954,13.846338272094727,4.458421807413571,0.993599540361965,0.9898305084745763,1.0,,6.0,1.0
LSTM,scratch,9550,ocdet,two_hole,heldout,test,chain_r+chain_s,,351,0.9829059829059829,0.0,0.017094017094017096,0.9829059829059829,0.9829059829059829,0.0,0.017094017094017096,0.9829059829059829,0.9829059829059829,0.0,0.017094017094017096,0.9829059829059829,13.077624010606709,14.043765544891357,4.410991253032031,0.994959456497918,0.9686609686609686,0.9943019943019943,,6.0,2.0
LSTM,scratch,9550,ocdet,two_hole,heldout,test,chain_r+chain_s,,323,0.9814241486068112,0.0,0.018575851393188854,0.9814241486068112,0.9814241486068112,0.0,0.018575851393188854,0.9814241486068112,0.9814241486068112,0.0,0.018575851393188854,0.9814241486068112,12.277198125703416,13.147597312927246,4.374770587441772,0.9956292114368968,0.9659442724458205,0.9938080495356038,,6.0,3.0
LSTM,scratch,9550,ocdet,two_hole,heldout,test,chain_r+chain_s,,365,0.9808219178082191,0.0,0.019178082191780823,0.9808219178082191,0.9808219178082191,0.0,0.019178082191780823,0.9808219178082191,0.9808219178082191,0.0,0.019178082191780823,0.9808219178082191,12.442002543357953,13.360278606414795,4.511514637266279,0.992493901294802,0.9671232876712329,0.9945205479452055,,6.0,4.0
LSTM,scratch,9550,ocdet,two_hole,heldout,test,chain_r+chain_s,,354,0.9548022598870056,0.0,0.04519774011299435,0.9548022598870056,0.9548022598870056,0.0,0.04519774011299435,0.9548022598870056,0.9548022598870056,0.0,0.04519774011299435,0.9548022598870056,10.93390150166164,11.758944749832153,4.92974767666522,0.986027322927639,0.9322033898305084,0.9745762711864406,,6.0,5.0
LSTM,scratch,9552,ocdet,two_hole,clean,val,orientation,1.0,1052,1.0,0.0,0.0,1.0,1.0,0.0,0.0,1.0,1.0,0.0,0.0,1.0,15.159699505216269,15.253906726837158,1.9554253920664861,1.0,1.0,1.0,,,
LSTM,scratch,9552,ocdet,two_hole,clean,val,orientation,2.0,948,1.0,0.0,0.0,1.0,1.0,0.0,0.0,1.0,1.0,0.0,0.0,1.0,20.897056004417596,20.97064471244812,1.6260273948849204,1.0,1.0,1.0,,,
LSTM,scratch,9552,ocdet,two_hole,clean,val,kappa_gap,,673,1.0,0.0,0.0,1.0,1.0,0.0,0.0,1.0,1.0,0.0,0.0,1.0,16.94741795525331,16.790992259979248,3.490327512258471,1.0,1.0,1.0,1.0,,
LSTM,scratch,9552,ocdet,two_hole,clean,val,kappa_gap,,511,1.0,0.0,0.0,1.0,1.0,0.0,0.0,1.0,1.0,0.0,0.0,1.0,17.996321479634997,17.92447566986084,3.352586132656042,1.0,1.0,1.0,2.0,,
LSTM,scratch,9552,ocdet,two_hole,clean,val,kappa_gap,,418,1.0,0.0,0.0,1.0,1.0,0.0,0.0,1.0,1.0,0.0,0.0,1.0,18.313577759779243,17.965847849845886,3.177399836035438,1.0,1.0,1.0,3.0,,
LSTM,scratch,9552,ocdet,two_hole,clean,val,kappa_gap,,262,1.0,0.0,0.0,1.0,1.0,0.0,0.0,1.0,1.0,0.0,0.0,1.0,18.71927408999159,18.346544981002808,2.9711298493718146,1.0,1.0,1.0,4.0,,
LSTM,scratch,9552,ocdet,two_hole,clean,val,kappa_gap,,136,1.0,0.0,0.0,1.0,1.0,0.0,0.0,1.0,1.0,0.0,0.0,1.0,19.096728650962604,18.829477071762085,3.221278979265685,1.0,1.0,1.0,5.0,,
LSTM,scratch,9552,ocdet,two_hole,clean,val,chain_r+chain_s,,53,1.0,0.0,0.0,1.0,1.0,0.0,0.0,1.0,1.0,0.0,0.0,1.0,18.03485410393409,15.161131858825684,4.642593450953417,1.0,1.0,1.0,,1.0,2.0
LSTM,scratch,9552,ocdet,two_hole,clean,val,chain_r+chain_s,,82,1.0,0.0,0.0,1.0,1.0,0.0,0.0,1.0,1.0,0.0,0.0,1.0,17.33267466978329,14.897839784622192,4.285092453765835,1.0,1.0,1.0,,1.0,3.0
LSTM,scratch,9552,ocdet,two_hole,clean,val,chain_r+chain_s,,58,1.0,0.0,0.0,1.0,1.0,0.0,0.0,1.0,1.0,0.0,0.0,1.0,17.03493659866267,15.102095365524292,3.8440450445606795,1.0,1.0,1.0,,1.0,4.0
LSTM,scratch,9552,ocdet,two_hole,clean,val,chain_r+chain_s,,60,1.0,0.0,0.0,1.0,1.0,0.0,0.0,1.0,1.0,0.0,0.0,1.0,16.147541362047196,14.119498252868652,4.171917836647858,1.0,1.0,1.0,,1.0,5.0
LSTM,scratch,9552,ocdet,two_hole,clean,val,chain_r+chain_s,,71,1.0,0.0,0.0,1.0,1.0,0.0,0.0,1.0,1.0,0.0,0.0,1.0,17.04410510331812,17.625905990600586,4.4265009250223315,1.0,1.0,1.0,,1.0,6.0
LSTM,scratch,9552,ocdet,two_hole,clean,val,chain_r+chain_s,,67,1.0,0.0,0.0,1.0,1.0,0.0,0.0,1.0,1.0,0.0,0.0,1.0,17.63949745092819,16.53727149963379,2.8585491618809895,1.0,1.0,1.0,,2.0,1.0
LSTM,scratch,9552,ocdet,two_hole,clean,val,chain_r+chain_s,,49,1.0,0.0,0.0,1.0,1.0,0.0,0.0,1.0,1.0,0.0,0.0,1.0,17.218863672139694,16.27488374710083,3.098712621256479,1.0,1.0,1.0,,2.0,3.0
LSTM,scratch,9552,ocdet,two_hole,clean,val,chain_r+chain_s,,87,1.0,0.0,0.0,1.0,1.0,0.0,0.0,1.0,1.0,0.0,0.0,1.0,16.445857979785437,15.464444875717163,3.0911021403161536,1.0,1.0,1.0,,2.0,4.0
LSTM,scratch,9552,ocdet,two_hole,clean,val,chain_r+chain_s,,50,1.0,0.0,0.0,1.0,1.0,0.0,0.0,1.0,1.0,0.0,0.0,1.0,16.82478884935379,15.93172287940979,2.5773670929016155,1.0,1.0,1.0,,2.0,5.0
LSTM,scratch,9552,ocdet,two_hole,clean,val,chain_r+chain_s,,70,1.0,0.0,0.0,1.0,1.0,0.0,0.0,1.0,1.0,0.0,0.0,1.0,16.341705015727452,15.336523294448853,3.326145505558447,1.0,1.0,1.0,,2.0,6.0
LSTM,scratch,9552,ocdet,two_hole,clean,val,chain_r+chain_s,,67,1.0,0.0,0.0,1.0,1.0,0.0,0.0,1.0,1.0,0.0,0.0,1.0,18.58729001835211,18.599910259246826,2.0175663316351833,1.0,1.0,1.0,,3.0,1.0
LSTM,scratch,9552,ocdet,two_hole,clean,val,chain_r+chain_s,,67,1.0,0.0,0.0,1.0,1.0,0.0,0.0,1.0,1.0,0.0,0.0,1.0,18.582014162149,18.176682949066162,2.075605497790901,1.0,1.0,1.0,,3.0,2.0
LSTM,scratch,9552,ocdet,two_hole,clean,val,chain_r+chain_s,,57,1.0,0.0,0.0,1.0,1.0,0.0,0.0,1.0,1.0,0.0,0.0,1.0,17.059930010845786,16.639485120773315,1.8413323510267945,1.0,1.0,1.0,,3.0,4.0
LSTM,scratch,9552,ocdet,two_hole,clean,val,chain_r+chain_s,,69,1.0,0.0,0.0,1.0,1.0,0.0,0.0,1.0,1.0,0.0,0.0,1.0,17.479325645211816,18.008554458618164,2.4358173889767234,1.0,1.0,1.0,,3.0,5.0
LSTM,scratch,9552,ocdet,two_hole,clean,val,chain_r+chain_s,,71,1.0,0.0,0.0,1.0,1.0,0.0,0.0,1.0,1.0,0.0,0.0,1.0,16.295399293093613,16.45210313796997,2.675102051337932,1.0,1.0,1.0,,3.0,6.0
LSTM,scratch,9552,ocdet,two_hole,clean,val,chain_r+chain_s,,63,1.0,0.0,0.0,1.0,1.0,0.0,0.0,1.0,1.0,0.0,0.0,1.0,18.59629831806062,19.297297954559326,3.1923568509055906,1.0,1.0,1.0,,4.0,1.0
LSTM,scratch,9552,ocdet,two_hole,clean,val,chain_r+chain_s,,78,1.0,0.0,0.0,1.0,1.0,0.0,0.0,1.0,1.0,0.0,0.0,1.0,19.290043260806645,19.552996397018433,2.874719768395232,1.0,1.0,1.0,,4.0,2.0
LSTM,scratch,9552,ocdet,two_hole,clean,val,chain_r+chain_s,,55,1.0,0.0,0.0,1.0,1.0,0.0,0.0,1.0,1.0,0.0,0.0,1.0,18.514678697152572,18.144050121307373,2.418443124534984,1.0,1.0,1.0,,4.0,3.0
LSTM,scratch,9552,ocdet,two_hole,clean,val,chain_r+chain_s,,60,1.0,0.0,0.0,1.0,1.0,0.0,0.0,1.0,1.0,0.0,0.0,1.0,17.762277978658677,16.58419108390808,3.388431626974763,1.0,1.0,1.0,,4.0,5.0
LSTM,scratch,9552,ocdet,two_hole,clean,val,chain_r+chain_s,,63,1.0,0.0,0.0,1.0,1.0,0.0,0.0,1.0,1.0,0.0,0.0,1.0,16.8784366051356,15.5915846824646,3.4952202072029377,1.0,1.0,1.0,,4.0,6.0
LSTM,scratch,9552,ocdet,two_hole,clean,val,chain_r+chain_s,,82,1.0,0.0,0.0,1.0,1.0,0.0,0.0,1.0,1.0,0.0,0.0,1.0,18.777758477664577,18.289978504180908,3.1596082602683158,1.0,1.0,1.0,,5.0,1.0
LSTM,scratch,9552,ocdet,two_hole,clean,val,chain_r+chain_s,,70,1.0,0.0,0.0,1.0,1.0,0.0,0.0,1.0,1.0,0.0,0.0,1.0,19.31249177285603,18.052311539649963,2.836448503764694,1.0,1.0,1.0,,5.0,2.0
LSTM,scratch,9552,ocdet,two_hole,clean,val,chain_r+chain_s,,74,1.0,0.0,0.0,1.0,1.0,0.0,0.0,1.0,1.0,0.0,0.0,1.0,19.078209350237977,18.95647966861725,2.3708530299914248,1.0,1.0,1.0,,5.0,3.0
LSTM,scratch,9552,ocdet,two_hole,clean,val,chain_r+chain_s,,76,1.0,0.0,0.0,1.0,1.0,0.0,0.0,1.0,1.0,0.0,0.0,1.0,19.370135018700047,19.246832013130188,2.320749199146025,1.0,1.0,1.0,,5.0,4.0
LSTM,scratch,9552,ocdet,two_hole,clean,val,chain_r+chain_s,,62,1.0,0.0,0.0,1.0,1.0,0.0,0.0,1.0,1.0,0.0,0.0,1.0,18.635053901903092,20.355393648147583,3.5258653548609944,1.0,1.0,1.0,,5.0,6.0
LSTM,scratch,9552,ocdet,two_hole,clean,val,chain_r+chain_s,,69,1.0,0.0,0.0,1.0,1.0,0.0,0.0,1.0,1.0,0.0,0.0,1.0,17.90830465503361,16.106766939163208,3.675218248717885,1.0,1.0,1.0,,6.0,1.0
LSTM,scratch,9552,ocdet,two_hole,clean,val,chain_r+chain_s,,73,1.0,0.0,0.0,1.0,1.0,0.0,0.0,1.0,1.0,0.0,0.0,1.0,18.60566682521611,20.728177070617676,3.9455079951487444,1.0,1.0,1.0,,6.0,2.0
LSTM,scratch,9552,ocdet,two_hole,clean,val,chain_r+chain_s,,57,1.0,0.0,0.0,1.0,1.0,0.0,0.0,1.0,1.0,0.0,0.0,1.0,18.785800243678846,20.477356910705566,3.7197844528379727,1.0,1.0,1.0,,6.0,3.0
LSTM,scratch,9552,ocdet,two_hole,clean,val,chain_r+chain_s,,78,1.0,0.0,0.0,1.0,1.0,0.0,0.0,1.0,1.0,0.0,0.0,1.0,18.335913662727062,16.758037209510803,3.3243255488094583,1.0,1.0,1.0,,6.0,4.0
LSTM,scratch,9552,ocdet,two_hole,clean,val,chain_r+chain_s,,62,1.0,0.0,0.0,1.0,1.0,0.0,0.0,1.0,1.0,0.0,0.0,1.0,17.702497457304307,16.067683577537537,3.353038469912232,1.0,1.0,1.0,,6.0,5.0
LSTM,scratch,9552,ocdet,two_hole,clean,test,orientation,1.0,5099,1.0,0.0,0.0,1.0,1.0,0.0,0.0,1.0,1.0,0.0,0.0,1.0,14.996611346246846,15.132357835769653,1.9327825838089514,1.0,1.0,1.0,,,
LSTM,scratch,9552,ocdet,two_hole,clean,test,orientation,2.0,4901,1.0,0.0,0.0,1.0,1.0,0.0,0.0,1.0,1.0,0.0,0.0,1.0,20.858896623178783,20.899305820465088,1.7022135936864808,1.0,1.0,1.0,,,
LSTM,scratch,9552,ocdet,two_hole,clean,test,kappa_gap,,3399,1.0,0.0,0.0,1.0,1.0,0.0,0.0,1.0,1.0,0.0,0.0,1.0,16.791180008047466,16.348180055618286,3.582220781963536,1.0,1.0,1.0,1.0,,
LSTM,scratch,9552,ocdet,two_hole,clean,test,kappa_gap,,2701,1.0,0.0,0.0,1.0,1.0,0.0,0.0,1.0,1.0,0.0,0.0,1.0,18.13933972683892,18.789783477783203,3.304770851243011,1.0,1.0,1.0,2.0,,
LSTM,scratch,9552,ocdet,two_hole,clean,test,kappa_gap,,1974,1.0,0.0,0.0,1.0,1.0,0.0,0.0,1.0,1.0,0.0,0.0,1.0,18.429866079622247,18.471556544303894,3.156495852901722,1.0,1.0,1.0,3.0,,
LSTM,scratch,9552,ocdet,two_hole,clean,test,kappa_gap,,1310,1.0,0.0,0.0,1.0,1.0,0.0,0.0,1.0,1.0,0.0,0.0,1.0,18.680562217362965,18.62286615371704,3.1245182475133753,1.0,1.0,1.0,4.0,,
LSTM,scratch,9552,ocdet,two_hole,clean,test,kappa_gap,,616,1.0,0.0,0.0,1.0,1.0,0.0,0.0,1.0,1.0,0.0,0.0,1.0,19.119324690335755,18.979275941848755,3.3626764362330004,1.0,1.0,1.0,5.0,,
LSTM,scratch,9552,ocdet,two_hole,clean,test,chain_r+chain_s,,351,1.0,0.0,0.0,1.0,1.0,0.0,0.0,1.0,1.0,0.0,0.0,1.0,18.013631348086896,15.447725296020508,4.789535895227479,1.0,1.0,1.0,,1.0,2.0
LSTM,scratch,9552,ocdet,two_hole,clean,test,chain_r+chain_s,,337,1.0,0.0,0.0,1.0,1.0,0.0,0.0,1.0,1.0,0.0,0.0,1.0,18.001535804406117,20.860018730163574,4.453101127243871,1.0,1.0,1.0,,1.0,3.0
LSTM,scratch,9552,ocdet,two_hole,clean,test,chain_r+chain_s,,365,1.0,0.0,0.0,1.0,1.0,0.0,0.0,1.0,1.0,0.0,0.0,1.0,17.136336704149638,15.314479112625122,3.7357251947519337,1.0,1.0,1.0,,1.0,4.0
LSTM,scratch,9552,ocdet,two_hole,clean,test,chain_r+chain_s,,329,1.0,0.0,0.0,1.0,1.0,0.0,0.0,1.0,1.0,0.0,0.0,1.0,16.825910756290863,14.654603242874146,4.32136084549636,1.0,1.0,1.0,,1.0,5.0
LSTM,scratch,9552,ocdet,two_hole,clean,test,chain_r+chain_s,,309,1.0,0.0,0.0,1.0,1.0,0.0,0.0,1.0,1.0,0.0,0.0,1.0,16.530861364213393,14.177844047546387,4.268799345792139,1.0,1.0,1.0,,1.0,6.0
LSTM,scratch,9552,ocdet,two_hole,clean,test,chain_r+chain_s,,362,1.0,0.0,0.0,1.0,1.0,0.0,0.0,1.0,1.0,0.0,0.0,1.0,18.25845027957832,17.072162747383118,3.0470106501206113,1.0,1.0,1.0,,2.0,1.0
LSTM,scratch,9552,ocdet,two_hole,clean,test,chain_r+chain_s,,353,1.0,0.0,0.0,1.0,1.0,0.0,0.0,1.0,1.0,0.0,0.0,1.0,17.30153423058075,16.289237022399902,2.9528831844706924,1.0,1.0,1.0,,2.0,3.0
LSTM,scratch,9552,ocdet,two_hole,clean,test,chain_r+chain_s,,363,1.0,0.0,0.0,1.0,1.0,0.0,0.0,1.0,1.0,0.0,0.0,1.0,16.83344083708344,17.617626667022705,3.1460459640808702,1.0,1.0,1.0,,2.0,4.0
LSTM,scratch,9552,ocdet,two_hole,clean,test,chain_r+chain_s,,346,1.0,0.0,0.0,1.0,1.0,0.0,0.0,1.0,1.0,0.0,0.0,1.0,16.550980420643196,15.942448258399963,2.790815753100339,1.0,1.0,1.0,,2.0,5.0
LSTM,scratch,9552,ocdet,two_hole,clean,test,chain_r+chain_s,,341,1.0,0.0,0.0,1.0,1.0,0.0,0.0,1.0,1.0,0.0,0.0,1.0,16.158655100204378,15.692501544952393,3.3722404548269806,1.0,1.0,1.0,,2.0,6.0
LSTM,scratch,9552,ocdet,two_hole,clean,test,chain_r+chain_s,,362,1.0,0.0,0.0,1.0,1.0,0.0,0.0,1.0,1.0,0.0,0.0,1.0,18.501454819302534,18.28809118270874,2.274339930610974,1.0,1.0,1.0,,3.0,1.0
LSTM,scratch,9552,ocdet,two_hole,clean,test,chain_r+chain_s,,319,1.0,0.0,0.0,1.0,1.0,0.0,0.0,1.0,1.0,0.0,0.0,1.0,18.631448377262462,18.743102073669434,2.2574463163608267,1.0,1.0,1.0,,3.0,2.0
LSTM,scratch,9552,ocdet,two_hole,clean,test,chain_r+chain_s,,308,1.0,0.0,0.0,1.0,1.0,0.0,0.0,1.0,1.0,0.0,0.0,1.0,16.936644669089997,16.608540415763855,2.2807154930286258,1.0,1.0,1.0,,3.0,4.0
LSTM,scratch,9552,ocdet,two_hole,clean,test,chain_r+chain_s,,316,1.0,0.0,0.0,1.0,1.0,0.0,0.0,1.0,1.0,0.0,0.0,1.0,17.212515135731877,16.80180525779724,2.5680349676107794,1.0,1.0,1.0,,3.0,5.0
LSTM,scratch,9552,ocdet,two_hole,clean,test,chain_r+chain_s,,312,1.0,0.0,0.0,1.0,1.0,0.0,0.0,1.0,1.0,0.0,0.0,1.0,16.444951531596672,16.472753167152405,2.8276809148565274,1.0,1.0,1.0,,3.0,6.0
LSTM,scratch,9552,ocdet,two_hole,clean,test,chain_r+chain_s,,319,1.0,0.0,0.0,1.0,1.0,0.0,0.0,1.0,1.0,0.0,0.0,1.0,18.816618012410345,19.44403648376465,3.148558997735099,1.0,1.0,1.0,,4.0,1.0
LSTM,scratch,9552,ocdet,two_hole,clean,test,chain_r+chain_s,,297,1.0,0.0,0.0,1.0,1.0,0.0,0.0,1.0,1.0,0.0,0.0,1.0,19.271195361911246,18.871005535125732,2.8100034078665836,1.0,1.0,1.0,,4.0,2.0
LSTM,scratch,9552,ocdet,two_hole,clean,test,chain_r+chain_s,,352,1.0,0.0,0.0,1.0,1.0,0.0,0.0,1.0,1.0,0.0,0.0,1.0,18.55914395776662,18.440265774726868,2.7118607413411073,1.0,1.0,1.0,,4.0,3.0
LSTM,scratch,9552,ocdet,two_hole,clean,test,chain_r+chain_s,,320,1.0,0.0,0.0,1.0,1.0,0.0,0.0,1.0,1.0,0.0,0.0,1.0,17.84971095956862,16.618524432182312,3.0802720020077445,1.0,1.0,1.0,,4.0,5.0
LSTM,scratch,9552,ocdet,two_hole,clean,test,chain_r+chain_s,,348,1.0,0.0,0.0,1.0,1.0,0.0,0.0,1.0,1.0,0.0,0.0,1.0,17.263979148933256,16.12275755405426,3.696296901863963,1.0,1.0,1.0,,4.0,6.0
LSTM,scratch,9552,ocdet,two_hole,clean,test,chain_r+chain_s,,325,1.0,0.0,0.0,1.0,1.0,0.0,0.0,1.0,1.0,0.0,0.0,1.0,18.74274015720074,18.484708070755005,3.221847163907096,1.0,1.0,1.0,,5.0,1.0
LSTM,scratch,9552,ocdet,two_hole,clean,test,chain_r+chain_s,,362,1.0,0.0,0.0,1.0,1.0,0.0,0.0,1.0,1.0,0.0,0.0,1.0,19.040398721536878,17.867971301078796,3.0754189850338642,1.0,1.0,1.0,,5.0,2.0
LSTM,scratch,9552,ocdet,two_hole,clean,test,chain_r+chain_s,,305,1.0,0.0,0.0,1.0,1.0,0.0,0.0,1.0,1.0,0.0,0.0,1.0,19.36788031624966,19.54006052017212,2.40630444948058,1.0,1.0,1.0,,5.0,3.0
LSTM,scratch,9552,ocdet,two_hole,clean,test,chain_r+chain_s,,334,1.0,0.0,0.0,1.0,1.0,0.0,0.0,1.0,1.0,0.0,0.0,1.0,19.265604429259273,19.38054871559143,2.363494448990494,1.0,1.0,1.0,,5.0,4.0
LSTM,scratch,9552,ocdet,two_hole,clean,test,chain_r+chain_s,,333,1.0,0.0,0.0,1.0,1.0,0.0,0.0,1.0,1.0,0.0,0.0,1.0,18.018203868880285,19.90976858139038,3.620350128940363,1.0,1.0,1.0,,5.0,6.0
LSTM,scratch,9552,ocdet,two_hole,clean,test,chain_r+chain_s,,322,1.0,0.0,0.0,1.0,1.0,0.0,0.0,1.0,1.0,0.0,0.0,1.0,18.48839571387131,16.49555516242981,3.9234925984566753,1.0,1.0,1.0,,6.0,1.0
LSTM,scratch,9552,ocdet,two_hole,clean,test,chain_r+chain_s,,351,1.0,0.0,0.0,1.0,1.0,0.0,0.0,1.0,1.0,0.0,0.0,1.0,17.93777576504949,16.368592023849487,3.941238048093972,1.0,1.0,1.0,,6.0,2.0
LSTM,scratch,9552,ocdet,two_hole,clean,test,chain_r+chain_s,,327,1.0,0.0,0.0,1.0,1.0,0.0,0.0,1.0,1.0,0.0,0.0,1.0,18.174147294931092,19.43071460723877,3.8208567525930635,1.0,1.0,1.0,,6.0,3.0
LSTM,scratch,9552,ocdet,two_hole,clean,test,chain_r+chain_s,,299,1.0,0.0,0.0,1.0,1.0,0.0,0.0,1.0,1.0,0.0,0.0,1.0,18.414446058081943,16.829856157302856,3.2887562169934528,1.0,1.0,1.0,,6.0,4.0
LSTM,scratch,9552,ocdet,two_hole,clean,test,chain_r+chain_s,,333,1.0,0.0,0.0,1.0,1.0,0.0,0.0,1.0,1.0,0.0,0.0,1.0,17.761937309313822,16.183001041412354,3.4660400356852668,1.0,1.0,1.0,,6.0,5.0
LSTM,scratch,9552,ocdet,two_hole,heldout,val,orientation,1.0,1030,0.9980582524271845,0.0,0.001941747572815534,0.9980582524271845,0.9980582524271845,0.0,0.001941747572815534,0.9980582524271845,0.9980582524271845,0.0,0.001941747572815534,0.9980582524271845,10.912602754906544,11.26652216911316,3.373761505821653,0.9997191064190781,0.9951456310679612,1.0,,,
LSTM,scratch,9552,ocdet,two_hole,heldout,val,orientation,2.0,970,0.9927835051546392,0.0,0.007216494845360825,0.9927835051546392,0.9927835051546392,0.0,0.007216494845360825,0.9927835051546392,0.9927835051546392,0.0,0.007216494845360825,0.9927835051546392,16.40048684104509,17.49077582359314,4.588284131616356,0.998001913061962,0.98659793814433,0.9969072164948454,,,
LSTM,scratch,9552,ocdet,two_hole,heldout,val,kappa_gap,,613,0.9918433931484503,0.0,0.008156606851549755,0.9918433931484503,0.9918433931484503,0.0,0.008156606851549755,0.9918433931484503,0.9918433931484503,0.0,0.008156606851549755,0.9918433931484503,11.731742299448996,11.793229103088379,4.928577734238295,0.9973654026809022,0.9836867862969005,0.99836867862969,1.0,,
LSTM,scratch,9552,ocdet,two_hole,heldout,val,kappa_gap,,557,0.9982046678635548,0.0,0.0017953321364452424,0.9982046678635548,0.9982046678635548,0.0,0.0017953321364452424,0.9982046678635548,0.9982046678635548,0.0,0.0017953321364452424,0.9982046678635548,14.04675888183194,14.273548603057861,4.870274042282604,0.9987912934449426,0.9946140035906643,1.0,2.0,,
LSTM,scratch,9552,ocdet,two_hole,heldout,val,kappa_gap,,432,0.9953703703703703,0.0,0.004629629629629629,0.9953703703703703,0.9953703703703703,0.0,0.004629629629629629,0.9953703703703703,0.9953703703703703,0.0,0.004629629629629629,0.9953703703703703,14.321114971474916,14.258015513420105,4.323737987284662,0.9981460048010974,0.9884259259259259,1.0,3.0,,
LSTM,scratch,9552,ocdet,two_hole,heldout,val,kappa_gap,,251,1.0,0.0,0.0,1.0,1.0,0.0,0.0,1.0,1.0,0.0,0.0,1.0,14.787076557062537,14.308556318283081,4.421645338622305,0.9999682544721512,1.0,1.0,4.0,,
LSTM,scratch,9552,ocdet,two_hole,heldout,val,kappa_gap,,147,0.9931972789115646,0.0,0.006802721088435374,0.9931972789115646,0.9931972789115646,0.0,0.006802721088435374,0.9931972789115646,0.9931972789115646,0.0,0.006802721088435374,0.9931972789115646,15.20117321853735,15.094676971435547,4.441014380457197,0.9963903928918506,0.9795918367346939,1.0,5.0,,
LSTM,scratch,9552,ocdet,two_hole,heldout,val,chain_r+chain_s,,78,1.0,0.0,0.0,1.0,1.0,0.0,0.0,1.0,1.0,0.0,0.0,1.0,12.851680230826904,10.923652291297913,5.160203607225263,1.0,1.0,1.0,,1.0,2.0
LSTM,scratch,9552,ocdet,two_hole,heldout,val,chain_r+chain_s,,73,1.0,0.0,0.0,1.0,1.0,0.0,0.0,1.0,1.0,0.0,0.0,1.0,12.284852717224865,11.417376279830933,4.751292591835448,0.99981234753237,1.0,1.0,,1.0,3.0
LSTM,scratch,9552,ocdet,two_hole,heldout,val,chain_r+chain_s,,59,1.0,0.0,0.0,1.0,1.0,0.0,0.0,1.0,1.0,0.0,0.0,1.0,13.062720773078627,12.116659998893738,5.065761268641474,1.0,1.0,1.0,,1.0,4.0
LSTM,scratch,9552,ocdet,two_hole,heldout,val,chain_r+chain_s,,64,0.984375,0.0,0.015625,0.984375,0.984375,0.0,0.015625,0.984375,0.984375,0.0,0.015625,0.984375,12.434113672701642,11.509238958358765,5.143652485656618,0.999267578125,0.953125,1.0,,1.0,5.0
LSTM,scratch,9552,ocdet,two_hole,heldout,val,chain_r+chain_s,,65,1.0,0.0,0.0,1.0,1.0,0.0,0.0,1.0,1.0,0.0,0.0,1.0,11.648355666490701,10.566775560379028,4.768559629241773,1.0,1.0,1.0,,1.0,6.0
LSTM,scratch,9552,ocdet,two_hole,heldout,val,chain_r+chain_s,,70,1.0,0.0,0.0,1.0,1.0,0.0,0.0,1.0,1.0,0.0,0.0,1.0,14.552373545936176,14.517593383789062,4.890525482922919,1.0,1.0,1.0,,2.0,1.0
LSTM,scratch,9552,ocdet,two_hole,heldout,val,chain_r+chain_s,,75,1.0,0.0,0.0,1.0,1.0,0.0,0.0,1.0,1.0,0.0,0.0,1.0,13.738238084713618,14.132301807403564,5.14284043133775,1.0,1.0,1.0,,2.0,3.0
LSTM,scratch,9552,ocdet,two_hole,heldout,val,chain_r+chain_s,,70,1.0,0.0,0.0,1.0,1.0,0.0,0.0,1.0,1.0,0.0,0.0,1.0,12.252357087603636,11.931598901748657,3.921858499022368,0.9991836734693877,1.0,1.0,,2.0,4.0
LSTM,scratch,9552,ocdet,two_hole,heldout,val,chain_r+chain_s,,73,0.958904109589041,0.0,0.0410958904109589,0.958904109589041,0.958904109589041,0.0,0.0410958904109589,0.958904109589041,0.958904109589041,0.0,0.0410958904109589,0.958904109589041,12.297288393321102,12.713391780853271,5.396321103447594,0.9823606680427848,0.9174657534246575,1.0,,2.0,5.0
LSTM,scratch,9552,ocdet,two_hole,heldout,val,chain_r+chain_s,,73,0.9863013698630136,0.0,0.0136986301369863,0.9863013698630136,0.9863013698630136,0.0,0.0136986301369863,0.9863013698630136,0.9863013698630136,0.0,0.0136986301369863,0.9863013698630136,11.718267933146594,11.698052167892456,4.687162615652531,0.9861137173953838,0.958904109589041,1.0,,2.0,6.0
LSTM,scratch,9552,ocdet,two_hole,heldout,val,chain_r+chain_s,,73,1.0,0.0,0.0,1.0,1.0,0.0,0.0,1.0,1.0,0.0,0.0,1.0,13.864843333216562,13.755395412445068,4.147058548137079,0.99981234753237,1.0,1.0,,3.0,1.0
LSTM,scratch,9552,ocdet,two_hole,heldout,val,chain_r+chain_s,,64,1.0,0.0,0.0,1.0,1.0,0.0,0.0,1.0,1.0,0.0,0.0,1.0,14.226901800837368,14.182661175727844,4.038736401665959,1.0,1.0,1.0,,3.0,2.0
LSTM,scratch,9552,ocdet,two_hole,heldout,val,chain_r+chain_s,,67,1.0,0.0,0.0,1.0,1.0,0.0,0.0,1.0,1.0,0.0,0.0,1.0,13.883563856135554,14.256691455841064,4.050878370846937,1.0,1.0,1.0,,3.0,4.0
LSTM,scratch,9552,ocdet,two_hole,heldout,val,chain_r+chain_s,,71,0.9859154929577465,0.0,0.014084507042253521,0.9859154929577465,0.9859154929577465,0.0,0.014084507042253521,0.9859154929577465,0.9859154929577465,0.0,0.014084507042253521,0.9859154929577465,12.395928389589551,12.608783483505249,4.863103857182388,0.9976195199365205,0.9577464788732394,1.0,,3.0,5.0
LSTM,scratch,9552,ocdet,two_hole,heldout,val,chain_r+chain_s,,62,1.0,0.0,0.0,1.0,1.0,0.0,0.0,1.0,1.0,0.0,0.0,1.0,11.629172453476537,12.371957063674927,4.664188099211156,1.0,1.0,1.0,,3.0,6.0
LSTM,scratch,9552,ocdet,two_hole,heldout,val,chain_r+chain_s,,67,1.0,0.0,0.0,1.0,1.0,0.0,0.0,1.0,1.0,0.0,0.0,1.0,14.883883966438805,14.724037647247314,3.9699020223261345,1.0,1.0,1.0,,4.0,1.0
LSTM,scratch,9552,ocdet,two_hole,heldout,val,chain_r+chain_s,,62,1.0,0.0,0.0,1.0,1.0,0.0,0.0,1.0,1.0,0.0,0.0,1.0,15.080495642077539,16.014597177505493,5.235401453123823,1.0,1.0,1.0,,4.0,2.0
LSTM,scratch,9552,ocdet,two_hole,heldout,val,chain_r+chain_s,,58,1.0,0.0,0.0,1.0,1.0,0.0,0.0,1.0,1.0,0.0,0.0,1.0,14.69307691835124,14.14711844921112,3.9739849370249263,0.9997027348394768,1.0,1.0,,4.0,3.0
LSTM,scratch,9552,ocdet,two_hole,heldout,val,chain_r+chain_s,,72,1.0,0.0,0.0,1.0,1.0,0.0,0.0,1.0,1.0,0.0,0.0,1.0,13.9874356130345,14.61925196647644,4.592635460710244,1.0,1.0,1.0,,4.0,5.0
LSTM,scratch,9552,ocdet,two_hole,heldout,val,chain_r+chain_s,,73,0.9863013698630136,0.0,0.0136986301369863,0.9863013698630136,0.9863013698630136,0.0,0.0136986301369863,0.9863013698630136,0.9863013698630136,0.0,0.0136986301369863,0.9863013698630136,11.773673174928312,12.263609170913696,4.935860091921408,0.9975605179208107,0.958904109589041,1.0,,4.0,6.0
LSTM,scratch,9552,ocdet,two_hole,heldout,val,chain_r+chain_s,,63,1.0,0.0,0.0,1.0,1.0,0.0,0.0,1.0,1.0,0.0,0.0,1.0,13.590140352883036,13.786824464797974,4.023090775595832,1.0,1.0,1.0,,5.0,1.0
LSTM,scratch,9552,ocdet,two_hole,heldout,val,chain_r+chain_s,,57,1.0,0.0,0.0,1.0,1.0,0.0,0.0,1.0,1.0,0.0,0.0,1.0,14.663515705288502,14.962893962860107,4.234317573903586,1.0,1.0,1.0,,5.0,2.0
LSTM,scratch,9552,ocdet,two_hole,heldout,val,chain_r+chain_s,,67,1.0,0.0,0.0,1.0,1.0,0.0,0.0,1.0,1.0,0.0,0.0,1.0,15.16675771839583,15.68283724784851,4.632759791200306,1.0,1.0,1.0,,5.0,3.0
LSTM,scratch,9552,ocdet,two_hole,heldout,val,chain_r+chain_s,,65,1.0,0.0,0.0,1.0,1.0,0.0,0.0,1.0,1.0,0.0,0.0,1.0,14.150644305577645,15.223809480667114,5.010362330536667,1.0,1.0,1.0,,5.0,4.0
LSTM,scratch,9552,ocdet,two_hole,heldout,val,chain_r+chain_s,,65,1.0,0.0,0.0,1.0,1.0,0.0,0.0,1.0,1.0,0.0,0.0,1.0,14.137494316009375,13.947362661361694,4.128054496180655,1.0,1.0,1.0,,5.0,6.0
LSTM,scratch,9552,ocdet,two_hole,heldout,val,chain_r+chain_s,,52,1.0,0.0,0.0,1.0,1.0,0.0,0.0,1.0,1.0,0.0,0.0,1.0,15.149109029426025,15.571038246154785,5.310885189518267,1.0,1.0,1.0,,6.0,1.0
LSTM,scratch,9552,ocdet,two_hole,heldout,val,chain_r+chain_s,,65,0.9846153846153847,0.0,0.015384615384615385,0.9846153846153847,0.9846153846153847,0.0,0.015384615384615385,0.9846153846153847,0.9846153846153847,0.0,0.015384615384615385,0.9846153846153847,14.744445857864159,14.118074893951416,5.024962104161918,0.9912426035502959,0.9538461538461539,1.0,,6.0,2.0
LSTM,scratch,9552,ocdet,two_hole,heldout,val,chain_r+chain_s,,79,0.9873417721518988,0.0,0.012658227848101266,0.9873417721518988,0.9873417721518988,0.0,0.012658227848101266,0.9873417721518988,0.9873417721518988,0.0,0.012658227848101266,0.9873417721518988,14.450267337922808,14.40122127532959,5.018284248748882,0.9993590770709821,0.9620253164556962,1.0,,6.0,3.0
LSTM,scratch,9552,ocdet,two_hole,heldout,val,chain_r+chain_s,,56,1.0,0.0,0.0,1.0,1.0,0.0,0.0,1.0,1.0,0.0,0.0,1.0,14.944426673331431,14.877363443374634,4.965117343483127,0.9987244897959183,1.0,1.0,,6.0,4.0
LSTM,scratch,9552,ocdet,two_hole,heldout,val,chain_r+chain_s,,62,1.0,0.0,0.0,1.0,1.0,0.0,0.0,1.0,1.0,0.0,0.0,1.0,14.343660796361585,15.49581491947174,4.933299017094616,0.9997398543184183,1.0,1.0,,6.0,5.0
LSTM,scratch,9552,ocdet,two_hole,heldout,test,orientation,1.0,5051,0.9970302910314789,0.0,0.002969708968521085,0.9970302910314789,0.9970302910314789,0.0,0.002969708968521085,0.9970302910314789,0.9970302910314789,0.0,0.002969708968521085,0.9970302910314789,11.023078706852282,11.34123432636261,3.354671990038211,0.9997315444238712,0.9954464462482677,0.9984161552167887,,,
LSTM,scratch,9552,ocdet,two_hole,heldout,test,orientation,2.0,4949,0.9931299252374217,0.0,0.006870074762578299,0.9931299252374217,0.9931299252374217,0.0,0.006870074762578299,0.9931299252374217,0.9931299252374217,0.0,0.006870074762578299,0.9931299252374217,16.142102830366404,17.21799087524414,4.656114341446257,0.9984202576116762,0.9909072539907052,0.995554657506567,,,
LSTM,scratch,9552,ocdet,two_hole,heldout,test,kappa_gap,,3321,0.991869918699187,0.0,0.008130081300813009,0.991869918699187,0.991869918699187,0.0,0.008130081300813009,0.991869918699187,0.991869918699187,0.0,0.008130081300813009,0.991869918699187,11.845070645231075,11.887208461761475,4.840381665425991,0.9968334508866183,0.9888587774766636,0.9948810599217103,1.0,,
LSTM,scratch,9552,ocdet,two_hole,heldout,test,kappa_gap,,2689,0.9988843436221644,0.0,0.0011156563778356265,0.9988843436221644,0.9988843436221644,0.0,0.0011156563778356265,0.9988843436221644,0.9988843436221644,0.0,0.0011156563778356265,0.9988843436221644,13.907316281621275,14.002715110778809,4.489092771117794,0.9995560608686188,0.9973968017850502,1.0,2.0,,
LSTM,scratch,9552,ocdet,two_hole,heldout,test,kappa_gap,,2008,0.9975099601593626,0.0,0.00249003984063745,0.9975099601593626,0.9975099601593626,0.0,0.00249003984063745,0.9975099601593626,0.9975099601593626,0.0,0.00249003984063745,0.9975099601593626,14.559144288843193,14.66775381565094,4.394007448463089,0.9997028817002904,0.9950199203187251,0.9995019920318725,3.0,,
LSTM,scratch,9552,ocdet,two_hole,heldout,test,kappa_gap,,1313,0.9923838537699924,0.0,0.007616146230007616,0.9923838537699924,0.9923838537699924,0.0,0.007616146230007616,0.9923838537699924,0.9923838537699924,0.0,0.007616146230007616,0.9923838537699924,14.86876802798999,15.113321542739868,4.692172464757166,0.9974042456679906,0.9870525514089871,0.9962109672505711,4.0,,
LSTM,scratch,9552,ocdet,two_hole,heldout,test,kappa_gap,,669,0.9940209267563528,0.0,0.005979073243647235,0.9940209267563528,0.9940209267563528,0.0,0.005979073243647235,0.9940209267563528,0.9940209267563528,0.0,0.005979073243647235,0.9940209267563528,15.056995828033207,15.30316710472107,4.594235834796792,0.9990079564573321,0.9880418535127056,0.9985052316890882,5.0,,
LSTM,scratch,9552,ocdet,two_hole,heldout,test,chain_r+chain_s,,352,1.0,0.0,0.0,1.0,1.0,0.0,0.0,1.0,1.0,0.0,0.0,1.0,13.14667622283609,12.095605909824371,5.233521177765417,0.9992009943181819,1.0,1.0,,1.0,2.0
LSTM,scratch,9552,ocdet,two_hole,heldout,test,chain_r+chain_s,,326,1.0,0.0,0.0,1.0,1.0,0.0,0.0,1.0,1.0,0.0,0.0,1.0,13.346896957948895,12.881633996963501,4.903313180255432,0.998692084760435,1.0,1.0,,1.0,3.0
LSTM,scratch,9552,ocdet,two_hole,heldout,test,chain_r+chain_s,,323,1.0,0.0,0.0,1.0,1.0,0.0,0.0,1.0,1.0,0.0,0.0,1.0,12.477536717297124,11.446189761161804,4.985239113689855,0.9998562240604243,1.0,1.0,,1.0,4.0
LSTM,scratch,9552,ocdet,two_hole,heldout,test,chain_r+chain_s,,334,0.9940119760479041,0.0,0.005988023952095809,0.9940119760479041,0.9940119760479041,0.0,0.005988023952095809,0.9940119760479041,0.9940119760479041,0.0,0.005988023952095809,0.9940119760479041,12.154424361839979,11.149831533432007,5.090823642878429,0.9955986231130554,0.9850299401197605,1.0,,1.0,5.0
LSTM,scratch,9552,ocdet,two_hole,heldout,test,chain_r+chain_s,,339,0.9970501474926253,0.0,0.0029498525073746312,0.9970501474926253,0.9970501474926253,0.0,0.0029498525073746312,0.9970501474926253,0.9970501474926253,0.0,0.0029498525073746312,0.9970501474926253,12.577043845238586,11.744882702827454,5.155801350072945,0.9959102339868258,0.9911504424778761,1.0,,1.0,6.0
LSTM,scratch,9552,ocdet,two_hole,heldout,test,chain_r+chain_s,,353,1.0,0.0,0.0,1.0,1.0,0.0,0.0,1.0,1.0,0.0,0.0,1.0,13.52721877674712,13.654170036315918,4.468566784931396,0.9993660169008659,1.0,1.0,,2.0,1.0
LSTM,scratch,9552,ocdet,two_hole,heldout,test,chain_r+chain_s,,316,0.9968354430379747,0.0,0.0031645569620253164,0.9968354430379747,0.9968354430379747,0.0,0.0031645569620253164,0.9968354430379747,0.9968354430379747,0.0,0.0031645569620253164,0.9968354430379747,12.593213469733167,12.473799347877502,4.371155356827232,0.9991888319179618,0.990506329113924,1.0,,2.0,3.0
LSTM,scratch,9552,ocdet,two_hole,heldout,test,chain_r+chain_s,,325,0.9938461538461538,0.0,0.006153846153846154,0.9938461538461538,0.9938461538461538,0.0,0.006153846153846154,0.9938461538461538,0.9938461538461538,0.0,0.006153846153846154,0.9938461538461538,13.028975859009302,12.93680453300476,4.651579887122318,0.9989396449704142,0.9846153846153847,1.0,,2.0,4.0
LSTM,scratch,9552,ocdet,two_hole,heldout,test,chain_r+chain_s,,297,1.0,0.0,0.0,1.0,1.0,0.0,0.0,1.0,1.0,0.0,0.0,1.0,12.206911667127802,12.300649166107178,4.2905891546070585,0.9984355337890691,1.0,1.0,,2.0,5.0
LSTM,scratch,9552,ocdet,two_hole,heldout,test,chain_r+chain_s,,341,0.9970674486803519,0.0,0.002932551319648094,0.9970674486803519,0.9970674486803519,0.0,0.002932551319648094,0.9970674486803519,0.9970674486803519,0.0,0.002932551319648094,0.9970674486803519,11.79705668924666,11.230559349060059,4.551786572315982,0.9998624022841222,0.9912023460410557,1.0,,2.0,6.0
LSTM,scratch,9552,ocdet,two_hole,heldout,test,chain_r+chain_s,,345,0.9971014492753624,0.0,0.002898550724637681,0.9971014492753624,0.9971014492753624,0.0,0.002898550724637681,0.9971014492753624,0.9971014492753624,0.0,0.002898550724637681,0.9971014492753624,13.911752462646236,14.592325448989868,4.4420496441127035,0.9992354547364,0.991304347826087,1.0,,3.0,1.0
LSTM,scratch,9552,ocdet,two_hole,heldout,test,chain_r+chain_s,,346,0.9913294797687862,0.0,0.008670520231213872,0.9913294797687862,0.9913294797687862,0.0,0.008670520231213872,0.9913294797687862,0.9913294797687862,0.0,0.008670520231213872,0.9913294797687862,13.725537294640361,14.677793741226196,4.398519495348755,0.9989558622072238,0.9826589595375722,1.0,,3.0,2.0
LSTM,scratch,9552,ocdet,two_hole,heldout,test,chain_r+chain_s,,346,0.9884393063583815,0.0,0.011560693641618497,0.9884393063583815,0.9884393063583815,0.0,0.011560693641618497,0.9884393063583815,0.9884393063583815,0.0,0.011560693641618497,0.9884393063583815,12.7608360034882,13.081008195877075,4.424329134271449,0.9987303284439841,0.976878612716763,0.9971098265895953,,3.0,4.0
LSTM,scratch,9552,ocdet,two_hole,heldout,test,chain_r+chain_s,,336,1.0,0.0,0.0,1.0,1.0,0.0,0.0,1.0,1.0,0.0,0.0,1.0,13.126546744390257,13.616341710090637,4.531138097666884,0.9978830073696145,1.0,1.0,,3.0,5.0
LSTM,scratch,9552,ocdet,two_hole,heldout,test,chain_r+chain_s,,375,0.992,0.0,0.008,0.992,0.992,0.0,0.008,0.992,0.992,0.0,0.008,0.992,12.035366132775943,12.341257572174072,4.4888601434492745,0.9955982222222222,0.9813333333333333,1.0,,3.0,6.0
LSTM,scratch,9552,ocdet,two_hole,heldout,test,chain_r+chain_s,,346,0.9971098265895953,0.0,0.002890173410404624,0.9971098265895953,0.9971098265895953,0.0,0.002890173410404624,0.9971098265895953,0.9971098265895953,0.0,0.002890173410404624,0.9971098265895953,14.265040872026386,14.803251385688782,4.701213759209222,0.9993735173243343,0.9913294797687862,1.0,,4.0,1.0
LSTM,scratch,9552,ocdet,two_hole,heldout,test,chain_r+chain_s,,303,0.9966996699669967,0.0,0.0033003300330033004,0.9966996699669967,0.9966996699669967,0.0,0.0033003300330033004,0.9966996699669967,0.9966996699669967,0.0,0.0033003300330033004,0.9966996699669967,14.233857004457574,14.528279542922974,4.334348859584995,0.9995425285102768,0.9900990099009901,1.0,,4.0,2.0
LSTM,scratch,9552,ocdet,two_hole,heldout,test,chain_r+chain_s,,325,0.9938461538461538,0.0,0.006153846153846154,0.9938461538461538,0.9938461538461538,0.0,0.006153846153846154,0.9938461538461538,0.9938461538461538,0.0,0.006153846153846154,0.9938461538461538,14.304852330501262,14.502553939819336,4.506551106936772,0.9993467455621302,0.9846153846153847,1.0,,4.0,3.0
LSTM,scratch,9552,ocdet,two_hole,heldout,test,chain_r+chain_s,,345,0.991304347826087,0.0,0.008695652173913044,0.991304347826087,0.991304347826087,0.0,0.008695652173913044,0.991304347826087,0.991304347826087,0.0,0.008695652173913044,0.991304347826087,13.666554883597554,14.130750179290771,4.639554522249578,0.9994875026254988,0.9797101449275363,1.0,,4.0,5.0
LSTM,scratch,9552,ocdet,two_hole,heldout,test,chain_r+chain_s,,352,0.9914772727272727,0.0,0.008522727272727272,0.9914772727272727,0.9914772727272727,0.0,0.008522727272727272,0.9914772727272727,0.9914772727272727,0.0,0.008522727272727272,0.9914772727272727,13.030768134504218,12.98111116886139,4.86047559873257,0.9991283574380165,0.9801136363636364,1.0,,4.0,6.0
LSTM,scratch,9552,ocdet,two_hole,heldout,test,chain_r+chain_s,,294,0.9965986394557823,0.0,0.003401360544217687,0.9965986394557823,0.9965986394557823,0.0,0.003401360544217687,0.9965986394557823,0.9965986394557823,0.0,0.003401360544217687,0.9965986394557823,14.18064208713924,14.559004545211792,4.774287301019305,0.9989587671803415,0.9897959183673469,1.0,,5.0,1.0
LSTM,scratch,9552,ocdet,two_hole,heldout,test,chain_r+chain_s,,325,0.9876923076923076,0.0,0.012307692307692308,0.9876923076923076,0.9876923076923076,0.0,0.012307692307692308,0.9876923076923076,0.9876923076923076,0.0,0.012307692307692308,0.9876923076923076,14.537761991528365,14.793474674224854,4.828482978901149,0.9984662721893491,0.9753846153846154,0.9969230769230769,,5.0,2.0
LSTM,scratch,9552,ocdet,two_hole,heldout,test,chain_r+chain_s,,325,0.9969230769230769,0.0,0.003076923076923077,0.9969230769230769,0.9969230769230769,0.0,0.003076923076923077,0.9969230769230769,0.9969230769230769,0.0,0.003076923076923077,0.9969230769230769,15.252540899285904,16.322449684143066,4.996914676097549,0.9986082840236686,0.9907692307692307,1.0,,5.0,3.0
LSTM,scratch,9552,ocdet,two_hole,heldout,test,chain_r+chain_s,,319,0.987460815047022,0.0,0.012539184952978056,0.987460815047022,0.987460815047022,0.0,0.012539184952978056,0.987460815047022,0.987460815047022,0.0,0.012539184952978056,0.987460815047022,14.702957289532808,15.342236995697021,4.641058742524903,0.9988502471477285,0.9749216300940439,0.9968652037617555,,5.0,4.0
LSTM,scratch,9552,ocdet,two_hole,heldout,test,chain_r+chain_s,,324,0.9907407407407407,0.0,0.009259259259259259,0.9907407407407407,0.9907407407407407,0.0,0.009259259259259259,0.9907407407407407,0.9907407407407407,0.0,0.009259259259259259,0.9907407407407407,13.199377653821383,13.26301622390747,4.618207642202777,0.9990664532845603,0.9783950617283951,1.0,,5.0,6.0
LSTM,scratch,9552,ocdet,two_hole,heldout,test,chain_r+chain_s,,295,0.9966101694915255,0.0,0.003389830508474576,0.9966101694915255,0.9966101694915255,0.0,0.003389830508474576,0.9966101694915255,0.9966101694915255,0.0,0.003389830508474576,0.9966101694915255,14.984459047398325,14.939197540283203,5.027743244775428,0.9996322895719622,0.9898305084745763,1.0,,6.0,1.0
LSTM,scratch,9552,ocdet,two_hole,heldout,test,chain_r+chain_s,,351,0.9914529914529915,0.0,0.008547008547008548,0.9914529914529915,0.9914529914529915,0.0,0.008547008547008548,0.9914529914529915,0.9914529914529915,0.0,0.008547008547008548,0.9914529914529915,14.355349561470186,14.283762454986572,4.965329397666622,0.9980844311328643,0.98005698005698,1.0,,6.0,2.0
LSTM,scratch,9552,ocdet,two_hole,heldout,test,chain_r+chain_s,,323,0.9969040247678018,0.0,0.0030959752321981426,0.9969040247678018,0.9969040247678018,0.0,0.0030959752321981426,0.9969040247678018,0.9969040247678018,0.0,0.0030959752321981426,0.9969040247678018,14.225062965239534,13.710641145706177,4.795107727969236,0.9969998753941857,0.9907120743034056,1.0,,6.0,3.0
LSTM,scratch,9552,ocdet,two_hole,heldout,test,chain_r+chain_s,,365,0.9972602739726028,0.0,0.0027397260273972603,0.9972602739726028,0.9972602739726028,0.0,0.0027397260273972603,0.9972602739726028,0.9972602739726028,0.0,0.0027397260273972603,0.9972602739726028,14.969578474637581,14.829385757446289,4.509312340699527,0.9999024207168324,0.9917808219178083,1.0,,6.0,4.0
LSTM,scratch,9552,ocdet,two_hole,heldout,test,chain_r+chain_s,,354,0.9943502824858758,0.0,0.005649717514124294,0.9943502824858758,0.9943502824858758,0.0,0.005649717514124294,0.9943502824858758,0.9943502824858758,0.0,0.005649717514124294,0.9943502824858758,14.612605003566392,14.439773559570312,4.49152560017813,0.9997207060550927,0.9858757062146892,1.0,,6.0,5.0
LSTM,scratch,9551,ocdet,two_hole,clean,val,orientation,1.0,1052,1.0,0.0,0.0,1.0,1.0,0.0,0.0,1.0,1.0,0.0,0.0,1.0,17.519168783276708,17.544689416885376,1.5495879751039001,1.0,1.0,1.0,,,
LSTM,scratch,9551,ocdet,two_hole,clean,val,orientation,2.0,948,1.0,0.0,0.0,1.0,1.0,0.0,0.0,1.0,1.0,0.0,0.0,1.0,22.7965342553356,22.9140727519989,1.4548748053433398,1.0,1.0,1.0,,,
LSTM,scratch,9551,ocdet,two_hole,clean,val,kappa_gap,,673,1.0,0.0,0.0,1.0,1.0,0.0,0.0,1.0,1.0,0.0,0.0,1.0,19.28491948830603,19.569029331207275,2.8182603906758295,1.0,1.0,1.0,1.0,,
LSTM,scratch,9551,ocdet,two_hole,clean,val,kappa_gap,,511,1.0,0.0,0.0,1.0,1.0,0.0,0.0,1.0,1.0,0.0,0.0,1.0,20.176430535176497,19.94274878501892,3.083786399986538,1.0,1.0,1.0,2.0,,
LSTM,scratch,9551,ocdet,two_hole,clean,val,kappa_gap,,418,1.0,0.0,0.0,1.0,1.0,0.0,0.0,1.0,1.0,0.0,0.0,1.0,20.502612062333302,19.599847078323364,3.2422017440409707,1.0,1.0,1.0,3.0,,
LSTM,scratch,9551,ocdet,two_hole,clean,val,kappa_gap,,262,1.0,0.0,0.0,1.0,1.0,0.0,0.0,1.0,1.0,0.0,0.0,1.0,20.539102749515127,19.76682484149933,2.992686304688245,1.0,1.0,1.0,4.0,,
LSTM,scratch,9551,ocdet,two_hole,clean,val,kappa_gap,,136,1.0,0.0,0.0,1.0,1.0,0.0,0.0,1.0,1.0,0.0,0.0,1.0,20.595856268616284,20.012367010116577,2.5520861125002154,1.0,1.0,1.0,5.0,,
LSTM,scratch,9551,ocdet,two_hole,clean,val,chain_r+chain_s,,53,1.0,0.0,0.0,1.0,1.0,0.0,0.0,1.0,1.0,0.0,0.0,1.0,18.864155047344713,16.42788052558899,4.122042698473619,1.0,1.0,1.0,,1.0,2.0
LSTM,scratch,9551,ocdet,two_hole,clean,val,chain_r+chain_s,,82,1.0,0.0,0.0,1.0,1.0,0.0,0.0,1.0,1.0,0.0,0.0,1.0,19.06570239619511,17.15179216861725,3.223135216719651,1.0,1.0,1.0,,1.0,3.0
LSTM,scratch,9551,ocdet,two_hole,clean,val,chain_r+chain_s,,58,1.0,0.0,0.0,1.0,1.0,0.0,0.0,1.0,1.0,0.0,0.0,1.0,18.834461333422826,17.773589611053467,2.4451952484772184,1.0,1.0,1.0,,1.0,4.0
LSTM,scratch,9551,ocdet,two_hole,clean,val,chain_r+chain_s,,60,1.0,0.0,0.0,1.0,1.0,0.0,0.0,1.0,1.0,0.0,0.0,1.0,18.758110107978187,17.62449485063553,2.3348059785125965,1.0,1.0,1.0,,1.0,5.0
LSTM,scratch,9551,ocdet,two_hole,clean,val,chain_r+chain_s,,71,1.0,0.0,0.0,1.0,1.0,0.0,0.0,1.0,1.0,0.0,0.0,1.0,19.541124827425246,20.110830307006836,2.3253504067695405,1.0,1.0,1.0,,1.0,6.0
LSTM,scratch,9551,ocdet,two_hole,clean,val,chain_r+chain_s,,67,1.0,0.0,0.0,1.0,1.0,0.0,0.0,1.0,1.0,0.0,0.0,1.0,20.09944907586966,19.054980993270874,2.3751851484774966,1.0,1.0,1.0,,2.0,1.0
LSTM,scratch,9551,ocdet,two_hole,clean,val,chain_r+chain_s,,49,1.0,0.0,0.0,1.0,1.0,0.0,0.0,1.0,1.0,0.0,0.0,1.0,18.663889529753703,17.109894037246704,3.30659847424046,1.0,1.0,1.0,,2.0,3.0
LSTM,scratch,9551,ocdet,two_hole,clean,val,chain_r+chain_s,,87,1.0,0.0,0.0,1.0,1.0,0.0,0.0,1.0,1.0,0.0,0.0,1.0,18.977864672397747,17.435799598693848,2.8016963075654533,1.0,1.0,1.0,,2.0,4.0
LSTM,scratch,9551,ocdet,two_hole,clean,val,chain_r+chain_s,,50,1.0,0.0,0.0,1.0,1.0,0.0,0.0,1.0,1.0,0.0,0.0,1.0,19.77269512653351,19.92847752571106,2.182015485175745,1.0,1.0,1.0,,2.0,5.0
LSTM,scratch,9551,ocdet,two_hole,clean,val,chain_r+chain_s,,70,1.0,0.0,0.0,1.0,1.0,0.0,0.0,1.0,1.0,0.0,0.0,1.0,18.84010830266135,18.69384014606476,2.046291705010427,1.0,1.0,1.0,,2.0,6.0
LSTM,scratch,9551,ocdet,two_hole,clean,val,chain_r+chain_s,,67,1.0,0.0,0.0,1.0,1.0,0.0,0.0,1.0,1.0,0.0,0.0,1.0,21.21158932927829,20.894137859344482,2.277516447755834,1.0,1.0,1.0,,3.0,1.0
LSTM,scratch,9551,ocdet,two_hole,clean,val,chain_r+chain_s,,67,1.0,0.0,0.0,1.0,1.0,0.0,0.0,1.0,1.0,0.0,0.0,1.0,21.040135525945406,19.98838472366333,2.589427598096715,1.0,1.0,1.0,,3.0,2.0
LSTM,scratch,9551,ocdet,two_hole,clean,val,chain_r+chain_s,,57,1.0,0.0,0.0,1.0,1.0,0.0,0.0,1.0,1.0,0.0,0.0,1.0,19.04538306855319,17.575194597244263,3.404100241826712,1.0,1.0,1.0,,3.0,4.0
LSTM,scratch,9551,ocdet,two_hole,clean,val,chain_r+chain_s,,69,1.0,0.0,0.0,1.0,1.0,0.0,0.0,1.0,1.0,0.0,0.0,1.0,20.463214547737785,22.06581687927246,3.112403309927242,1.0,1.0,1.0,,3.0,5.0
LSTM,scratch,9551,ocdet,two_hole,clean,val,chain_r+chain_s,,71,1.0,0.0,0.0,1.0,1.0,0.0,0.0,1.0,1.0,0.0,0.0,1.0,19.2749047732689,18.15436601638794,2.4981728011558286,1.0,1.0,1.0,,3.0,6.0
LSTM,scratch,9551,ocdet,two_hole,clean,val,chain_r+chain_s,,63,1.0,0.0,0.0,1.0,1.0,0.0,0.0,1.0,1.0,0.0,0.0,1.0,22.07386465299697,22.040300369262695,2.1607877613646607,1.0,1.0,1.0,,4.0,1.0
LSTM,scratch,9551,ocdet,two_hole,clean,val,chain_r+chain_s,,78,1.0,0.0,0.0,1.0,1.0,0.0,0.0,1.0,1.0,0.0,0.0,1.0,21.18120902318221,20.936331152915955,2.481970108601588,1.0,1.0,1.0,,4.0,2.0
LSTM,scratch,9551,ocdet,two_hole,clean,val,chain_r+chain_s,,55,1.0,0.0,0.0,1.0,1.0,0.0,0.0,1.0,1.0,0.0,0.0,1.0,20.437309603257614,19.5831081867218,2.6672838815923,1.0,1.0,1.0,,4.0,3.0
LSTM,scratch,9551,ocdet,two_hole,clean,val,chain_r+chain_s,,60,1.0,0.0,0.0,1.0,1.0,0.0,0.0,1.0,1.0,0.0,0.0,1.0,19.153799011309943,19.188212990760803,3.9480743189301086,1.0,1.0,1.0,,4.0,5.0
LSTM,scratch,9551,ocdet,two_hole,clean,val,chain_r+chain_s,,63,1.0,0.0,0.0,1.0,1.0,0.0,0.0,1.0,1.0,0.0,0.0,1.0,19.613547404607136,18.090813159942627,3.2479119616072745,1.0,1.0,1.0,,4.0,6.0
LSTM,scratch,9551,ocdet,two_hole,clean,val,chain_r+chain_s,,82,1.0,0.0,0.0,1.0,1.0,0.0,0.0,1.0,1.0,0.0,0.0,1.0,21.245962686654998,20.407300233840942,2.9257366181317246,1.0,1.0,1.0,,5.0,1.0
LSTM,scratch,9551,ocdet,two_hole,clean,val,chain_r+chain_s,,70,1.0,0.0,0.0,1.0,1.0,0.0,0.0,1.0,1.0,0.0,0.0,1.0,21.376001920018876,20.297696352005005,2.3469040700481076,1.0,1.0,1.0,,5.0,2.0
LSTM,scratch,9551,ocdet,two_hole,clean,val,chain_r+chain_s,,74,1.0,0.0,0.0,1.0,1.0,0.0,0.0,1.0,1.0,0.0,0.0,1.0,20.231871688688123,18.880327939987183,2.7318702537952504,1.0,1.0,1.0,,5.0,3.0
LSTM,scratch,9551,ocdet,two_hole,clean,val,chain_r+chain_s,,76,1.0,0.0,0.0,1.0,1.0,0.0,0.0,1.0,1.0,0.0,0.0,1.0,20.14921741422854,19.277730464935303,2.66651654332866,1.0,1.0,1.0,,5.0,4.0
LSTM,scratch,9551,ocdet,two_hole,clean,val,chain_r+chain_s,,62,1.0,0.0,0.0,1.0,1.0,0.0,0.0,1.0,1.0,0.0,0.0,1.0,19.949173588906564,21.839439868927002,3.8792358948686125,1.0,1.0,1.0,,5.0,6.0
LSTM,scratch,9551,ocdet,two_hole,clean,val,chain_r+chain_s,,69,1.0,0.0,0.0,1.0,1.0,0.0,0.0,1.0,1.0,0.0,0.0,1.0,20.305879651636317,18.943158626556396,2.9854728191387943,1.0,1.0,1.0,,6.0,1.0
LSTM,scratch,9551,ocdet,two_hole,clean,val,chain_r+chain_s,,73,1.0,0.0,0.0,1.0,1.0,0.0,0.0,1.0,1.0,0.0,0.0,1.0,21.499563112650833,22.320026397705078,3.154834818526429,1.0,1.0,1.0,,6.0,2.0
LSTM,scratch,9551,ocdet,two_hole,clean,val,chain_r+chain_s,,57,1.0,0.0,0.0,1.0,1.0,0.0,0.0,1.0,1.0,0.0,0.0,1.0,21.02407911785862,21.939899444580078,2.9066034564314207,1.0,1.0,1.0,,6.0,3.0
LSTM,scratch,9551,ocdet,two_hole,clean,val,chain_r+chain_s,,78,1.0,0.0,0.0,1.0,1.0,0.0,0.0,1.0,1.0,0.0,0.0,1.0,19.64698730982267,18.961721658706665,2.860336504143469,1.0,1.0,1.0,,6.0,4.0
LSTM,scratch,9551,ocdet,two_hole,clean,val,chain_r+chain_s,,62,1.0,0.0,0.0,1.0,1.0,0.0,0.0,1.0,1.0,0.0,0.0,1.0,19.341530492228845,18.11702060699463,3.412385284215134,1.0,1.0,1.0,,6.0,5.0
LSTM,scratch,9551,ocdet,two_hole,clean,test,orientation,1.0,5099,1.0,0.0,0.0,1.0,1.0,0.0,0.0,1.0,1.0,0.0,0.0,1.0,17.42500647453028,17.462146520614624,1.5778717291278406,1.0,1.0,1.0,,,
LSTM,scratch,9551,ocdet,two_hole,clean,test,orientation,2.0,4901,1.0,0.0,0.0,1.0,1.0,0.0,0.0,1.0,1.0,0.0,0.0,1.0,22.79949068227755,22.93044137954712,1.4605885324989418,1.0,1.0,1.0,,,
LSTM,scratch,9551,ocdet,two_hole,clean,test,kappa_gap,,3399,1.0,0.0,0.0,1.0,1.0,0.0,0.0,1.0,1.0,0.0,0.0,1.0,19.14636878070848,19.34436321258545,2.845713064648612,1.0,1.0,1.0,1.0,,
LSTM,scratch,9551,ocdet,two_hole,clean,test,kappa_gap,,2701,1.0,0.0,0.0,1.0,1.0,0.0,0.0,1.0,1.0,0.0,0.0,1.0,20.416855125504924,20.567399978637695,3.040940889316525,1.0,1.0,1.0,2.0,,
LSTM,scratch,9551,ocdet,two_hole,clean,test,kappa_gap,,1974,1.0,0.0,0.0,1.0,1.0,0.0,0.0,1.0,1.0,0.0,0.0,1.0,20.58387653117484,20.316072821617126,3.2501297863940106,1.0,1.0,1.0,3.0,,
LSTM,scratch,9551,ocdet,two_hole,clean,test,kappa_gap,,1310,1.0,0.0,0.0,1.0,1.0,0.0,0.0,1.0,1.0,0.0,0.0,1.0,20.656962637864908,19.949578046798706,3.122274325436445,1.0,1.0,1.0,4.0,,
LSTM,scratch,9551,ocdet,two_hole,clean,test,kappa_gap,,616,1.0,0.0,0.0,1.0,1.0,0.0,0.0,1.0,1.0,0.0,0.0,1.0,20.57270347356022,20.24217987060547,2.808229035693411,1.0,1.0,1.0,5.0,,
LSTM,scratch,9551,ocdet,two_hole,clean,test,chain_r+chain_s,,351,1.0,0.0,0.0,1.0,1.0,0.0,0.0,1.0,1.0,0.0,0.0,1.0,18.731819921409304,16.41669011116028,4.171986975119182,1.0,1.0,1.0,,1.0,2.0
LSTM,scratch,9551,ocdet,two_hole,clean,test,chain_r+chain_s,,337,1.0,0.0,0.0,1.0,1.0,0.0,0.0,1.0,1.0,0.0,0.0,1.0,19.47745852442099,21.138113498687744,3.1583500547447145,1.0,1.0,1.0,,1.0,3.0
LSTM,scratch,9551,ocdet,two_hole,clean,test,chain_r+chain_s,,365,1.0,0.0,0.0,1.0,1.0,0.0,0.0,1.0,1.0,0.0,0.0,1.0,19.114864873232907,18.54131269454956,2.5843601125031617,1.0,1.0,1.0,,1.0,4.0
LSTM,scratch,9551,ocdet,two_hole,clean,test,chain_r+chain_s,,329,1.0,0.0,0.0,1.0,1.0,0.0,0.0,1.0,1.0,0.0,0.0,1.0,19.100907884470235,17.843711853027344,2.3194127923436993,1.0,1.0,1.0,,1.0,5.0
LSTM,scratch,9551,ocdet,two_hole,clean,test,chain_r+chain_s,,309,1.0,0.0,0.0,1.0,1.0,0.0,0.0,1.0,1.0,0.0,0.0,1.0,19.18934436137622,18.13333034515381,2.3582465550122516,1.0,1.0,1.0,,1.0,6.0
LSTM,scratch,9551,ocdet,two_hole,clean,test,chain_r+chain_s,,362,1.0,0.0,0.0,1.0,1.0,0.0,0.0,1.0,1.0,0.0,0.0,1.0,20.694882066868946,19.445346236228943,2.5021533332755848,1.0,1.0,1.0,,2.0,1.0
LSTM,scratch,9551,ocdet,two_hole,clean,test,chain_r+chain_s,,353,1.0,0.0,0.0,1.0,1.0,0.0,0.0,1.0,1.0,0.0,0.0,1.0,18.802563803729523,17.069647312164307,3.3810388348293565,1.0,1.0,1.0,,2.0,3.0
LSTM,scratch,9551,ocdet,two_hole,clean,test,chain_r+chain_s,,363,1.0,0.0,0.0,1.0,1.0,0.0,0.0,1.0,1.0,0.0,0.0,1.0,19.304547228760626,19.778796195983887,2.758980093826517,1.0,1.0,1.0,,2.0,4.0
LSTM,scratch,9551,ocdet,two_hole,clean,test,chain_r+chain_s,,346,1.0,0.0,0.0,1.0,1.0,0.0,0.0,1.0,1.0,0.0,0.0,1.0,19.494701305910343,18.44683825969696,2.410148294434609,1.0,1.0,1.0,,2.0,5.0
LSTM,scratch,9551,ocdet,two_hole,clean,test,chain_r+chain_s,,341,1.0,0.0,0.0,1.0,1.0,0.0,0.0,1.0,1.0,0.0,0.0,1.0,18.946494409415727,18.870261430740356,2.0879015866376585,1.0,1.0,1.0,,2.0,6.0
LSTM,scratch,9551,ocdet,two_hole,clean,test,chain_r+chain_s,,362,1.0,0.0,0.0,1.0,1.0,0.0,0.0,1.0,1.0,0.0,0.0,1.0,21.310123730759596,20.06174635887146,2.4539498273567224,1.0,1.0,1.0,,3.0,1.0
LSTM,scratch,9551,ocdet,two_hole,clean,test,chain_r+chain_s,,319,1.0,0.0,0.0,1.0,1.0,0.0,0.0,1.0,1.0,0.0,0.0,1.0,21.167066079322073,20.52747917175293,2.370041770884794,1.0,1.0,1.0,,3.0,2.0
LSTM,scratch,9551,ocdet,two_hole,clean,test,chain_r+chain_s,,308,1.0,0.0,0.0,1.0,1.0,0.0,0.0,1.0,1.0,0.0,0.0,1.0,18.88990852894721,17.526851177215576,3.6460917512816384,1.0,1.0,1.0,,3.0,4.0
LSTM,scratch,9551,ocdet,two_hole,clean,test,chain_r+chain_s,,316,1.0,0.0,0.0,1.0,1.0,0.0,0.0,1.0,1.0,0.0,0.0,1.0,20.06568004285233,18.717912316322327,3.0893863816329095,1.0,1.0,1.0,,3.0,5.0
LSTM,scratch,9551,ocdet,two_hole,clean,test,chain_r+chain_s,,312,1.0,0.0,0.0,1.0,1.0,0.0,0.0,1.0,1.0,0.0,0.0,1.0,19.86418192088604,20.131444454193115,2.564431535316993,1.0,1.0,1.0,,3.0,6.0
LSTM,scratch,9551,ocdet,two_hole,clean,test,chain_r+chain_s,,319,1.0,0.0,0.0,1.0,1.0,0.0,0.0,1.0,1.0,0.0,0.0,1.0,22.27574843224313,22.65380334854126,2.1807733365737723,1.0,1.0,1.0,,4.0,1.0
LSTM,scratch,9551,ocdet,two_hole,clean,test,chain_r+chain_s,,297,1.0,0.0,0.0,1.0,1.0,0.0,0.0,1.0,1.0,0.0,0.0,1.0,21.044879458970094,20.19409680366516,2.684787223872153,1.0,1.0,1.0,,4.0,2.0
LSTM,scratch,9551,ocdet,two_hole,clean,test,chain_r+chain_s,,352,1.0,0.0,0.0,1.0,1.0,0.0,0.0,1.0,1.0,0.0,0.0,1.0,20.832615983757105,19.85331642627716,2.767904974356967,1.0,1.0,1.0,,4.0,3.0
LSTM,scratch,9551,ocdet,two_hole,clean,test,chain_r+chain_s,,320,1.0,0.0,0.0,1.0,1.0,0.0,0.0,1.0,1.0,0.0,0.0,1.0,19.370538294315338,18.08746063709259,3.7798083394190893,1.0,1.0,1.0,,4.0,5.0
LSTM,scratch,9551,ocdet,two_hole,clean,test,chain_r+chain_s,,348,1.0,0.0,0.0,1.0,1.0,0.0,0.0,1.0,1.0,0.0,0.0,1.0,19.81687289305117,18.42982053756714,3.3323192903168435,1.0,1.0,1.0,,4.0,6.0
LSTM,scratch,9551,ocdet,two_hole,clean,test,chain_r+chain_s,,325,1.0,0.0,0.0,1.0,1.0,0.0,0.0,1.0,1.0,0.0,0.0,1.0,21.408469885312595,20.84043836593628,2.7889485248376706,1.0,1.0,1.0,,5.0,1.0
LSTM,scratch,9551,ocdet,two_hole,clean,test,chain_r+chain_s,,362,1.0,0.0,0.0,1.0,1.0,0.0,0.0,1.0,1.0,0.0,0.0,1.0,21.38717019557953,20.36131453514099,2.6014637526035544,1.0,1.0,1.0,,5.0,2.0
LSTM,scratch,9551,ocdet,two_hole,clean,test,chain_r+chain_s,,305,1.0,0.0,0.0,1.0,1.0,0.0,0.0,1.0,1.0,0.0,0.0,1.0,20.415487638067027,19.25934672355652,2.8803123789305447,1.0,1.0,1.0,,5.0,3.0
LSTM,scratch,9551,ocdet,two_hole,clean,test,chain_r+chain_s,,334,1.0,0.0,0.0,1.0,1.0,0.0,0.0,1.0,1.0,0.0,0.0,1.0,20.435205314687625,19.322425365447998,2.772716739870434,1.0,1.0,1.0,,5.0,4.0
LSTM,scratch,9551,ocdet,two_hole,clean,test,chain_r+chain_s,,333,1.0,0.0,0.0,1.0,1.0,0.0,0.0,1.0,1.0,0.0,0.0,1.0,19.395218123186815,21.1449031829834,3.8893446960722406,1.0,1.0,1.0,,5.0,6.0
LSTM,scratch,9551,ocdet,two_hole,clean,test,chain_r+chain_s,,322,1.0,0.0,0.0,1.0,1.0,0.0,0.0,1.0,1.0,0.0,0.0,1.0,20.58443886596964,19.250701069831848,3.070921341642813,1.0,1.0,1.0,,6.0,1.0
LSTM,scratch,9551,ocdet,two_hole,clean,test,chain_r+chain_s,,351,1.0,0.0,0.0,1.0,1.0,0.0,0.0,1.0,1.0,0.0,0.0,1.0,20.889602173087944,19.553473711013794,3.172133046130272,1.0,1.0,1.0,,6.0,2.0
LSTM,scratch,9551,ocdet,two_hole,clean,test,chain_r+chain_s,,327,1.0,0.0,0.0,1.0,1.0,0.0,0.0,1.0,1.0,0.0,0.0,1.0,20.46585636474306,19.420960426330566,2.724169846831596,1.0,1.0,1.0,,6.0,3.0
LSTM,scratch,9551,ocdet,two_hole,clean,test,chain_r+chain_s,,299,1.0,0.0,0.0,1.0,1.0,0.0,0.0,1.0,1.0,0.0,0.0,1.0,19.698894928929,18.71264386177063,2.936460052177184,1.0,1.0,1.0,,6.0,4.0
LSTM,scratch,9551,ocdet,two_hole,clean,test,chain_r+chain_s,,333,1.0,0.0,0.0,1.0,1.0,0.0,0.0,1.0,1.0,0.0,0.0,1.0,19.693972461216443,18.335317850112915,3.537585003071983,1.0,1.0,1.0,,6.0,5.0
LSTM,scratch,9551,ocdet,two_hole,heldout,val,orientation,1.0,1030,0.9922330097087378,0.0,0.007766990291262136,0.9922330097087378,0.9922330097087378,0.0,0.007766990291262136,0.9922330097087378,0.9922330097087378,0.0,0.007766990291262136,0.9922330097087378,13.972544713839165,14.460764586925507,3.2118813533812007,0.9978895277594495,0.9864077669902913,0.9970873786407767,,,
LSTM,scratch,9551,ocdet,two_hole,heldout,val,orientation,2.0,970,0.9958762886597938,0.0,0.004123711340206186,0.9958762886597938,0.9958762886597938,0.0,0.004123711340206186,0.9958762886597938,0.9958762886597938,0.0,0.004123711340206186,0.9958762886597938,16.72593774552044,17.441784262657166,4.446093296373226,0.9993740036135614,0.9917525773195877,0.9989690721649485,,,
LSTM,scratch,9551,ocdet,two_hole,heldout,val,kappa_gap,,613,0.9902120717781403,0.0,0.009787928221859706,0.9902120717781403,0.9902120717781403,0.0,0.009787928221859706,0.9902120717781403,0.9902120717781403,0.0,0.009787928221859706,0.9902120717781403,13.98833232709673,14.533610820770264,4.229905416351555,0.9971764568125631,0.9820554649265906,0.9967373572593801,1.0,,
LSTM,scratch,9551,ocdet,two_hole,heldout,val,kappa_gap,,557,0.9982046678635548,0.0,0.0017953321364452424,0.9982046678635548,0.9982046678635548,0.0,0.0017953321364452424,0.9982046678635548,0.9982046678635548,0.0,0.0017953321364452424,0.9982046678635548,15.84126050909396,16.021536111831665,3.7912804772862714,0.9993327939816083,0.9946140035906643,1.0,2.0,,
LSTM,scratch,9551,ocdet,two_hole,heldout,val,kappa_gap,,432,0.9976851851851852,0.0,0.0023148148148148147,0.9976851851851852,0.9976851851851852,0.0,0.0023148148148148147,0.9976851851851852,0.9976851851851852,0.0,0.0023148148148148147,0.9976851851851852,15.985132559616533,16.03603959083557,3.808899523441703,0.9983013974622771,0.9907407407407407,1.0,3.0,,
LSTM,scratch,9551,ocdet,two_hole,heldout,val,kappa_gap,,251,0.9920318725099602,0.0,0.00796812749003984,0.9920318725099602,0.9920318725099602,0.0,0.00796812749003984,0.9920318725099602,0.9920318725099602,0.0,0.00796812749003984,0.9920318725099602,15.889007595401123,16.178669691085815,4.080905972645271,0.9976508309391914,0.9800796812749004,1.0,4.0,,
LSTM,scratch,9551,ocdet,two_hole,heldout,val,kappa_gap,,147,0.9863945578231292,0.0,0.013605442176870748,0.9863945578231292,0.9863945578231292,0.0,0.013605442176870748,0.9863945578231292,0.9863945578231292,0.0,0.013605442176870748,0.9863945578231292,15.80770527981982,16.269364833831787,4.222223417756594,0.996806886019714,0.9659863945578231,1.0,5.0,,
LSTM,scratch,9551,ocdet,two_hole,heldout,val,chain_r+chain_s,,78,1.0,0.0,0.0,1.0,1.0,0.0,0.0,1.0,1.0,0.0,0.0,1.0,14.254758333739561,13.00480255484581,4.27497708292903,0.9996712689020382,1.0,1.0,,1.0,2.0
LSTM,scratch,9551,ocdet,two_hole,heldout,val,chain_r+chain_s,,73,1.0,0.0,0.0,1.0,1.0,0.0,0.0,1.0,1.0,0.0,0.0,1.0,14.824353134183035,15.00432276725769,3.775652572684574,0.99981234753237,1.0,1.0,,1.0,3.0
LSTM,scratch,9551,ocdet,two_hole,heldout,val,chain_r+chain_s,,59,1.0,0.0,0.0,1.0,1.0,0.0,0.0,1.0,1.0,0.0,0.0,1.0,14.910818862965552,15.176891803741455,3.343880345807855,1.0,1.0,1.0,,1.0,4.0
LSTM,scratch,9551,ocdet,two_hole,heldout,val,chain_r+chain_s,,64,0.984375,0.0,0.015625,0.984375,0.984375,0.0,0.015625,0.984375,0.984375,0.0,0.015625,0.984375,14.082894236780703,14.458771109580994,3.92215350712482,0.999267578125,0.953125,1.0,,1.0,5.0
LSTM,scratch,9551,ocdet,two_hole,heldout,val,chain_r+chain_s,,65,1.0,0.0,0.0,1.0,1.0,0.0,0.0,1.0,1.0,0.0,0.0,1.0,14.919322098676975,14.814173698425293,3.1286612163022176,1.0,1.0,1.0,,1.0,6.0
LSTM,scratch,9551,ocdet,two_hole,heldout,val,chain_r+chain_s,,70,1.0,0.0,0.0,1.0,1.0,0.0,0.0,1.0,1.0,0.0,0.0,1.0,16.492161235319717,16.683733224868774,4.002917548430254,0.9985714285714287,1.0,1.0,,2.0,1.0
LSTM,scratch,9551,ocdet,two_hole,heldout,val,chain_r+chain_s,,75,1.0,0.0,0.0,1.0,1.0,0.0,0.0,1.0,1.0,0.0,0.0,1.0,15.377082043886185,14.977294564247131,4.276525214184333,0.9996444444444444,1.0,1.0,,2.0,3.0
LSTM,scratch,9551,ocdet,two_hole,heldout,val,chain_r+chain_s,,70,1.0,0.0,0.0,1.0,1.0,0.0,0.0,1.0,1.0,0.0,0.0,1.0,14.385344623029232,14.778967201709747,3.4248983019439203,1.0,1.0,1.0,,2.0,4.0
LSTM,scratch,9551,ocdet,two_hole,heldout,val,chain_r+chain_s,,73,0.9863013698630136,0.0,0.0136986301369863,0.9863013698630136,0.9863013698630136,0.0,0.0136986301369863,0.9863013698630136,0.9863013698630136,0.0,0.0136986301369863,0.9863013698630136,14.526455019638963,15.301144123077393,3.958593718644961,0.9994370425971102,0.958904109589041,1.0,,2.0,5.0
LSTM,scratch,9551,ocdet,two_hole,heldout,val,chain_r+chain_s,,73,1.0,0.0,0.0,1.0,1.0,0.0,0.0,1.0,1.0,0.0,0.0,1.0,14.319629398621109,15.519232034683228,4.529364973290239,0.9994370425971102,1.0,1.0,,2.0,6.0
LSTM,scratch,9551,ocdet,two_hole,heldout,val,chain_r+chain_s,,73,1.0,0.0,0.0,1.0,1.0,0.0,0.0,1.0,1.0,0.0,0.0,1.0,16.40708865286553,16.09596610069275,3.1197276479513274,1.0,1.0,1.0,,3.0,1.0
LSTM,scratch,9551,ocdet,two_hole,heldout,val,chain_r+chain_s,,64,0.984375,0.0,0.015625,0.984375,0.984375,0.0,0.015625,0.984375,0.984375,0.0,0.015625,0.984375,16.03746166266501,16.62221372127533,3.970617165731644,0.9990234375,0.953125,1.0,,3.0,2.0
LSTM,scratch,9551,ocdet,two_hole,heldout,val,chain_r+chain_s,,67,0.9850746268656716,0.0,0.014925373134328358,0.9850746268656716,0.9850746268656716,0.0,0.014925373134328358,0.9850746268656716,0.9850746268656716,0.0,0.014925373134328358,0.9850746268656716,15.086926092630002,14.62366247177124,4.431983957645807,0.9986633994208064,0.9552238805970149,1.0,,3.0,4.0
LSTM,scratch,9551,ocdet,two_hole,heldout,val,chain_r+chain_s,,71,1.0,0.0,0.0,1.0,1.0,0.0,0.0,1.0,1.0,0.0,0.0,1.0,15.147664849397163,15.534544944763184,4.258343273321811,1.0,1.0,1.0,,3.0,5.0
LSTM,scratch,9551,ocdet,two_hole,heldout,val,chain_r+chain_s,,62,1.0,0.0,0.0,1.0,1.0,0.0,0.0,1.0,1.0,0.0,0.0,1.0,14.407677152464467,14.746309280395508,4.009325583189202,1.0,1.0,1.0,,3.0,6.0
LSTM,scratch,9551,ocdet,two_hole,heldout,val,chain_r+chain_s,,67,1.0,0.0,0.0,1.0,1.0,0.0,0.0,1.0,1.0,0.0,0.0,1.0,17.199972550815612,17.35328245162964,3.6010730345005295,1.0,1.0,1.0,,4.0,1.0
LSTM,scratch,9551,ocdet,two_hole,heldout,val,chain_r+chain_s,,62,1.0,0.0,0.0,1.0,1.0,0.0,0.0,1.0,1.0,0.0,0.0,1.0,17.44406874742239,16.82939851284027,3.751931612737833,1.0,1.0,1.0,,4.0,2.0
LSTM,scratch,9551,ocdet,two_hole,heldout,val,chain_r+chain_s,,58,1.0,0.0,0.0,1.0,1.0,0.0,0.0,1.0,1.0,0.0,0.0,1.0,16.0949073557196,16.199301838874817,4.527211853894734,1.0,1.0,1.0,,4.0,3.0
LSTM,scratch,9551,ocdet,two_hole,heldout,val,chain_r+chain_s,,72,0.9861111111111112,0.0,0.013888888888888888,0.9861111111111112,0.9861111111111112,0.0,0.013888888888888888,0.9861111111111112,0.9861111111111112,0.0,0.013888888888888888,0.9861111111111112,14.6561517175287,14.803566813468933,4.8038775099173865,0.9934413580246914,0.9583333333333334,1.0,,4.0,5.0
LSTM,scratch,9551,ocdet,two_hole,heldout,val,chain_r+chain_s,,73,0.9726027397260274,0.0,0.0273972602739726,0.9726027397260274,0.9726027397260274,0.0,0.0273972602739726,0.9726027397260274,0.9726027397260274,0.0,0.0273972602739726,0.9726027397260274,14.221394258002713,14.94420838356018,4.618792933545545,0.9979358228560705,0.9315068493150684,1.0,,4.0,6.0
LSTM,scratch,9551,ocdet,two_hole,heldout,val,chain_r+chain_s,,63,1.0,0.0,0.0,1.0,1.0,0.0,0.0,1.0,1.0,0.0,0.0,1.0,15.547423099714612,15.8699471950531,3.574599804385874,1.0,1.0,1.0,,5.0,1.0
LSTM,scratch,9551,ocdet,two_hole,heldout,val,chain_r+chain_s,,57,1.0,0.0,0.0,1.0,1.0,0.0,0.0,1.0,1.0,0.0,0.0,1.0,16.353324152921374,16.49295997619629,2.9245385023759876,1.0,1.0,1.0,,5.0,2.0
LSTM,scratch,9551,ocdet,two_hole,heldout,val,chain_r+chain_s,,67,0.9850746268656716,0.0,0.014925373134328358,0.9850746268656716,0.9850746268656716,0.0,0.014925373134328358,0.9850746268656716,0.9850746268656716,0.0,0.014925373134328358,0.9850746268656716,15.38156689725705,15.668490886688232,4.050193482375045,0.9953218979728224,0.9552238805970149,1.0,,5.0,3.0
LSTM,scratch,9551,ocdet,two_hole,heldout,val,chain_r+chain_s,,65,1.0,0.0,0.0,1.0,1.0,0.0,0.0,1.0,1.0,0.0,0.0,1.0,14.869996511936188,15.641438007354736,4.472063858004034,0.9995266272189349,1.0,1.0,,5.0,4.0
LSTM,scratch,9551,ocdet,two_hole,heldout,val,chain_r+chain_s,,65,1.0,0.0,0.0,1.0,1.0,0.0,0.0,1.0,1.0,0.0,0.0,1.0,15.026719830127863,14.971130609512329,3.348655864427441,0.9997633136094675,1.0,1.0,,5.0,6.0
LSTM,scratch,9551,ocdet,two_hole,heldout,val,chain_r+chain_s,,52,1.0,0.0,0.0,1.0,1.0,0.0,0.0,1.0,1.0,0.0,0.0,1.0,16.686254873871803,16.604376554489136,3.6641777698950793,1.0,1.0,1.0,,6.0,1.0
LSTM,scratch,9551,ocdet,two_hole,heldout,val,chain_r+chain_s,,65,1.0,0.0,0.0,1.0,1.0,0.0,0.0,1.0,1.0,0.0,0.0,1.0,15.822033136166059,15.798488140106201,3.2742367379422217,0.9997633136094675,1.0,1.0,,6.0,2.0
LSTM,scratch,9551,ocdet,two_hole,heldout,val,chain_r+chain_s,,79,0.9746835443037974,0.0,0.02531645569620253,0.9746835443037974,0.9746835443037974,0.0,0.02531645569620253,0.9746835443037974,0.9746835443037974,0.0,0.02531645569620253,0.9746835443037974,15.632993327854555,16.657259941101074,4.729591819040817,0.9905463867969877,0.9367088607594937,1.0,,6.0,3.0
LSTM,scratch,9551,ocdet,two_hole,heldout,val,chain_r+chain_s,,56,0.9821428571428571,0.0,0.017857142857142856,0.9821428571428571,0.9821428571428571,0.0,0.017857142857142856,0.9821428571428571,0.9821428571428571,0.0,0.017857142857142856,0.9821428571428571,15.065982385272426,16.273900985717773,4.430526771774897,0.9923469387755102,0.9464285714285714,1.0,,6.0,4.0
LSTM,scratch,9551,ocdet,two_hole,heldout,val,chain_r+chain_s,,62,0.9838709677419355,0.0,0.016129032258064516,0.9838709677419355,0.9838709677419355,0.0,0.016129032258064516,0.9838709677419355,0.9838709677419355,0.0,0.016129032258064516,0.9838709677419355,14.931047655882374,15.492152333259583,4.340705524679556,0.9864724245577524,0.9516129032258065,1.0,,6.0,5.0
LSTM,scratch,9551,ocdet,two_hole,heldout,test,orientation,1.0,5051,0.9970302910314789,0.0,0.002969708968521085,0.9970302910314789,0.9970302910314789,0.0,0.002969708968521085,0.9970302910314789,0.9970302910314789,0.0,0.002969708968521085,0.9970302910314789,13.983046520447536,14.312985181808472,3.0375986345176513,0.9996594623966407,0.9954464462482677,0.9984161552167887,,,
LSTM,scratch,9551,ocdet,two_hole,heldout,test,orientation,2.0,4949,0.9931299252374217,0.0,0.006870074762578299,0.9931299252374217,0.9931299252374217,0.0,0.006870074762578299,0.9931299252374217,0.9931299252374217,0.0,0.006870074762578299,0.9931299252374217,16.339074814202483,17.075514554977417,4.682117897193147,0.9985293926112625,0.9909072539907052,0.9953525964841382,,,
LSTM,scratch,9551,ocdet,two_hole,heldout,test,kappa_gap,,3321,0.9921710328214394,0.0,0.007828967178560674,0.9921710328214394,0.9921710328214394,0.0,0.007828967178560674,0.9921710328214394,0.9921710328214394,0.0,0.007828967178560674,0.9921710328214394,13.91036372242994,14.236954927444458,4.218430581214617,0.9973280541798693,0.989159891598916,0.9951821740439627,1.0,,
LSTM,scratch,9551,ocdet,two_hole,heldout,test,kappa_gap,,2689,0.995909259947936,0.0,0.004090740052063964,0.995909259947936,0.995909259947936,0.0,0.004090740052063964,0.995909259947936,0.995909259947936,0.0,0.004090740052063964,0.995909259947936,15.50552463240564,15.630184412002563,3.8592058902222166,0.9987770237573818,0.9933060617329862,0.9981405727036073,2.0,,
LSTM,scratch,9551,ocdet,two_hole,heldout,test,kappa_gap,,2008,0.99800796812749,0.0,0.00199203187250996,0.99800796812749,0.99800796812749,0.0,0.00199203187250996,0.99800796812749,0.99800796812749,0.0,0.00199203187250996,0.99800796812749,15.909494145398597,15.986997127532959,3.822243335194591,0.9991081490769987,0.9960159362549801,0.9995019920318725,3.0,,
LSTM,scratch,9551,ocdet,two_hole,heldout,test,kappa_gap,,1313,0.9954303122619954,0.0,0.00456968773800457,0.9954303122619954,0.9954303122619954,0.0,0.00456968773800457,0.9954303122619954,0.9954303122619954,0.0,0.00456968773800457,0.9954303122619954,16.029609647241152,16.31577157974243,4.046931878715895,0.9978787321581769,0.9916222391469917,0.9984767707539984,4.0,,
LSTM,scratch,9551,ocdet,two_hole,heldout,test,kappa_gap,,669,0.9970104633781763,0.0,0.0029895366218236174,0.9970104633781763,0.9970104633781763,0.0,0.0029895366218236174,0.9970104633781763,0.9970104633781763,0.0,0.0029895366218236174,0.9970104633781763,15.854460180496243,16.47572350502014,4.062100730903823,0.9988381472022808,0.992526158445441,1.0,5.0,,
LSTM,scratch,9551,ocdet,two_hole,heldout,test,chain_r+chain_s,,352,0.9971590909090909,0.0,0.002840909090909091,0.9971590909090909,0.9971590909090909,0.0,0.002840909090909091,0.9971590909090909,0.9971590909090909,0.0,0.002840909090909091,0.9971590909090909,14.33112807453356,13.630219876766205,4.313720583914111,0.997707902892562,0.9914772727272727,1.0,,1.0,2.0
LSTM,scratch,9551,ocdet,two_hole,heldout,test,chain_r+chain_s,,326,1.0,0.0,0.0,1.0,1.0,0.0,0.0,1.0,1.0,0.0,0.0,1.0,15.20076143250235,15.12167513370514,3.8831016563975007,0.9998964959162934,1.0,1.0,,1.0,3.0
LSTM,scratch,9551,ocdet,two_hole,heldout,test,chain_r+chain_s,,323,0.9938080495356038,0.0,0.006191950464396285,0.9938080495356038,0.9938080495356038,0.0,0.006191950464396285,0.9938080495356038,0.9938080495356038,0.0,0.006191950464396285,0.9938080495356038,14.554272687910327,14.556859612464905,3.7550584971093333,0.9981500829107918,0.9845201238390093,1.0,,1.0,4.0
LSTM,scratch,9551,ocdet,two_hole,heldout,test,chain_r+chain_s,,334,1.0,0.0,0.0,1.0,1.0,0.0,0.0,1.0,1.0,0.0,0.0,1.0,14.150772921540245,14.429212018847466,3.8468392084306706,0.997418336978737,1.0,1.0,,1.0,5.0
LSTM,scratch,9551,ocdet,two_hole,heldout,test,chain_r+chain_s,,339,1.0,0.0,0.0,1.0,1.0,0.0,0.0,1.0,1.0,0.0,0.0,1.0,14.72383707757369,15.149471044540405,3.9857576241400445,0.9998433706633252,1.0,1.0,,1.0,6.0
LSTM,scratch,9551,ocdet,two_hole,heldout,test,chain_r+chain_s,,353,1.0,0.0,0.0,1.0,1.0,0.0,0.0,1.0,1.0,0.0,0.0,1.0,15.472977758846945,15.478606462478638,3.5055979039073826,0.9993740420033866,1.0,1.0,,2.0,1.0
LSTM,scratch,9551,ocdet,two_hole,heldout,test,chain_r+chain_s,,316,0.9936708860759493,0.0,0.006329113924050633,0.9936708860759493,0.9936708860759493,0.0,0.006329113924050633,0.9936708860759493,0.9936708860759493,0.0,0.006329113924050633,0.9936708860759493,14.378230479510524,14.02486777305603,3.9380016445453236,0.9990987021310688,0.9841772151898734,1.0,,2.0,3.0
LSTM,scratch,9551,ocdet,two_hole,heldout,test,chain_r+chain_s,,325,0.9938461538461538,0.0,0.006153846153846154,0.9938461538461538,0.9938461538461538,0.0,0.006153846153846154,0.9938461538461538,0.9938461538461538,0.0,0.006153846153846154,0.9938461538461538,15.0639294728866,15.189272403717041,3.693586887236846,0.999876923076923,0.9846153846153847,1.0,,2.0,4.0
LSTM,scratch,9551,ocdet,two_hole,heldout,test,chain_r+chain_s,,297,1.0,0.0,0.0,1.0,1.0,0.0,0.0,1.0,1.0,0.0,0.0,1.0,14.556023301299573,15.124196529388428,3.6582648618534126,0.9990703896427802,1.0,1.0,,2.0,5.0
LSTM,scratch,9551,ocdet,two_hole,heldout,test,chain_r+chain_s,,341,0.9970674486803519,0.0,0.002932551319648094,0.9970674486803519,0.9970674486803519,0.0,0.002932551319648094,0.9970674486803519,0.9970674486803519,0.0,0.002932551319648094,0.9970674486803519,14.385639546138625,14.654415667057037,3.433911486209829,0.9998538024268797,0.9912023460410557,1.0,,2.0,6.0
LSTM,scratch,9551,ocdet,two_hole,heldout,test,chain_r+chain_s,,345,0.9971014492753624,0.0,0.002898550724637681,0.9971014492753624,0.9971014492753624,0.0,0.002898550724637681,0.9971014492753624,0.9971014492753624,0.0,0.002898550724637681,0.9971014492753624,16.21291009278401,16.665123462677002,4.350740086867412,0.9980172232724218,0.991304347826087,1.0,,3.0,1.0
LSTM,scratch,9551,ocdet,two_hole,heldout,test,chain_r+chain_s,,346,0.9913294797687862,0.0,0.008670520231213872,0.9913294797687862,0.9913294797687862,0.0,0.008670520231213872,0.9913294797687862,0.9913294797687862,0.0,0.008670520231213872,0.9913294797687862,15.524173071360313,16.362889170646667,4.216675081553473,0.997335360352835,0.9797687861271677,1.0,,3.0,2.0
LSTM,scratch,9551,ocdet,two_hole,heldout,test,chain_r+chain_s,,346,0.9942196531791907,0.0,0.005780346820809248,0.9942196531791907,0.9942196531791907,0.0,0.005780346820809248,0.9942196531791907,0.9942196531791907,0.0,0.005780346820809248,0.9942196531791907,14.349070317569495,14.103854477405548,4.212889663289548,0.9990143339236193,0.9855491329479769,1.0,,3.0,4.0
LSTM,scratch,9551,ocdet,two_hole,heldout,test,chain_r+chain_s,,336,0.9970238095238095,0.0,0.002976190476190476,0.9970238095238095,0.9970238095238095,0.0,0.002976190476190476,0.9970238095238095,0.9970238095238095,0.0,0.002976190476190476,0.9970238095238095,15.34893628141089,15.770114064216614,4.322171316572404,0.9993445294784581,0.9910714285714286,1.0,,3.0,5.0
LSTM,scratch,9551,ocdet,two_hole,heldout,test,chain_r+chain_s,,375,0.9973333333333333,0.0,0.0026666666666666666,0.9973333333333333,0.9973333333333333,0.0,0.0026666666666666666,0.9973333333333333,0.9973333333333333,0.0,0.0026666666666666666,0.9973333333333333,14.635091543177763,15.287582159042358,3.927676870234239,0.9976248888888889,0.992,1.0,,3.0,6.0
LSTM,scratch,9551,ocdet,two_hole,heldout,test,chain_r+chain_s,,346,1.0,0.0,0.0,1.0,1.0,0.0,0.0,1.0,1.0,0.0,0.0,1.0,16.338879747671545,16.59237289428711,4.243875185439949,0.9973353603528351,1.0,1.0,,4.0,1.0
LSTM,scratch,9551,ocdet,two_hole,heldout,test,chain_r+chain_s,,303,1.0,0.0,0.0,1.0,1.0,0.0,0.0,1.0,1.0,0.0,0.0,1.0,15.365812703819557,15.670004606246948,4.399716830645726,0.9959372174841247,1.0,1.0,,4.0,2.0
LSTM,scratch,9551,ocdet,two_hole,heldout,test,chain_r+chain_s,,325,0.9938461538461538,0.0,0.006153846153846154,0.9938461538461538,0.9938461538461538,0.0,0.006153846153846154,0.9938461538461538,0.9938461538461538,0.0,0.006153846153846154,0.9938461538461538,15.364104405183058,15.6802818775177,3.9844293217337348,0.9970082840236686,0.9846153846153847,1.0,,4.0,3.0
LSTM,scratch,9551,ocdet,two_hole,heldout,test,chain_r+chain_s,,345,0.9971014492753624,0.0,0.002898550724637681,0.9971014492753624,0.9971014492753624,0.0,0.002898550724637681,0.9971014492753624,0.9971014492753624,0.0,0.002898550724637681,0.9971014492753624,14.933362747404887,14.302613973617554,3.923653996347604,0.9998991808443605,0.991304347826087,1.0,,4.0,5.0
LSTM,scratch,9551,ocdet,two_hole,heldout,test,chain_r+chain_s,,352,0.9943181818181818,0.0,0.005681818181818182,0.9943181818181818,0.9943181818181818,0.0,0.005681818181818182,0.9943181818181818,0.9943181818181818,0.0,0.005681818181818182,0.9943181818181818,15.135028167627752,15.335358023643494,4.279750968255799,0.9993220557851239,0.9857954545454546,1.0,,4.0,6.0
LSTM,scratch,9551,ocdet,two_hole,heldout,test,chain_r+chain_s,,294,0.9965986394557823,0.0,0.003401360544217687,0.9965986394557823,0.9965986394557823,0.0,0.003401360544217687,0.9965986394557823,0.9965986394557823,0.0,0.003401360544217687,0.9965986394557823,15.635238686386419,15.862496733665466,4.37791645154251,0.9991207367300661,0.9897959183673469,1.0,,5.0,1.0
LSTM,scratch,9551,ocdet,two_hole,heldout,test,chain_r+chain_s,,325,0.9938461538461538,0.0,0.006153846153846154,0.9938461538461538,0.9938461538461538,0.0,0.006153846153846154,0.9938461538461538,0.9938461538461538,0.0,0.006153846153846154,0.9938461538461538,15.925995157085932,16.230181217193604,4.077278936971464,0.9996591715976332,0.9846153846153847,1.0,,5.0,2.0
LSTM,scratch,9551,ocdet,two_hole,heldout,test,chain_r+chain_s,,325,0.9846153846153847,0.0,0.015384615384615385,0.9846153846153847,0.9846153846153847,0.0,0.015384615384615385,0.9846153846153847,0.9846153846153847,0.0,0.015384615384615385,0.9846153846153847,15.329798023609015,15.994204759597778,4.684275980034159,0.9976047337278107,0.9692307692307692,0.9969230769230769,,5.0,3.0
LSTM,scratch,9551,ocdet,two_hole,heldout,test,chain_r+chain_s,,319,0.9843260188087775,0.0,0.01567398119122257,0.9843260188087775,0.9843260188087775,0.0,0.01567398119122257,0.9843260188087775,0.9843260188087775,0.0,0.01567398119122257,0.9843260188087775,14.77549046590971,15.445918560028076,4.519575204935252,0.9990762669392007,0.9686520376175548,0.9968652037617555,,5.0,4.0
LSTM,scratch,9551,ocdet,two_hole,heldout,test,chain_r+chain_s,,324,0.9907407407407407,0.0,0.009259259259259259,0.9907407407407407,0.9907407407407407,0.0,0.009259259259259259,0.9907407407407407,0.9907407407407407,0.0,0.009259259259259259,0.9907407407407407,14.09659245380281,14.135880947113037,4.051501824208127,0.9967802164304224,0.9783950617283951,1.0,,5.0,6.0
LSTM,scratch,9551,ocdet,two_hole,heldout,test,chain_r+chain_s,,295,1.0,0.0,0.0,1.0,1.0,0.0,0.0,1.0,1.0,0.0,0.0,1.0,15.980680033665593,16.140387296676636,4.179541785183532,0.9981614478598104,1.0,1.0,,6.0,1.0
LSTM,scratch,9551,ocdet,two_hole,heldout,test,chain_r+chain_s,,351,0.9943019943019943,0.0,0.005698005698005698,0.9943019943019943,0.9943019943019943,0.0,0.005698005698005698,0.9943019943019943,0.9943019943019943,0.0,0.005698005698005698,0.9943019943019943,16.08891692023162,16.582257986068726,4.126599803433133,0.9978084593469209,0.9857549857549858,1.0,,6.0,2.0
LSTM,scratch,9551,ocdet,two_hole,heldout,test,chain_r+chain_s,,323,0.9907120743034056,0.0,0.009287925696594427,0.9907120743034056,0.9907120743034056,0.0,0.009287925696594427,0.9907120743034056,0.9907120743034056,0.0,0.009287925696594427,0.9907120743034056,15.676529274913179,16.39032244682312,4.124261425411404,0.9966739832644806,0.978328173374613,1.0,,6.0,3.0
LSTM,scratch,9551,ocdet,two_hole,heldout,test,chain_r+chain_s,,365,0.9917808219178083,0.0,0.00821917808219178,0.9917808219178083,0.9917808219178083,0.0,0.00821917808219178,0.9917808219178083,0.9917808219178083,0.0,0.00821917808219178,0.9917808219178083,15.615426708084263,15.961540699005127,3.8989117939631694,0.9980409082379433,0.9808219178082191,1.0,,6.0,4.0
LSTM,scratch,9551,ocdet,two_hole,heldout,test,chain_r+chain_s,,354,0.9887005649717514,0.0,0.011299435028248588,0.9887005649717514,0.9887005649717514,0.0,0.011299435028248588,0.9887005649717514,0.9887005649717514,0.0,0.011299435028248588,0.9887005649717514,15.323665475314957,15.713062763214111,3.7295833756586565,0.9994493919371829,0.9745762711864406,0.9971751412429378,,6.0,5.0
Transformer,scratch,9550,ocdet,two_hole,clean,val,orientation,1.0,1052,1.0,0.0,0.0,1.0,1.0,0.0,0.0,1.0,1.0,0.0,0.0,1.0,18.99535217869871,19.09861731529236,1.6626460823605984,1.0,1.0,1.0,,,
Transformer,scratch,9550,ocdet,two_hole,clean,val,orientation,2.0,948,1.0,0.0,0.0,1.0,1.0,0.0,0.0,1.0,1.0,0.0,0.0,1.0,17.777900713436967,18.10862362384796,2.1882823047949054,1.0,1.0,1.0,,,
Transformer,scratch,9550,ocdet,two_hole,clean,val,kappa_gap,,673,1.0,0.0,0.0,1.0,1.0,0.0,0.0,1.0,1.0,0.0,0.0,1.0,18.078201069962926,18.16960072517395,2.0345498587507005,1.0,1.0,1.0,1.0,,
Transformer,scratch,9550,ocdet,two_hole,clean,val,kappa_gap,,511,1.0,0.0,0.0,1.0,1.0,0.0,0.0,1.0,1.0,0.0,0.0,1.0,18.38568657059259,18.650230407714844,2.130046495970636,1.0,1.0,1.0,2.0,,
Transformer,scratch,9550,ocdet,two_hole,clean,val,kappa_gap,,418,1.0,0.0,0.0,1.0,1.0,0.0,0.0,1.0,1.0,0.0,0.0,1.0,18.414415969803002,18.318251490592957,1.9414769707873725,1.0,1.0,1.0,3.0,,
Transformer,scratch,9550,ocdet,two_hole,clean,val,kappa_gap,,262,1.0,0.0,0.0,1.0,1.0,0.0,0.0,1.0,1.0,0.0,0.0,1.0,18.96727687757434,19.19962739944458,1.843749474851891,1.0,1.0,1.0,4.0,,
Transformer,scratch,9550,ocdet,two_hole,clean,val,kappa_gap,,136,1.0,0.0,0.0,1.0,1.0,0.0,0.0,1.0,1.0,0.0,0.0,1.0,19.177888186538922,19.70353388786316,1.672628286772591,1.0,1.0,1.0,5.0,,
Transformer,scratch,9550,ocdet,two_hole,clean,val,chain_r+chain_s,,53,1.0,0.0,0.0,1.0,1.0,0.0,0.0,1.0,1.0,0.0,0.0,1.0,19.789335250854492,20.174824237823486,1.0797979864680796,1.0,1.0,1.0,,1.0,2.0
Transformer,scratch,9550,ocdet,two_hole,clean,val,chain_r+chain_s,,82,1.0,0.0,0.0,1.0,1.0,0.0,0.0,1.0,1.0,0.0,0.0,1.0,17.56151135956369,17.757802486419678,1.9064336357004619,1.0,1.0,1.0,,1.0,3.0
Transformer,scratch,9550,ocdet,two_hole,clean,val,chain_r+chain_s,,58,1.0,0.0,0.0,1.0,1.0,0.0,0.0,1.0,1.0,0.0,0.0,1.0,18.972422262717938,18.886500597000122,0.7462566353723555,1.0,1.0,1.0,,1.0,4.0
Transformer,scratch,9550,ocdet,two_hole,clean,val,chain_r+chain_s,,60,1.0,0.0,0.0,1.0,1.0,0.0,0.0,1.0,1.0,0.0,0.0,1.0,18.06232669353485,18.06009829044342,1.5327142174011439,1.0,1.0,1.0,,1.0,5.0
Transformer,scratch,9550,ocdet,two_hole,clean,val,chain_r+chain_s,,71,1.0,0.0,0.0,1.0,1.0,0.0,0.0,1.0,1.0,0.0,0.0,1.0,18.97528103707542,19.052053928375244,0.8174867298849178,1.0,1.0,1.0,,1.0,6.0
Transformer,scratch,9550,ocdet,two_hole,clean,val,chain_r+chain_s,,67,1.0,0.0,0.0,1.0,1.0,0.0,0.0,1.0,1.0,0.0,0.0,1.0,16.35644727322593,16.77739429473877,1.2290903955298809,1.0,1.0,1.0,,2.0,1.0
Transformer,scratch,9550,ocdet,two_hole,clean,val,chain_r+chain_s,,49,1.0,0.0,0.0,1.0,1.0,0.0,0.0,1.0,1.0,0.0,0.0,1.0,15.759515266029203,16.070496082305908,1.6103267048391405,1.0,1.0,1.0,,2.0,3.0
Transformer,scratch,9550,ocdet,two_hole,clean,val,chain_r+chain_s,,87,1.0,0.0,0.0,1.0,1.0,0.0,0.0,1.0,1.0,0.0,0.0,1.0,15.827650937883334,16.379863739013672,1.995473692195401,1.0,1.0,1.0,,2.0,4.0
Transformer,scratch,9550,ocdet,two_hole,clean,val,chain_r+chain_s,,50,1.0,0.0,0.0,1.0,1.0,0.0,0.0,1.0,1.0,0.0,0.0,1.0,14.961010184288025,15.272410988807678,2.0705954604880636,1.0,1.0,1.0,,2.0,5.0
Transformer,scratch,9550,ocdet,two_hole,clean,val,chain_r+chain_s,,70,1.0,0.0,0.0,1.0,1.0,0.0,0.0,1.0,1.0,0.0,0.0,1.0,16.896800427777425,17.078140020370483,1.2458516135540896,1.0,1.0,1.0,,2.0,6.0
Transformer,scratch,9550,ocdet,two_hole,clean,val,chain_r+chain_s,,67,1.0,0.0,0.0,1.0,1.0,0.0,0.0,1.0,1.0,0.0,0.0,1.0,19.124708962084643,18.898518085479736,1.705260824813895,1.0,1.0,1.0,,3.0,1.0
Transformer,scratch,9550,ocdet,two_hole,clean,val,chain_r+chain_s,,67,1.0,0.0,0.0,1.0,1.0,0.0,0.0,1.0,1.0,0.0,0.0,1.0,20.263689553559715,20.553637981414795,0.8610634543498733,1.0,1.0,1.0,,3.0,2.0
Transformer,scratch,9550,ocdet,two_hole,clean,val,chain_r+chain_s,,57,1.0,0.0,0.0,1.0,1.0,0.0,0.0,1.0,1.0,0.0,0.0,1.0,19.20424763361613,19.059849739074707,1.052510815937846,1.0,1.0,1.0,,3.0,4.0
Transformer,scratch,9550,ocdet,two_hole,clean,val,chain_r+chain_s,,69,1.0,0.0,0.0,1.0,1.0,0.0,0.0,1.0,1.0,0.0,0.0,1.0,17.823336535605833,17.291358470916748,2.0517152262590974,1.0,1.0,1.0,,3.0,5.0
Transformer,scratch,9550,ocdet,two_hole,clean,val,chain_r+chain_s,,71,1.0,0.0,0.0,1.0,1.0,0.0,0.0,1.0,1.0,0.0,0.0,1.0,19.973092451901504,20.228744506835938,0.9292131776928326,1.0,1.0,1.0,,3.0,6.0
Transformer,scratch,9550,ocdet,two_hole,clean,val,chain_r+chain_s,,63,1.0,0.0,0.0,1.0,1.0,0.0,0.0,1.0,1.0,0.0,0.0,1.0,17.81866298781501,17.892153024673462,0.8982809956528467,1.0,1.0,1.0,,4.0,1.0
Transformer,scratch,9550,ocdet,two_hole,clean,val,chain_r+chain_s,,78,1.0,0.0,0.0,1.0,1.0,0.0,0.0,1.0,1.0,0.0,0.0,1.0,19.228766004244488,20.091329097747803,1.8308414975476208,1.0,1.0,1.0,,4.0,2.0
Transformer,scratch,9550,ocdet,two_hole,clean,val,chain_r+chain_s,,55,1.0,0.0,0.0,1.0,1.0,0.0,0.0,1.0,1.0,0.0,0.0,1.0,16.91029196652499,16.745103359222412,1.4215899678249155,1.0,1.0,1.0,,4.0,3.0
Transformer,scratch,9550,ocdet,two_hole,clean,val,chain_r+chain_s,,60,1.0,0.0,0.0,1.0,1.0,0.0,0.0,1.0,1.0,0.0,0.0,1.0,17.417375202973684,17.404829025268555,1.0745389101460978,1.0,1.0,1.0,,4.0,5.0
Transformer,scratch,9550,ocdet,two_hole,clean,val,chain_r+chain_s,,63,1.0,0.0,0.0,1.0,1.0,0.0,0.0,1.0,1.0,0.0,0.0,1.0,18.181806291852677,18.017763376235962,1.0916962946970334,1.0,1.0,1.0,,4.0,6.0
Transformer,scratch,9550,ocdet,two_hole,clean,val,chain_r+chain_s,,82,1.0,0.0,0.0,1.0,1.0,0.0,0.0,1.0,1.0,0.0,0.0,1.0,19.12127345073514,18.52526831626892,1.573860375423857,1.0,1.0,1.0,,5.0,1.0
Transformer,scratch,9550,ocdet,two_hole,clean,val,chain_r+chain_s,,70,1.0,0.0,0.0,1.0,1.0,0.0,0.0,1.0,1.0,0.0,0.0,1.0,20.442099002429416,20.486976623535156,0.48064889453954845,1.0,1.0,1.0,,5.0,2.0
Transformer,scratch,9550,ocdet,two_hole,clean,val,chain_r+chain_s,,74,1.0,0.0,0.0,1.0,1.0,0.0,0.0,1.0,1.0,0.0,0.0,1.0,18.545924257587743,19.730589151382446,2.4445332687424073,1.0,1.0,1.0,,5.0,3.0
Transformer,scratch,9550,ocdet,two_hole,clean,val,chain_r+chain_s,,76,1.0,0.0,0.0,1.0,1.0,0.0,0.0,1.0,1.0,0.0,0.0,1.0,19.61727256837644,19.99850034713745,1.2928238666248577,1.0,1.0,1.0,,5.0,4.0
Transformer,scratch,9550,ocdet,two_hole,clean,val,chain_r+chain_s,,62,1.0,0.0,0.0,1.0,1.0,0.0,0.0,1.0,1.0,0.0,0.0,1.0,19.452212602861465,19.371240377426147,0.861090458331763,1.0,1.0,1.0,,5.0,6.0
Transformer,scratch,9550,ocdet,two_hole,clean,val,chain_r+chain_s,,69,1.0,0.0,0.0,1.0,1.0,0.0,0.0,1.0,1.0,0.0,0.0,1.0,19.162400667218193,18.875732421875,1.3852247361840055,1.0,1.0,1.0,,6.0,1.0
Transformer,scratch,9550,ocdet,two_hole,clean,val,chain_r+chain_s,,73,1.0,0.0,0.0,1.0,1.0,0.0,0.0,1.0,1.0,0.0,0.0,1.0,20.27917085608391,20.638279914855957,1.3138871293028014,1.0,1.0,1.0,,6.0,2.0
Transformer,scratch,9550,ocdet,two_hole,clean,val,chain_r+chain_s,,57,1.0,0.0,0.0,1.0,1.0,0.0,0.0,1.0,1.0,0.0,0.0,1.0,17.97092800809626,16.777501344680786,2.352830378800465,1.0,1.0,1.0,,6.0,3.0
Transformer,scratch,9550,ocdet,two_hole,clean,val,chain_r+chain_s,,78,1.0,0.0,0.0,1.0,1.0,0.0,0.0,1.0,1.0,0.0,0.0,1.0,18.953158176862278,18.617797136306763,1.268663943870531,1.0,1.0,1.0,,6.0,4.0
Transformer,scratch,9550,ocdet,two_hole,clean,val,chain_r+chain_s,,62,1.0,0.0,0.0,1.0,1.0,0.0,0.0,1.0,1.0,0.0,0.0,1.0,18.424286361663572,18.0494282245636,1.7092698325991305,1.0,1.0,1.0,,6.0,5.0
Transformer,scratch,9550,ocdet,two_hole,clean,test,orientation,1.0,5099,1.0,0.0,0.0,1.0,1.0,0.0,0.0,1.0,1.0,0.0,0.0,1.0,18.940315980611068,19.047589778900146,1.6963810185323485,1.0,1.0,1.0,,,
Transformer,scratch,9550,ocdet,two_hole,clean,test,orientation,2.0,4901,1.0,0.0,0.0,1.0,1.0,0.0,0.0,1.0,1.0,0.0,0.0,1.0,17.707078794386465,18.010896682739258,2.1898639253086274,1.0,1.0,1.0,,,
Transformer,scratch,9550,ocdet,two_hole,clean,test,kappa_gap,,3399,1.0,0.0,0.0,1.0,1.0,0.0,0.0,1.0,1.0,0.0,0.0,1.0,18.045639935592654,18.086982011795044,2.0207620227949072,1.0,1.0,1.0,1.0,,
Transformer,scratch,9550,ocdet,two_hole,clean,test,kappa_gap,,2701,1.0,0.0,0.0,1.0,1.0,0.0,0.0,1.0,1.0,0.0,0.0,1.0,18.37721225612696,18.65587329864502,2.073272269889792,1.0,1.0,1.0,2.0,,
Transformer,scratch,9550,ocdet,two_hole,clean,test,kappa_gap,,1974,1.0,0.0,0.0,1.0,1.0,0.0,0.0,1.0,1.0,0.0,0.0,1.0,18.211603970090426,18.19108247756958,2.07438143050292,1.0,1.0,1.0,3.0,,
Transformer,scratch,9550,ocdet,two_hole,clean,test,kappa_gap,,1310,1.0,0.0,0.0,1.0,1.0,0.0,0.0,1.0,1.0,0.0,0.0,1.0,18.887042762674675,19.119348287582397,1.9948336978087835,1.0,1.0,1.0,4.0,,
Transformer,scratch,9550,ocdet,two_hole,clean,test,kappa_gap,,616,1.0,0.0,0.0,1.0,1.0,0.0,0.0,1.0,1.0,0.0,0.0,1.0,18.98271372643384,19.089348793029785,1.710690327958488,1.0,1.0,1.0,5.0,,
Transformer,scratch,9550,ocdet,two_hole,clean,test,chain_r+chain_s,,351,1.0,0.0,0.0,1.0,1.0,0.0,0.0,1.0,1.0,0.0,0.0,1.0,19.801226249787202,20.193737983703613,1.115612506609103,1.0,1.0,1.0,,1.0,2.0
Transformer,scratch,9550,ocdet,two_hole,clean,test,chain_r+chain_s,,337,1.0,0.0,0.0,1.0,1.0,0.0,0.0,1.0,1.0,0.0,0.0,1.0,17.34561141662145,17.251126050949097,1.7745543796956633,1.0,1.0,1.0,,1.0,3.0
Transformer,scratch,9550,ocdet,two_hole,clean,test,chain_r+chain_s,,365,1.0,0.0,0.0,1.0,1.0,0.0,0.0,1.0,1.0,0.0,0.0,1.0,18.882029942943625,18.86640214920044,0.8505097690121222,1.0,1.0,1.0,,1.0,4.0
Transformer,scratch,9550,ocdet,two_hole,clean,test,chain_r+chain_s,,329,1.0,0.0,0.0,1.0,1.0,0.0,0.0,1.0,1.0,0.0,0.0,1.0,17.81833836735201,17.731326818466187,1.6291396781108027,1.0,1.0,1.0,,1.0,5.0
Transformer,scratch,9550,ocdet,two_hole,clean,test,chain_r+chain_s,,309,1.0,0.0,0.0,1.0,1.0,0.0,0.0,1.0,1.0,0.0,0.0,1.0,19.189341548962886,19.211545944213867,0.737310833642813,1.0,1.0,1.0,,1.0,6.0
Transformer,scratch,9550,ocdet,two_hole,clean,test,chain_r+chain_s,,362,1.0,0.0,0.0,1.0,1.0,0.0,0.0,1.0,1.0,0.0,0.0,1.0,16.23249428443487,16.5809725522995,1.3812230263253826,1.0,1.0,1.0,,2.0,1.0
Transformer,scratch,9550,ocdet,two_hole,clean,test,chain_r+chain_s,,353,1.0,0.0,0.0,1.0,1.0,0.0,0.0,1.0,1.0,0.0,0.0,1.0,15.779257451508606,15.938249111175537,1.7189169489798304,1.0,1.0,1.0,,2.0,3.0
Transformer,scratch,9550,ocdet,two_hole,clean,test,chain_r+chain_s,,363,1.0,0.0,0.0,1.0,1.0,0.0,0.0,1.0,1.0,0.0,0.0,1.0,15.868337454792554,16.41276717185974,1.9685867558137835,1.0,1.0,1.0,,2.0,4.0
Transformer,scratch,9550,ocdet,two_hole,clean,test,chain_r+chain_s,,346,1.0,0.0,0.0,1.0,1.0,0.0,0.0,1.0,1.0,0.0,0.0,1.0,15.323538765418908,15.633472681045532,2.0386171381418317,1.0,1.0,1.0,,2.0,5.0
Transformer,scratch,9550,ocdet,two_hole,clean,test,chain_r+chain_s,,341,1.0,0.0,0.0,1.0,1.0,0.0,0.0,1.0,1.0,0.0,0.0,1.0,16.99637575268396,17.07829761505127,1.2262768107074322,1.0,1.0,1.0,,2.0,6.0
Transformer,scratch,9550,ocdet,two_hole,clean,test,chain_r+chain_s,,362,1.0,0.0,0.0,1.0,1.0,0.0,0.0,1.0,1.0,0.0,0.0,1.0,19.236908717050078,19.37629222869873,1.456707829948523,1.0,1.0,1.0,,3.0,1.0
Transformer,scratch,9550,ocdet,two_hole,clean,test,chain_r+chain_s,,319,1.0,0.0,0.0,1.0,1.0,0.0,0.0,1.0,1.0,0.0,0.0,1.0,20.1711592719099,20.46357822418213,0.9370685862714161,1.0,1.0,1.0,,3.0,2.0
Transformer,scratch,9550,ocdet,two_hole,clean,test,chain_r+chain_s,,308,1.0,0.0,0.0,1.0,1.0,0.0,0.0,1.0,1.0,0.0,0.0,1.0,19.330684620064574,19.113136529922485,1.073925466046355,1.0,1.0,1.0,,3.0,4.0
Transformer,scratch,9550,ocdet,two_hole,clean,test,chain_r+chain_s,,316,1.0,0.0,0.0,1.0,1.0,0.0,0.0,1.0,1.0,0.0,0.0,1.0,18.200834417644934,17.966843724250793,2.001742803018517,1.0,1.0,1.0,,3.0,5.0
Transformer,scratch,9550,ocdet,two_hole,clean,test,chain_r+chain_s,,312,1.0,0.0,0.0,1.0,1.0,0.0,0.0,1.0,1.0,0.0,0.0,1.0,19.73521774319502,19.592318534851074,0.8662535773292138,1.0,1.0,1.0,,3.0,6.0
Transformer,scratch,9550,ocdet,two_hole,clean,test,chain_r+chain_s,,319,1.0,0.0,0.0,1.0,1.0,0.0,0.0,1.0,1.0,0.0,0.0,1.0,17.7361150004647,17.880823850631714,0.9788429934193522,1.0,1.0,1.0,,4.0,1.0
Transformer,scratch,9550,ocdet,two_hole,clean,test,chain_r+chain_s,,297,1.0,0.0,0.0,1.0,1.0,0.0,0.0,1.0,1.0,0.0,0.0,1.0,19.17111832846696,19.186638832092285,1.7774422051943686,1.0,1.0,1.0,,4.0,2.0
Transformer,scratch,9550,ocdet,two_hole,clean,test,chain_r+chain_s,,352,1.0,0.0,0.0,1.0,1.0,0.0,0.0,1.0,1.0,0.0,0.0,1.0,16.758927451615985,16.67177951335907,1.4191722042298773,1.0,1.0,1.0,,4.0,3.0
Transformer,scratch,9550,ocdet,two_hole,clean,test,chain_r+chain_s,,320,1.0,0.0,0.0,1.0,1.0,0.0,0.0,1.0,1.0,0.0,0.0,1.0,17.16557088494301,17.09277081489563,1.1626924260257707,1.0,1.0,1.0,,4.0,5.0
Transformer,scratch,9550,ocdet,two_hole,clean,test,chain_r+chain_s,,348,1.0,0.0,0.0,1.0,1.0,0.0,0.0,1.0,1.0,0.0,0.0,1.0,18.1998424701307,18.587162017822266,1.2775599201021957,1.0,1.0,1.0,,4.0,6.0
Transformer,scratch,9550,ocdet,two_hole,clean,test,chain_r+chain_s,,325,1.0,0.0,0.0,1.0,1.0,0.0,0.0,1.0,1.0,0.0,0.0,1.0,19.22385802415701,18.84418487548828,1.5039643446248179,1.0,1.0,1.0,,5.0,1.0
Transformer,scratch,9550,ocdet,two_hole,clean,test,chain_r+chain_s,,362,1.0,0.0,0.0,1.0,1.0,0.0,0.0,1.0,1.0,0.0,0.0,1.0,20.408293919010056,20.486778736114502,0.5409204473149641,1.0,1.0,1.0,,5.0,2.0
Transformer,scratch,9550,ocdet,two_hole,clean,test,chain_r+chain_s,,305,1.0,0.0,0.0,1.0,1.0,0.0,0.0,1.0,1.0,0.0,0.0,1.0,18.285040973444453,18.91082525253296,2.5001650033010714,1.0,1.0,1.0,,5.0,3.0
Transformer,scratch,9550,ocdet,two_hole,clean,test,chain_r+chain_s,,334,1.0,0.0,0.0,1.0,1.0,0.0,0.0,1.0,1.0,0.0,0.0,1.0,19.563720361201348,19.232057571411133,1.3234726326476356,1.0,1.0,1.0,,5.0,4.0
Transformer,scratch,9550,ocdet,two_hole,clean,test,chain_r+chain_s,,333,1.0,0.0,0.0,1.0,1.0,0.0,0.0,1.0,1.0,0.0,0.0,1.0,19.51907479763031,19.492759704589844,0.9453588093756659,1.0,1.0,1.0,,5.0,6.0
Transformer,scratch,9550,ocdet,two_hole,clean,test,chain_r+chain_s,,322,1.0,0.0,0.0,1.0,1.0,0.0,0.0,1.0,1.0,0.0,0.0,1.0,18.97312022514225,18.5664085149765,1.5417980379892888,1.0,1.0,1.0,,6.0,1.0
Transformer,scratch,9550,ocdet,two_hole,clean,test,chain_r+chain_s,,351,1.0,0.0,0.0,1.0,1.0,0.0,0.0,1.0,1.0,0.0,0.0,1.0,20.33942779176935,20.755194664001465,1.245903719511473,1.0,1.0,1.0,,6.0,2.0
Transformer,scratch,9550,ocdet,two_hole,clean,test,chain_r+chain_s,,327,1.0,0.0,0.0,1.0,1.0,0.0,0.0,1.0,1.0,0.0,0.0,1.0,18.164933229076023,17.373690605163574,2.4287975672749362,1.0,1.0,1.0,,6.0,3.0
Transformer,scratch,9550,ocdet,two_hole,clean,test,chain_r+chain_s,,299,1.0,0.0,0.0,1.0,1.0,0.0,0.0,1.0,1.0,0.0,0.0,1.0,18.917695129994165,18.652487754821777,1.4046947537784429,1.0,1.0,1.0,,6.0,4.0
Transformer,scratch,9550,ocdet,two_hole,clean,test,chain_r+chain_s,,333,1.0,0.0,0.0,1.0,1.0,0.0,0.0,1.0,1.0,0.0,0.0,1.0,18.455596760586577,18.072410345077515,1.750342262194386,1.0,1.0,1.0,,6.0,5.0
Transformer,scratch,9550,ocdet,two_hole,heldout,val,orientation,1.0,1030,1.0,0.0,0.0,1.0,1.0,0.0,0.0,1.0,1.0,0.0,0.0,1.0,18.61632861940606,18.899250268936157,1.91423336302141,1.0,1.0,1.0,,,
Transformer,scratch,9550,ocdet,two_hole,heldout,val,orientation,2.0,970,1.0,0.0,0.0,1.0,1.0,0.0,0.0,1.0,1.0,0.0,0.0,1.0,17.084767893924543,17.34741473197937,2.6004467637620396,0.9998990328408971,1.0,1.0,,,
Transformer,scratch,9550,ocdet,two_hole,heldout,val,kappa_gap,,613,1.0,0.0,0.0,1.0,1.0,0.0,0.0,1.0,1.0,0.0,0.0,1.0,17.481567424428793,17.69203543663025,2.404006850252569,0.9999760491152809,1.0,1.0,1.0,,
Transformer,scratch,9550,ocdet,two_hole,heldout,val,kappa_gap,,557,1.0,0.0,0.0,1.0,1.0,0.0,0.0,1.0,1.0,0.0,0.0,1.0,17.727341424774117,18.108765602111816,2.5944644637291012,0.9999226427804763,1.0,1.0,2.0,,
Transformer,scratch,9550,ocdet,two_hole,heldout,val,kappa_gap,,432,1.0,0.0,0.0,1.0,1.0,0.0,0.0,1.0,1.0,0.0,0.0,1.0,17.925204808358103,18.057921886444092,2.2698675876989722,1.0,1.0,1.0,3.0,,
Transformer,scratch,9550,ocdet,two_hole,heldout,val,kappa_gap,,251,1.0,0.0,0.0,1.0,1.0,0.0,0.0,1.0,1.0,0.0,0.0,1.0,18.525548687494133,19.009075164794922,2.114407626036168,1.0,1.0,1.0,4.0,,
Transformer,scratch,9550,ocdet,two_hole,heldout,val,kappa_gap,,147,1.0,0.0,0.0,1.0,1.0,0.0,0.0,1.0,1.0,0.0,0.0,1.0,18.796681173804664,19.104193687438965,1.8921802909941507,1.0,1.0,1.0,5.0,,
Transformer,scratch,9550,ocdet,two_hole,heldout,val,chain_r+chain_s,,78,1.0,0.0,0.0,1.0,1.0,0.0,0.0,1.0,1.0,0.0,0.0,1.0,19.23877695279244,19.60505247116089,1.4709386954425394,1.0,1.0,1.0,,1.0,2.0
Transformer,scratch,9550,ocdet,two_hole,heldout,val,chain_r+chain_s,,73,1.0,0.0,0.0,1.0,1.0,0.0,0.0,1.0,1.0,0.0,0.0,1.0,17.315376134767924,17.61165761947632,2.5230075354592727,1.0,1.0,1.0,,1.0,3.0
Transformer,scratch,9550,ocdet,two_hole,heldout,val,chain_r+chain_s,,59,1.0,0.0,0.0,1.0,1.0,0.0,0.0,1.0,1.0,0.0,0.0,1.0,18.593211303323002,18.817495346069336,1.362524488265335,1.0,1.0,1.0,,1.0,4.0
Transformer,scratch,9550,ocdet,two_hole,heldout,val,chain_r+chain_s,,64,1.0,0.0,0.0,1.0,1.0,0.0,0.0,1.0,1.0,0.0,0.0,1.0,17.167572617530823,17.449270129203796,2.7340035425082427,1.0,1.0,1.0,,1.0,5.0
Transformer,scratch,9550,ocdet,two_hole,heldout,val,chain_r+chain_s,,65,1.0,0.0,0.0,1.0,1.0,0.0,0.0,1.0,1.0,0.0,0.0,1.0,18.403535978610698,18.742185592651367,1.7261930405171508,1.0,1.0,1.0,,1.0,6.0
Transformer,scratch,9550,ocdet,two_hole,heldout,val,chain_r+chain_s,,70,1.0,0.0,0.0,1.0,1.0,0.0,0.0,1.0,1.0,0.0,0.0,1.0,15.807309423174177,15.999109387397766,1.3776152034414513,1.0,1.0,1.0,,2.0,1.0
Transformer,scratch,9550,ocdet,two_hole,heldout,val,chain_r+chain_s,,75,1.0,0.0,0.0,1.0,1.0,0.0,0.0,1.0,1.0,0.0,0.0,1.0,14.749957186381023,14.670165061950684,2.0062348982401383,1.0,1.0,1.0,,2.0,3.0
Transformer,scratch,9550,ocdet,two_hole,heldout,val,chain_r+chain_s,,70,1.0,0.0,0.0,1.0,1.0,0.0,0.0,1.0,1.0,0.0,0.0,1.0,15.770758254187447,16.31030547618866,2.170807980651537,1.0,1.0,1.0,,2.0,4.0
Transformer,scratch,9550,ocdet,two_hole,heldout,val,chain_r+chain_s,,73,1.0,0.0,0.0,1.0,1.0,0.0,0.0,1.0,1.0,0.0,0.0,1.0,14.407420292598744,14.767484664916992,2.7189418770449847,0.9992493901294802,1.0,1.0,,2.0,5.0
Transformer,scratch,9550,ocdet,two_hole,heldout,val,chain_r+chain_s,,73,1.0,0.0,0.0,1.0,1.0,0.0,0.0,1.0,1.0,0.0,0.0,1.0,16.840441827904687,17.245656967163086,1.5906956985630991,1.0,1.0,1.0,,2.0,6.0
Transformer,scratch,9550,ocdet,two_hole,heldout,val,chain_r+chain_s,,73,1.0,0.0,0.0,1.0,1.0,0.0,0.0,1.0,1.0,0.0,0.0,1.0,18.79955318529312,18.79962730407715,1.750502414430365,1.0,1.0,1.0,,3.0,1.0
Transformer,scratch,9550,ocdet,two_hole,heldout,val,chain_r+chain_s,,64,1.0,0.0,0.0,1.0,1.0,0.0,0.0,1.0,1.0,0.0,0.0,1.0,19.74098637327552,20.263302326202393,1.6070123073528562,1.0,1.0,1.0,,3.0,2.0
Transformer,scratch,9550,ocdet,two_hole,heldout,val,chain_r+chain_s,,67,1.0,0.0,0.0,1.0,1.0,0.0,0.0,1.0,1.0,0.0,0.0,1.0,18.765632424781572,18.74601650238037,1.5090388164700048,1.0,1.0,1.0,,3.0,4.0
Transformer,scratch,9550,ocdet,two_hole,heldout,val,chain_r+chain_s,,71,1.0,0.0,0.0,1.0,1.0,0.0,0.0,1.0,1.0,0.0,0.0,1.0,17.70121850430126,17.21555757522583,2.179903315624511,1.0,1.0,1.0,,3.0,5.0
Transformer,scratch,9550,ocdet,two_hole,heldout,val,chain_r+chain_s,,62,1.0,0.0,0.0,1.0,1.0,0.0,0.0,1.0,1.0,0.0,0.0,1.0,18.9966231776822,19.100799798965454,1.2119432781018113,1.0,1.0,1.0,,3.0,6.0
Transformer,scratch,9550,ocdet,two_hole,heldout,val,chain_r+chain_s,,67,1.0,0.0,0.0,1.0,1.0,0.0,0.0,1.0,1.0,0.0,0.0,1.0,17.787796467097838,17.913026094436646,1.001077881269691,1.0,1.0,1.0,,4.0,1.0
Transformer,scratch,9550,ocdet,two_hole,heldout,val,chain_r+chain_s,,62,1.0,0.0,0.0,1.0,1.0,0.0,0.0,1.0,1.0,0.0,0.0,1.0,19.20297425793063,20.01432967185974,1.9029021957927386,1.0,1.0,1.0,,4.0,2.0
Transformer,scratch,9550,ocdet,two_hole,heldout,val,chain_r+chain_s,,58,1.0,0.0,0.0,1.0,1.0,0.0,0.0,1.0,1.0,0.0,0.0,1.0,16.47742550743037,16.306409001350403,2.259609493214029,1.0,1.0,1.0,,4.0,3.0
Transformer,scratch,9550,ocdet,two_hole,heldout,val,chain_r+chain_s,,72,1.0,0.0,0.0,1.0,1.0,0.0,0.0,1.0,1.0,0.0,0.0,1.0,16.910993236634468,16.819297671318054,1.5155893656863235,1.0,1.0,1.0,,4.0,5.0
Transformer,scratch,9550,ocdet,two_hole,heldout,val,chain_r+chain_s,,73,1.0,0.0,0.0,1.0,1.0,0.0,0.0,1.0,1.0,0.0,0.0,1.0,17.743898858762766,18.24390459060669,1.5825714770054136,1.0,1.0,1.0,,4.0,6.0
Transformer,scratch,9550,ocdet,two_hole,heldout,val,chain_r+chain_s,,63,1.0,0.0,0.0,1.0,1.0,0.0,0.0,1.0,1.0,0.0,0.0,1.0,19.12537221303062,19.23403835296631,1.7080884002185848,1.0,1.0,1.0,,5.0,1.0
Transformer,scratch,9550,ocdet,two_hole,heldout,val,chain_r+chain_s,,57,1.0,0.0,0.0,1.0,1.0,0.0,0.0,1.0,1.0,0.0,0.0,1.0,19.77867591171934,20.18977928161621,1.691781480818501,1.0,1.0,1.0,,5.0,2.0
Transformer,scratch,9550,ocdet,two_hole,heldout,val,chain_r+chain_s,,67,1.0,0.0,0.0,1.0,1.0,0.0,0.0,1.0,1.0,0.0,0.0,1.0,17.796800273567882,17.672271490097046,2.683128966965629,1.0,1.0,1.0,,5.0,3.0
Transformer,scratch,9550,ocdet,two_hole,heldout,val,chain_r+chain_s,,65,1.0,0.0,0.0,1.0,1.0,0.0,0.0,1.0,1.0,0.0,0.0,1.0,19.191816997528075,19.62169361114502,1.8112130718781874,1.0,1.0,1.0,,5.0,4.0
Transformer,scratch,9550,ocdet,two_hole,heldout,val,chain_r+chain_s,,65,1.0,0.0,0.0,1.0,1.0,0.0,0.0,1.0,1.0,0.0,0.0,1.0,19.265123671751756,19.420318603515625,1.272464093732419,1.0,1.0,1.0,,5.0,6.0
Transformer,scratch,9550,ocdet,two_hole,heldout,val,chain_r+chain_s,,52,1.0,0.0,0.0,1.0,1.0,0.0,0.0,1.0,1.0,0.0,0.0,1.0,18.452692694388904,18.393964886665344,1.8152299780641483,1.0,1.0,1.0,,6.0,1.0
Transformer,scratch,9550,ocdet,two_hole,heldout,val,chain_r+chain_s,,65,1.0,0.0,0.0,1.0,1.0,0.0,0.0,1.0,1.0,0.0,0.0,1.0,19.797403282385606,20.56333827972412,1.803710352024229,1.0,1.0,1.0,,6.0,2.0
Transformer,scratch,9550,ocdet,two_hole,heldout,val,chain_r+chain_s,,79,1.0,0.0,0.0,1.0,1.0,0.0,0.0,1.0,1.0,0.0,0.0,1.0,17.83439978457327,17.531121492385864,2.692392655901726,1.0,1.0,1.0,,6.0,3.0
Transformer,scratch,9550,ocdet,two_hole,heldout,val,chain_r+chain_s,,56,1.0,0.0,0.0,1.0,1.0,0.0,0.0,1.0,1.0,0.0,0.0,1.0,18.37842329910823,18.278745889663696,1.656485740069113,1.0,1.0,1.0,,6.0,4.0
Transformer,scratch,9550,ocdet,two_hole,heldout,val,chain_r+chain_s,,62,1.0,0.0,0.0,1.0,1.0,0.0,0.0,1.0,1.0,0.0,0.0,1.0,17.825290180021717,17.404492735862732,2.4321364579978124,1.0,1.0,1.0,,6.0,5.0
Transformer,scratch,9550,ocdet,two_hole,heldout,test,orientation,1.0,5051,1.0,0.0,0.0,1.0,1.0,0.0,0.0,1.0,1.0,0.0,0.0,1.0,18.560088038268987,18.837531089782715,1.9583668988175766,0.9999996472331457,1.0,1.0,,,
Transformer,scratch,9550,ocdet,two_hole,heldout,test,orientation,2.0,4949,1.0,0.0,0.0,1.0,1.0,0.0,0.0,1.0,1.0,0.0,0.0,1.0,17.275716187240835,17.57380247116089,2.4238100409737195,0.9999844034531081,1.0,1.0,,,
Transformer,scratch,9550,ocdet,two_hole,heldout,test,kappa_gap,,3321,1.0,0.0,0.0,1.0,1.0,0.0,0.0,1.0,1.0,0.0,0.0,1.0,17.53381972251142,17.713972568511963,2.2858825049663847,0.9999896636525334,1.0,1.0,1.0,,
Transformer,scratch,9550,ocdet,two_hole,heldout,test,kappa_gap,,2689,1.0,0.0,0.0,1.0,1.0,0.0,0.0,1.0,1.0,0.0,0.0,1.0,17.95503529862495,18.243229389190674,2.343585478043312,0.9999933616578486,1.0,1.0,2.0,,
Transformer,scratch,9550,ocdet,two_hole,heldout,test,kappa_gap,,2008,1.0,0.0,0.0,1.0,1.0,0.0,0.0,1.0,1.0,0.0,0.0,1.0,17.857371152857265,17.95943832397461,2.279268696661775,0.9999997519880637,1.0,1.0,3.0,,
Transformer,scratch,9550,ocdet,two_hole,heldout,test,kappa_gap,,1313,1.0,0.0,0.0,1.0,1.0,0.0,0.0,1.0,1.0,0.0,0.0,1.0,18.63571467992239,19.016467571258545,2.0991556996833705,0.999998839886332,1.0,1.0,4.0,,
Transformer,scratch,9550,ocdet,two_hole,heldout,test,kappa_gap,,669,1.0,0.0,0.0,1.0,1.0,0.0,0.0,1.0,1.0,0.0,0.0,1.0,18.546075075953887,18.780646800994873,2.0418984715146493,1.0,1.0,1.0,5.0,,
Transformer,scratch,9550,ocdet,two_hole,heldout,test,chain_r+chain_s,,352,1.0,0.0,0.0,1.0,1.0,0.0,0.0,1.0,1.0,0.0,0.0,1.0,19.17638415775516,19.594608783721924,1.594822480600371,1.0,1.0,1.0,,1.0,2.0
Transformer,scratch,9550,ocdet,two_hole,heldout,test,chain_r+chain_s,,326,1.0,0.0,0.0,1.0,1.0,0.0,0.0,1.0,1.0,0.0,0.0,1.0,17.02737017944912,16.95098376274109,2.162431227767585,1.0,1.0,1.0,,1.0,3.0
Transformer,scratch,9550,ocdet,two_hole,heldout,test,chain_r+chain_s,,323,1.0,0.0,0.0,1.0,1.0,0.0,0.0,1.0,1.0,0.0,0.0,1.0,18.252533956577903,18.622950553894043,1.654073325521613,1.0,1.0,1.0,,1.0,4.0
Transformer,scratch,9550,ocdet,two_hole,heldout,test,chain_r+chain_s,,334,1.0,0.0,0.0,1.0,1.0,0.0,0.0,1.0,1.0,0.0,0.0,1.0,16.937166138501937,17.00186014175415,2.283766640414748,1.0,1.0,1.0,,1.0,5.0
Transformer,scratch,9550,ocdet,two_hole,heldout,test,chain_r+chain_s,,339,1.0,0.0,0.0,1.0,1.0,0.0,0.0,1.0,1.0,0.0,0.0,1.0,18.620798860679333,18.97370147705078,1.5719308620774972,0.9999912983701847,1.0,1.0,,1.0,6.0
Transformer,scratch,9550,ocdet,two_hole,heldout,test,chain_r+chain_s,,353,1.0,0.0,0.0,1.0,1.0,0.0,0.0,1.0,1.0,0.0,0.0,1.0,15.830536789094591,16.174387216567993,1.812923636065099,1.0,1.0,1.0,,2.0,1.0
Transformer,scratch,9550,ocdet,two_hole,heldout,test,chain_r+chain_s,,316,1.0,0.0,0.0,1.0,1.0,0.0,0.0,1.0,1.0,0.0,0.0,1.0,15.367970278557342,15.819463849067688,2.1267014660987846,1.0,1.0,1.0,,2.0,3.0
Transformer,scratch,9550,ocdet,two_hole,heldout,test,chain_r+chain_s,,325,1.0,0.0,0.0,1.0,1.0,0.0,0.0,1.0,1.0,0.0,0.0,1.0,15.763780368841612,16.269947052001953,1.9972205841350852,0.9999431952662722,1.0,1.0,,2.0,4.0
Transformer,scratch,9550,ocdet,two_hole,heldout,test,chain_r+chain_s,,297,1.0,0.0,0.0,1.0,1.0,0.0,0.0,1.0,1.0,0.0,0.0,1.0,15.079154285216573,15.40238642692566,2.207378372020624,0.9999319797299595,1.0,1.0,,2.0,5.0
Transformer,scratch,9550,ocdet,two_hole,heldout,test,chain_r+chain_s,,341,1.0,0.0,0.0,1.0,1.0,0.0,0.0,1.0,1.0,0.0,0.0,1.0,16.829045437473006,17.02826452255249,1.3007077244444591,1.0,1.0,1.0,,2.0,6.0
Transformer,scratch,9550,ocdet,two_hole,heldout,test,chain_r+chain_s,,345,1.0,0.0,0.0,1.0,1.0,0.0,0.0,1.0,1.0,0.0,0.0,1.0,18.822837647493333,18.779658794403076,1.5696711664319702,1.0,1.0,1.0,,3.0,1.0
Transformer,scratch,9550,ocdet,two_hole,heldout,test,chain_r+chain_s,,346,1.0,0.0,0.0,1.0,1.0,0.0,0.0,1.0,1.0,0.0,0.0,1.0,19.86665739075986,20.29937219619751,1.3700215810325536,1.0,1.0,1.0,,3.0,2.0
Transformer,scratch,9550,ocdet,two_hole,heldout,test,chain_r+chain_s,,346,1.0,0.0,0.0,1.0,1.0,0.0,0.0,1.0,1.0,0.0,0.0,1.0,18.834662445363282,18.91426157951355,1.5878223041344648,1.0,1.0,1.0,,3.0,4.0
Transformer,scratch,9550,ocdet,two_hole,heldout,test,chain_r+chain_s,,336,1.0,0.0,0.0,1.0,1.0,0.0,0.0,1.0,1.0,0.0,0.0,1.0,17.851102137405956,17.685941219329834,2.1874908452662116,1.0,1.0,1.0,,3.0,5.0
Transformer,scratch,9550,ocdet,two_hole,heldout,test,chain_r+chain_s,,375,1.0,0.0,0.0,1.0,1.0,0.0,0.0,1.0,1.0,0.0,0.0,1.0,19.371363931179047,19.468905448913574,1.3180074764918317,1.0,1.0,1.0,,3.0,6.0
Transformer,scratch,9550,ocdet,two_hole,heldout,test,chain_r+chain_s,,346,1.0,0.0,0.0,1.0,1.0,0.0,0.0,1.0,1.0,0.0,0.0,1.0,17.554045156333487,17.850975275039673,1.5357826192568111,1.0,1.0,1.0,,4.0,1.0
Transformer,scratch,9550,ocdet,two_hole,heldout,test,chain_r+chain_s,,303,1.0,0.0,0.0,1.0,1.0,0.0,0.0,1.0,1.0,0.0,0.0,1.0,18.671937659063158,18.901265144348145,2.042792298153976,1.0,1.0,1.0,,4.0,2.0
Transformer,scratch,9550,ocdet,two_hole,heldout,test,chain_r+chain_s,,325,1.0,0.0,0.0,1.0,1.0,0.0,0.0,1.0,1.0,0.0,0.0,1.0,16.497694628513777,16.509986639022827,1.9842249346648586,1.0,1.0,1.0,,4.0,3.0
Transformer,scratch,9550,ocdet,two_hole,heldout,test,chain_r+chain_s,,345,1.0,0.0,0.0,1.0,1.0,0.0,0.0,1.0,1.0,0.0,0.0,1.0,16.75179321048916,16.76128315925598,1.6211384679110419,1.0,1.0,1.0,,4.0,5.0
Transformer,scratch,9550,ocdet,two_hole,heldout,test,chain_r+chain_s,,352,1.0,0.0,0.0,1.0,1.0,0.0,0.0,1.0,1.0,0.0,0.0,1.0,17.910996607081458,18.37033700942993,1.583476122436469,1.0,1.0,1.0,,4.0,6.0
Transformer,scratch,9550,ocdet,two_hole,heldout,test,chain_r+chain_s,,294,1.0,0.0,0.0,1.0,1.0,0.0,0.0,1.0,1.0,0.0,0.0,1.0,18.688724541339745,18.657848119735718,2.081167960697123,1.0,1.0,1.0,,5.0,1.0
Transformer,scratch,9550,ocdet,two_hole,heldout,test,chain_r+chain_s,,325,1.0,0.0,0.0,1.0,1.0,0.0,0.0,1.0,1.0,0.0,0.0,1.0,19.894520948850193,20.304320335388184,1.3443226129193653,1.0,1.0,1.0,,5.0,2.0
Transformer,scratch,9550,ocdet,two_hole,heldout,test,chain_r+chain_s,,325,1.0,0.0,0.0,1.0,1.0,0.0,0.0,1.0,1.0,0.0,0.0,1.0,17.38704884675833,16.79553532600403,2.9891855850148716,1.0,1.0,1.0,,5.0,3.0
Transformer,scratch,9550,ocdet,two_hole,heldout,test,chain_r+chain_s,,319,1.0,0.0,0.0,1.0,1.0,0.0,0.0,1.0,1.0,0.0,0.0,1.0,18.915241490897714,18.889400959014893,1.9735180065462208,0.9999901730525447,1.0,1.0,,5.0,4.0
Transformer,scratch,9550,ocdet,two_hole,heldout,test,chain_r+chain_s,,324,1.0,0.0,0.0,1.0,1.0,0.0,0.0,1.0,1.0,0.0,0.0,1.0,19.20891451591879,19.3814959526062,1.3628105417645981,1.0,1.0,1.0,,5.0,6.0
Transformer,scratch,9550,ocdet,two_hole,heldout,test,chain_r+chain_s,,295,1.0,0.0,0.0,1.0,1.0,0.0,0.0,1.0,1.0,0.0,0.0,1.0,18.337588476326506,18.279281854629517,2.0743491696776015,0.9999885090491238,1.0,1.0,,6.0,1.0
Transformer,scratch,9550,ocdet,two_hole,heldout,test,chain_r+chain_s,,351,1.0,0.0,0.0,1.0,1.0,0.0,0.0,1.0,1.0,0.0,0.0,1.0,19.88762328981759,20.434515953063965,1.7667791201262042,1.0,1.0,1.0,,6.0,2.0
Transformer,scratch,9550,ocdet,two_hole,heldout,test,chain_r+chain_s,,323,1.0,0.0,0.0,1.0,1.0,0.0,0.0,1.0,1.0,0.0,0.0,1.0,17.704448056802292,17.193277597427368,2.4763716808746055,1.0,1.0,1.0,,6.0,3.0
Transformer,scratch,9550,ocdet,two_hole,heldout,test,chain_r+chain_s,,365,1.0,0.0,0.0,1.0,1.0,0.0,0.0,1.0,1.0,0.0,0.0,1.0,18.05492568391643,18.128498792648315,1.9151239629688765,0.9999924939012949,1.0,1.0,,6.0,4.0
Transformer,scratch,9550,ocdet,two_hole,heldout,test,chain_r+chain_s,,354,1.0,0.0,0.0,1.0,1.0,0.0,0.0,1.0,1.0,0.0,0.0,1.0,18.085741470257442,17.807880997657776,2.127113444114096,1.0,1.0,1.0,,6.0,5.0
Transformer,scratch,9551,ocdet,two_hole,clean,val,orientation,1.0,1052,1.0,0.0,0.0,1.0,1.0,0.0,0.0,1.0,1.0,0.0,0.0,1.0,17.923673485961704,18.12813687324524,0.9944849856917709,1.0,1.0,1.0,,,
Transformer,scratch,9551,ocdet,two_hole,clean,val,orientation,2.0,948,1.0,0.0,0.0,1.0,1.0,0.0,0.0,1.0,1.0,0.0,0.0,1.0,17.899204474209732,18.324992418289185,1.4162035412419958,1.0,1.0,1.0,,,
Transformer,scratch,9551,ocdet,two_hole,clean,val,kappa_gap,,673,1.0,0.0,0.0,1.0,1.0,0.0,0.0,1.0,1.0,0.0,0.0,1.0,17.3915320021968,17.680473804473877,1.389639978365377,1.0,1.0,1.0,1.0,,
Transformer,scratch,9551,ocdet,two_hole,clean,val,kappa_gap,,511,1.0,0.0,0.0,1.0,1.0,0.0,0.0,1.0,1.0,0.0,0.0,1.0,17.93412257360619,18.211100101470947,1.1802587958257722,1.0,1.0,1.0,2.0,,
Transformer,scratch,9551,ocdet,two_hole,clean,val,kappa_gap,,418,1.0,0.0,0.0,1.0,1.0,0.0,0.0,1.0,1.0,0.0,0.0,1.0,18.383005660686766,18.50379753112793,0.8012644893901985,1.0,1.0,1.0,3.0,,
Transformer,scratch,9551,ocdet,two_hole,clean,val,kappa_gap,,262,1.0,0.0,0.0,1.0,1.0,0.0,0.0,1.0,1.0,0.0,0.0,1.0,18.28766141502002,18.444115042686462,0.9260692100223582,1.0,1.0,1.0,4.0,,
Transformer,scratch,9551,ocdet,two_hole,clean,val,kappa_gap,,136,1.0,0.0,0.0,1.0,1.0,0.0,0.0,1.0,1.0,0.0,0.0,1.0,18.234183965360415,18.29791021347046,0.9041156939907229,1.0,1.0,1.0,5.0,,
Transformer,scratch,9551,ocdet,two_hole,clean,val,chain_r+chain_s,,53,1.0,0.0,0.0,1.0,1.0,0.0,0.0,1.0,1.0,0.0,0.0,1.0,18.442610389781446,18.69854164123535,1.052765104076599,1.0,1.0,1.0,,1.0,2.0
Transformer,scratch,9551,ocdet,two_hole,clean,val,chain_r+chain_s,,82,1.0,0.0,0.0,1.0,1.0,0.0,0.0,1.0,1.0,0.0,0.0,1.0,17.914278768911593,18.211475133895874,1.1728736511105609,1.0,1.0,1.0,,1.0,3.0
Transformer,scratch,9551,ocdet,two_hole,clean,val,chain_r+chain_s,,58,1.0,0.0,0.0,1.0,1.0,0.0,0.0,1.0,1.0,0.0,0.0,1.0,16.6845626913268,16.73152232170105,1.34743162658511,1.0,1.0,1.0,,1.0,4.0
Transformer,scratch,9551,ocdet,two_hole,clean,val,chain_r+chain_s,,60,1.0,0.0,0.0,1.0,1.0,0.0,0.0,1.0,1.0,0.0,0.0,1.0,17.19562820593516,17.248774886131287,0.9324648824237604,1.0,1.0,1.0,,1.0,5.0
Transformer,scratch,9551,ocdet,two_hole,clean,val,chain_r+chain_s,,71,1.0,0.0,0.0,1.0,1.0,0.0,0.0,1.0,1.0,0.0,0.0,1.0,17.633654366076833,18.076512098312378,1.3463262625360137,1.0,1.0,1.0,,1.0,6.0
Transformer,scratch,9551,ocdet,two_hole,clean,val,chain_r+chain_s,,67,1.0,0.0,0.0,1.0,1.0,0.0,0.0,1.0,1.0,0.0,0.0,1.0,18.0646289426889,18.384593963623047,0.7942941618407199,1.0,1.0,1.0,,2.0,1.0
Transformer,scratch,9551,ocdet,two_hole,clean,val,chain_r+chain_s,,49,1.0,0.0,0.0,1.0,1.0,0.0,0.0,1.0,1.0,0.0,0.0,1.0,18.030671012644866,18.042815685272217,0.8068125684036204,1.0,1.0,1.0,,2.0,3.0
Transformer,scratch,9551,ocdet,two_hole,clean,val,chain_r+chain_s,,87,1.0,0.0,0.0,1.0,1.0,0.0,0.0,1.0,1.0,0.0,0.0,1.0,16.665611023190376,16.63228726387024,1.5687706962643777,1.0,1.0,1.0,,2.0,4.0
Transformer,scratch,9551,ocdet,two_hole,clean,val,chain_r+chain_s,,50,1.0,0.0,0.0,1.0,1.0,0.0,0.0,1.0,1.0,0.0,0.0,1.0,17.484667320251464,17.504945874214172,0.9019213116191905,1.0,1.0,1.0,,2.0,5.0
Transformer,scratch,9551,ocdet,two_hole,clean,val,chain_r+chain_s,,70,1.0,0.0,0.0,1.0,1.0,0.0,0.0,1.0,1.0,0.0,0.0,1.0,18.10511644567762,18.228395342826843,0.6520931983090021,1.0,1.0,1.0,,2.0,6.0
Transformer,scratch,9551,ocdet,two_hole,clean,val,chain_r+chain_s,,67,1.0,0.0,0.0,1.0,1.0,0.0,0.0,1.0,1.0,0.0,0.0,1.0,18.449234805889983,18.520488262176514,0.4743738446043072,1.0,1.0,1.0,,3.0,1.0
Transformer,scratch,9551,ocdet,two_hole,clean,val,chain_r+chain_s,,67,1.0,0.0,0.0,1.0,1.0,0.0,0.0,1.0,1.0,0.0,0.0,1.0,18.83519759818689,18.81749677658081,0.5010668232463776,1.0,1.0,1.0,,3.0,2.0
Transformer,scratch,9551,ocdet,two_hole,clean,val,chain_r+chain_s,,57,1.0,0.0,0.0,1.0,1.0,0.0,0.0,1.0,1.0,0.0,0.0,1.0,16.895271290812577,17.526487827301025,1.8277015687907001,1.0,1.0,1.0,,3.0,4.0
Transformer,scratch,9551,ocdet,two_hole,clean,val,chain_r+chain_s,,69,1.0,0.0,0.0,1.0,1.0,0.0,0.0,1.0,1.0,0.0,0.0,1.0,17.707766982092373,17.759228944778442,0.8952550062399635,1.0,1.0,1.0,,3.0,5.0
Transformer,scratch,9551,ocdet,two_hole,clean,val,chain_r+chain_s,,71,1.0,0.0,0.0,1.0,1.0,0.0,0.0,1.0,1.0,0.0,0.0,1.0,18.2643877889069,18.307055473327637,0.6466103899149415,1.0,1.0,1.0,,3.0,6.0
Transformer,scratch,9551,ocdet,two_hole,clean,val,chain_r+chain_s,,63,1.0,0.0,0.0,1.0,1.0,0.0,0.0,1.0,1.0,0.0,0.0,1.0,18.754153762544906,18.71513605117798,0.3965982507018861,1.0,1.0,1.0,,4.0,1.0
Transformer,scratch,9551,ocdet,two_hole,clean,val,chain_r+chain_s,,78,1.0,0.0,0.0,1.0,1.0,0.0,0.0,1.0,1.0,0.0,0.0,1.0,19.059681100723072,19.135554552078247,0.3864179326204661,1.0,1.0,1.0,,4.0,2.0
Transformer,scratch,9551,ocdet,two_hole,clean,val,chain_r+chain_s,,55,1.0,0.0,0.0,1.0,1.0,0.0,0.0,1.0,1.0,0.0,0.0,1.0,18.63199678334323,18.643141269683838,0.4582599991848693,1.0,1.0,1.0,,4.0,3.0
Transformer,scratch,9551,ocdet,two_hole,clean,val,chain_r+chain_s,,60,1.0,0.0,0.0,1.0,1.0,0.0,0.0,1.0,1.0,0.0,0.0,1.0,18.005579058329264,17.920867443084717,0.9179009050638974,1.0,1.0,1.0,,4.0,5.0
Transformer,scratch,9551,ocdet,two_hole,clean,val,chain_r+chain_s,,63,1.0,0.0,0.0,1.0,1.0,0.0,0.0,1.0,1.0,0.0,0.0,1.0,18.728119301417518,18.927011013031006,0.6737487707400664,1.0,1.0,1.0,,4.0,6.0
Transformer,scratch,9551,ocdet,two_hole,clean,val,chain_r+chain_s,,82,1.0,0.0,0.0,1.0,1.0,0.0,0.0,1.0,1.0,0.0,0.0,1.0,17.902051492435177,18.077205419540405,0.651134558146207,1.0,1.0,1.0,,5.0,1.0
Transformer,scratch,9551,ocdet,two_hole,clean,val,chain_r+chain_s,,70,1.0,0.0,0.0,1.0,1.0,0.0,0.0,1.0,1.0,0.0,0.0,1.0,18.743020129203796,18.697949409484863,0.8549430883888155,1.0,1.0,1.0,,5.0,2.0
Transformer,scratch,9551,ocdet,two_hole,clean,val,chain_r+chain_s,,74,1.0,0.0,0.0,1.0,1.0,0.0,0.0,1.0,1.0,0.0,0.0,1.0,18.208897903158856,18.39109241962433,0.7875277409355205,1.0,1.0,1.0,,5.0,3.0
Transformer,scratch,9551,ocdet,two_hole,clean,val,chain_r+chain_s,,76,1.0,0.0,0.0,1.0,1.0,0.0,0.0,1.0,1.0,0.0,0.0,1.0,16.69105076789856,16.726653575897217,1.576960640969536,1.0,1.0,1.0,,5.0,4.0
Transformer,scratch,9551,ocdet,two_hole,clean,val,chain_r+chain_s,,62,1.0,0.0,0.0,1.0,1.0,0.0,0.0,1.0,1.0,0.0,0.0,1.0,18.099417736453393,18.183175206184387,0.6079623694504093,1.0,1.0,1.0,,5.0,6.0
Transformer,scratch,9551,ocdet,two_hole,clean,val,chain_r+chain_s,,69,1.0,0.0,0.0,1.0,1.0,0.0,0.0,1.0,1.0,0.0,0.0,1.0,17.82285749393961,17.86241602897644,0.7289617400476821,1.0,1.0,1.0,,6.0,1.0
Transformer,scratch,9551,ocdet,two_hole,clean,val,chain_r+chain_s,,73,1.0,0.0,0.0,1.0,1.0,0.0,0.0,1.0,1.0,0.0,0.0,1.0,18.596839254849577,19.144043445587158,1.0909730121938526,1.0,1.0,1.0,,6.0,2.0
Transformer,scratch,9551,ocdet,two_hole,clean,val,chain_r+chain_s,,57,1.0,0.0,0.0,1.0,1.0,0.0,0.0,1.0,1.0,0.0,0.0,1.0,18.218378271972924,18.503084659576416,0.8926708149884961,1.0,1.0,1.0,,6.0,3.0
Transformer,scratch,9551,ocdet,two_hole,clean,val,chain_r+chain_s,,78,1.0,0.0,0.0,1.0,1.0,0.0,0.0,1.0,1.0,0.0,0.0,1.0,16.637190766823597,16.903496742248535,1.3388552609683777,1.0,1.0,1.0,,6.0,4.0
Transformer,scratch,9551,ocdet,two_hole,clean,val,chain_r+chain_s,,62,1.0,0.0,0.0,1.0,1.0,0.0,0.0,1.0,1.0,0.0,0.0,1.0,17.201809071725414,17.383453726768494,0.7164682271342003,1.0,1.0,1.0,,6.0,5.0
Transformer,scratch,9551,ocdet,two_hole,clean,test,orientation,1.0,5099,1.0,0.0,0.0,1.0,1.0,0.0,0.0,1.0,1.0,0.0,0.0,1.0,17.909610968427252,18.06795620918274,0.9822352256681073,1.0,1.0,1.0,,,
Transformer,scratch,9551,ocdet,two_hole,clean,test,orientation,2.0,4901,1.0,0.0,0.0,1.0,1.0,0.0,0.0,1.0,1.0,0.0,0.0,1.0,17.89796320060593,18.319968700408936,1.3903131467135135,1.0,1.0,1.0,,,
Transformer,scratch,9551,ocdet,two_hole,clean,test,kappa_gap,,3399,1.0,0.0,0.0,1.0,1.0,0.0,0.0,1.0,1.0,0.0,0.0,1.0,17.3998320900226,17.666507482528687,1.3467964005881097,1.0,1.0,1.0,1.0,,
Transformer,scratch,9551,ocdet,two_hole,clean,test,kappa_gap,,2701,1.0,0.0,0.0,1.0,1.0,0.0,0.0,1.0,1.0,0.0,0.0,1.0,17.935827903507462,18.230452060699463,1.1547770520182579,1.0,1.0,1.0,2.0,,
Transformer,scratch,9551,ocdet,two_hole,clean,test,kappa_gap,,1974,1.0,0.0,0.0,1.0,1.0,0.0,0.0,1.0,1.0,0.0,0.0,1.0,18.34383004366325,18.524498462677002,0.8926451002899849,1.0,1.0,1.0,3.0,,
Transformer,scratch,9551,ocdet,two_hole,clean,test,kappa_gap,,1310,1.0,0.0,0.0,1.0,1.0,0.0,0.0,1.0,1.0,0.0,0.0,1.0,18.328581174093348,18.464898586273193,0.8726516294147703,1.0,1.0,1.0,4.0,,
Transformer,scratch,9551,ocdet,two_hole,clean,test,kappa_gap,,616,1.0,0.0,0.0,1.0,1.0,0.0,0.0,1.0,1.0,0.0,0.0,1.0,18.232405338581508,18.372815012931824,0.9049580074563713,1.0,1.0,1.0,5.0,,
Transformer,scratch,9551,ocdet,two_hole,clean,test,chain_r+chain_s,,351,1.0,0.0,0.0,1.0,1.0,0.0,0.0,1.0,1.0,0.0,0.0,1.0,18.323341040869384,18.656250953674316,1.198614692506397,1.0,1.0,1.0,,1.0,2.0
Transformer,scratch,9551,ocdet,two_hole,clean,test,chain_r+chain_s,,337,1.0,0.0,0.0,1.0,1.0,0.0,0.0,1.0,1.0,0.0,0.0,1.0,17.968144557242578,18.324928283691406,1.2073535109170113,1.0,1.0,1.0,,1.0,3.0
Transformer,scratch,9551,ocdet,two_hole,clean,test,chain_r+chain_s,,365,1.0,0.0,0.0,1.0,1.0,0.0,0.0,1.0,1.0,0.0,0.0,1.0,16.514550120209993,16.574360132217407,1.3986770956270198,1.0,1.0,1.0,,1.0,4.0
Transformer,scratch,9551,ocdet,two_hole,clean,test,chain_r+chain_s,,329,1.0,0.0,0.0,1.0,1.0,0.0,0.0,1.0,1.0,0.0,0.0,1.0,16.988163562893504,17.178736686706543,1.0803960206932246,1.0,1.0,1.0,,1.0,5.0
Transformer,scratch,9551,ocdet,two_hole,clean,test,chain_r+chain_s,,309,1.0,0.0,0.0,1.0,1.0,0.0,0.0,1.0,1.0,0.0,0.0,1.0,17.585203758721214,18.03882384300232,1.1750334096132342,1.0,1.0,1.0,,1.0,6.0
Transformer,scratch,9551,ocdet,two_hole,clean,test,chain_r+chain_s,,362,1.0,0.0,0.0,1.0,1.0,0.0,0.0,1.0,1.0,0.0,0.0,1.0,18.158769672746818,18.388550639152527,0.6620967900700645,1.0,1.0,1.0,,2.0,1.0
Transformer,scratch,9551,ocdet,two_hole,clean,test,chain_r+chain_s,,353,1.0,0.0,0.0,1.0,1.0,0.0,0.0,1.0,1.0,0.0,0.0,1.0,18.253169973578736,18.478752613067627,0.7061905048051712,1.0,1.0,1.0,,2.0,3.0
Transformer,scratch,9551,ocdet,two_hole,clean,test,chain_r+chain_s,,363,1.0,0.0,0.0,1.0,1.0,0.0,0.0,1.0,1.0,0.0,0.0,1.0,16.383982691883055,16.446412801742554,1.565327149279041,1.0,1.0,1.0,,2.0,4.0
Transformer,scratch,9551,ocdet,two_hole,clean,test,chain_r+chain_s,,346,1.0,0.0,0.0,1.0,1.0,0.0,0.0,1.0,1.0,0.0,0.0,1.0,17.56953143728951,17.542647123336792,0.8131462793108872,1.0,1.0,1.0,,2.0,5.0
Transformer,scratch,9551,ocdet,two_hole,clean,test,chain_r+chain_s,,341,1.0,0.0,0.0,1.0,1.0,0.0,0.0,1.0,1.0,0.0,0.0,1.0,18.12455763075708,18.30363702774048,0.6950889252138711,1.0,1.0,1.0,,2.0,6.0
Transformer,scratch,9551,ocdet,two_hole,clean,test,chain_r+chain_s,,362,1.0,0.0,0.0,1.0,1.0,0.0,0.0,1.0,1.0,0.0,0.0,1.0,18.392405085142148,18.52735209465027,0.5391665709833467,1.0,1.0,1.0,,3.0,1.0
Transformer,scratch,9551,ocdet,two_hole,clean,test,chain_r+chain_s,,319,1.0,0.0,0.0,1.0,1.0,0.0,0.0,1.0,1.0,0.0,0.0,1.0,18.762824470346626,18.900444984436035,0.7079175636592773,1.0,1.0,1.0,,3.0,2.0
Transformer,scratch,9551,ocdet,two_hole,clean,test,chain_r+chain_s,,308,1.0,0.0,0.0,1.0,1.0,0.0,0.0,1.0,1.0,0.0,0.0,1.0,16.979071853222784,17.20640254020691,1.6959783292642976,1.0,1.0,1.0,,3.0,4.0
Transformer,scratch,9551,ocdet,two_hole,clean,test,chain_r+chain_s,,316,1.0,0.0,0.0,1.0,1.0,0.0,0.0,1.0,1.0,0.0,0.0,1.0,17.76282566408568,17.842745661735535,0.8131306816456101,1.0,1.0,1.0,,3.0,5.0
Transformer,scratch,9551,ocdet,two_hole,clean,test,chain_r+chain_s,,312,1.0,0.0,0.0,1.0,1.0,0.0,0.0,1.0,1.0,0.0,0.0,1.0,18.31901073608643,18.417179107666016,0.576748131492885,1.0,1.0,1.0,,3.0,6.0
Transformer,scratch,9551,ocdet,two_hole,clean,test,chain_r+chain_s,,319,1.0,0.0,0.0,1.0,1.0,0.0,0.0,1.0,1.0,0.0,0.0,1.0,18.71723387906544,18.693399906158447,0.44709695213388906,1.0,1.0,1.0,,4.0,1.0
Transformer,scratch,9551,ocdet,two_hole,clean,test,chain_r+chain_s,,297,1.0,0.0,0.0,1.0,1.0,0.0,0.0,1.0,1.0,0.0,0.0,1.0,19.025408068891327,19.101630687713623,0.41873939891951967,1.0,1.0,1.0,,4.0,2.0
Transformer,scratch,9551,ocdet,two_hole,clean,test,chain_r+chain_s,,352,1.0,0.0,0.0,1.0,1.0,0.0,0.0,1.0,1.0,0.0,0.0,1.0,18.672613389790058,18.738401174545288,0.6294548085077877,1.0,1.0,1.0,,4.0,3.0
Transformer,scratch,9551,ocdet,two_hole,clean,test,chain_r+chain_s,,320,1.0,0.0,0.0,1.0,1.0,0.0,0.0,1.0,1.0,0.0,0.0,1.0,18.03648797571659,17.979429602622986,1.075534946143367,1.0,1.0,1.0,,4.0,5.0
Transformer,scratch,9551,ocdet,two_hole,clean,test,chain_r+chain_s,,348,1.0,0.0,0.0,1.0,1.0,0.0,0.0,1.0,1.0,0.0,0.0,1.0,18.680969563023798,18.681023359298706,0.6258211524776774,1.0,1.0,1.0,,4.0,6.0
Transformer,scratch,9551,ocdet,two_hole,clean,test,chain_r+chain_s,,325,1.0,0.0,0.0,1.0,1.0,0.0,0.0,1.0,1.0,0.0,0.0,1.0,17.873656096825233,18.066033363342285,0.7342373316530423,1.0,1.0,1.0,,5.0,1.0
Transformer,scratch,9551,ocdet,two_hole,clean,test,chain_r+chain_s,,362,1.0,0.0,0.0,1.0,1.0,0.0,0.0,1.0,1.0,0.0,0.0,1.0,18.587894404790678,18.729062795639038,1.0695161773527335,1.0,1.0,1.0,,5.0,2.0
Transformer,scratch,9551,ocdet,two_hole,clean,test,chain_r+chain_s,,305,1.0,0.0,0.0,1.0,1.0,0.0,0.0,1.0,1.0,0.0,0.0,1.0,18.23366620110684,18.355702877044678,0.7316629147697994,1.0,1.0,1.0,,5.0,3.0
Transformer,scratch,9551,ocdet,two_hole,clean,test,chain_r+chain_s,,334,1.0,0.0,0.0,1.0,1.0,0.0,0.0,1.0,1.0,0.0,0.0,1.0,16.76607063608969,16.74764847755432,1.4827713051509135,1.0,1.0,1.0,,5.0,4.0
Transformer,scratch,9551,ocdet,two_hole,clean,test,chain_r+chain_s,,333,1.0,0.0,0.0,1.0,1.0,0.0,0.0,1.0,1.0,0.0,0.0,1.0,18.086798059331763,18.1778883934021,0.5574403488855385,1.0,1.0,1.0,,5.0,6.0
Transformer,scratch,9551,ocdet,two_hole,clean,test,chain_r+chain_s,,322,1.0,0.0,0.0,1.0,1.0,0.0,0.0,1.0,1.0,0.0,0.0,1.0,17.905877090388945,18.045153975486755,0.7084595549844356,1.0,1.0,1.0,,6.0,1.0
Transformer,scratch,9551,ocdet,two_hole,clean,test,chain_r+chain_s,,351,1.0,0.0,0.0,1.0,1.0,0.0,0.0,1.0,1.0,0.0,0.0,1.0,18.446131599594725,18.460407733917236,1.1185270121961457,1.0,1.0,1.0,,6.0,2.0
Transformer,scratch,9551,ocdet,two_hole,clean,test,chain_r+chain_s,,327,1.0,0.0,0.0,1.0,1.0,0.0,0.0,1.0,1.0,0.0,0.0,1.0,18.054922836636184,18.07874631881714,0.8645692045245742,1.0,1.0,1.0,,6.0,3.0
Transformer,scratch,9551,ocdet,two_hole,clean,test,chain_r+chain_s,,299,1.0,0.0,0.0,1.0,1.0,0.0,0.0,1.0,1.0,0.0,0.0,1.0,16.655096867810126,16.809679746627808,1.175587753979518,1.0,1.0,1.0,,6.0,4.0
Transformer,scratch,9551,ocdet,two_hole,clean,test,chain_r+chain_s,,333,1.0,0.0,0.0,1.0,1.0,0.0,0.0,1.0,1.0,0.0,0.0,1.0,17.307986225809778,17.47196316719055,0.6722385095668109,1.0,1.0,1.0,,6.0,5.0
Transformer,scratch,9551,ocdet,two_hole,heldout,val,orientation,1.0,1030,1.0,0.0,0.0,1.0,1.0,0.0,0.0,1.0,1.0,0.0,0.0,1.0,17.69409580467974,18.003859043121338,1.4190055734054103,1.0,1.0,1.0,,,
Transformer,scratch,9551,ocdet,two_hole,heldout,val,orientation,2.0,970,1.0,0.0,0.0,1.0,1.0,0.0,0.0,1.0,1.0,0.0,0.0,1.0,17.580693606763464,18.209062337875366,1.9748488207948773,1.0,1.0,1.0,,,
Transformer,scratch,9551,ocdet,two_hole,heldout,val,kappa_gap,,613,1.0,0.0,0.0,1.0,1.0,0.0,0.0,1.0,1.0,0.0,0.0,1.0,16.996213228993277,17.449414491653442,1.9611770283098306,1.0,1.0,1.0,1.0,,
Transformer,scratch,9551,ocdet,two_hole,heldout,val,kappa_gap,,557,1.0,0.0,0.0,1.0,1.0,0.0,0.0,1.0,1.0,0.0,0.0,1.0,17.641079771762154,18.05818510055542,1.69425613862787,0.9999903303475596,1.0,1.0,2.0,,
Transformer,scratch,9551,ocdet,two_hole,heldout,val,kappa_gap,,432,1.0,0.0,0.0,1.0,1.0,0.0,0.0,1.0,1.0,0.0,0.0,1.0,18.050126194781452,18.363503217697144,1.4928216848409561,1.0,1.0,1.0,3.0,,
Transformer,scratch,9551,ocdet,two_hole,heldout,val,kappa_gap,,251,1.0,0.0,0.0,1.0,1.0,0.0,0.0,1.0,1.0,0.0,0.0,1.0,18.25041433824486,18.455181121826172,1.082933469204853,1.0,1.0,1.0,4.0,,
Transformer,scratch,9551,ocdet,two_hole,heldout,val,kappa_gap,,147,1.0,0.0,0.0,1.0,1.0,0.0,0.0,1.0,1.0,0.0,0.0,1.0,18.060699456403043,18.385990142822266,1.1765497173194295,1.0,1.0,1.0,5.0,,
Transformer,scratch,9551,ocdet,two_hole,heldout,val,chain_r+chain_s,,78,1.0,0.0,0.0,1.0,1.0,0.0,0.0,1.0,1.0,0.0,0.0,1.0,18.059679239224163,18.271720051765442,1.3364340873186162,1.0,1.0,1.0,,1.0,2.0
Transformer,scratch,9551,ocdet,two_hole,heldout,val,chain_r+chain_s,,73,1.0,0.0,0.0,1.0,1.0,0.0,0.0,1.0,1.0,0.0,0.0,1.0,17.55831113988406,18.026138067245483,1.693268162238543,1.0,1.0,1.0,,1.0,3.0
Transformer,scratch,9551,ocdet,two_hole,heldout,val,chain_r+chain_s,,59,1.0,0.0,0.0,1.0,1.0,0.0,0.0,1.0,1.0,0.0,0.0,1.0,16.241823796498572,16.023662090301514,1.554204862675722,1.0,1.0,1.0,,1.0,4.0
Transformer,scratch,9551,ocdet,two_hole,heldout,val,chain_r+chain_s,,64,1.0,0.0,0.0,1.0,1.0,0.0,0.0,1.0,1.0,0.0,0.0,1.0,17.04562856256962,17.219496250152588,1.0401681209054754,1.0,1.0,1.0,,1.0,5.0
Transformer,scratch,9551,ocdet,two_hole,heldout,val,chain_r+chain_s,,65,1.0,0.0,0.0,1.0,1.0,0.0,0.0,1.0,1.0,0.0,0.0,1.0,16.856479017551127,17.539234161376953,1.635449895592466,1.0,1.0,1.0,,1.0,6.0
Transformer,scratch,9551,ocdet,two_hole,heldout,val,chain_r+chain_s,,70,1.0,0.0,0.0,1.0,1.0,0.0,0.0,1.0,1.0,0.0,0.0,1.0,17.754966289656505,18.136261701583862,1.23866660045697,1.0,1.0,1.0,,2.0,1.0
Transformer,scratch,9551,ocdet,two_hole,heldout,val,chain_r+chain_s,,75,1.0,0.0,0.0,1.0,1.0,0.0,0.0,1.0,1.0,0.0,0.0,1.0,18.115158650080364,18.52686882019043,1.1964436674051098,1.0,1.0,1.0,,2.0,3.0
Transformer,scratch,9551,ocdet,two_hole,heldout,val,chain_r+chain_s,,70,1.0,0.0,0.0,1.0,1.0,0.0,0.0,1.0,1.0,0.0,0.0,1.0,15.488226572637046,16.384804606437683,2.88404052427595,0.9997959183673469,1.0,1.0,,2.0,4.0
Transformer,scratch,9551,ocdet,two_hole,heldout,val,chain_r+chain_s,,73,1.0,0.0,0.0,1.0,1.0,0.0,0.0,1.0,1.0,0.0,0.0,1.0,17.10242332007787,17.512465953826904,1.7763379084261148,1.0,1.0,1.0,,2.0,5.0
Transformer,scratch,9551,ocdet,two_hole,heldout,val,chain_r+chain_s,,73,1.0,0.0,0.0,1.0,1.0,0.0,0.0,1.0,1.0,0.0,0.0,1.0,17.825830828653622,18.34975814819336,1.9412123420069554,1.0,1.0,1.0,,2.0,6.0
Transformer,scratch,9551,ocdet,two_hole,heldout,val,chain_r+chain_s,,73,1.0,0.0,0.0,1.0,1.0,0.0,0.0,1.0,1.0,0.0,0.0,1.0,17.987421737958307,18.60118818283081,1.8167291686936928,1.0,1.0,1.0,,3.0,1.0
Transformer,scratch,9551,ocdet,two_hole,heldout,val,chain_r+chain_s,,64,1.0,0.0,0.0,1.0,1.0,0.0,0.0,1.0,1.0,0.0,0.0,1.0,18.344350247643888,18.730896949768066,1.9008991641888997,1.0,1.0,1.0,,3.0,2.0
Transformer,scratch,9551,ocdet,two_hole,heldout,val,chain_r+chain_s,,67,1.0,0.0,0.0,1.0,1.0,0.0,0.0,1.0,1.0,0.0,0.0,1.0,16.63407289803918,16.81719660758972,2.11564987575342,1.0,1.0,1.0,,3.0,4.0
Transformer,scratch,9551,ocdet,two_hole,heldout,val,chain_r+chain_s,,71,1.0,0.0,0.0,1.0,1.0,0.0,0.0,1.0,1.0,0.0,0.0,1.0,17.895368609629887,17.803734064102173,0.7952176746538022,1.0,1.0,1.0,,3.0,5.0
Transformer,scratch,9551,ocdet,two_hole,heldout,val,chain_r+chain_s,,62,1.0,0.0,0.0,1.0,1.0,0.0,0.0,1.0,1.0,0.0,0.0,1.0,17.760536165006698,18.221599340438843,1.7073394845712295,1.0,1.0,1.0,,3.0,6.0
Transformer,scratch,9551,ocdet,two_hole,heldout,val,chain_r+chain_s,,67,1.0,0.0,0.0,1.0,1.0,0.0,0.0,1.0,1.0,0.0,0.0,1.0,18.577325525568494,18.691356658935547,0.8504179634320407,1.0,1.0,1.0,,4.0,1.0
Transformer,scratch,9551,ocdet,two_hole,heldout,val,chain_r+chain_s,,62,1.0,0.0,0.0,1.0,1.0,0.0,0.0,1.0,1.0,0.0,0.0,1.0,19.047784251551473,19.134565591812134,0.5642939862402159,1.0,1.0,1.0,,4.0,2.0
Transformer,scratch,9551,ocdet,two_hole,heldout,val,chain_r+chain_s,,58,1.0,0.0,0.0,1.0,1.0,0.0,0.0,1.0,1.0,0.0,0.0,1.0,18.371294161112143,18.732656240463257,1.3308343676420358,1.0,1.0,1.0,,4.0,3.0
Transformer,scratch,9551,ocdet,two_hole,heldout,val,chain_r+chain_s,,72,1.0,0.0,0.0,1.0,1.0,0.0,0.0,1.0,1.0,0.0,0.0,1.0,17.689895066950058,17.716055035591125,1.1380875348357558,1.0,1.0,1.0,,4.0,5.0
Transformer,scratch,9551,ocdet,two_hole,heldout,val,chain_r+chain_s,,73,1.0,0.0,0.0,1.0,1.0,0.0,0.0,1.0,1.0,0.0,0.0,1.0,18.398501941602525,18.88573694229126,1.4848946377494348,1.0,1.0,1.0,,4.0,6.0
Transformer,scratch,9551,ocdet,two_hole,heldout,val,chain_r+chain_s,,63,1.0,0.0,0.0,1.0,1.0,0.0,0.0,1.0,1.0,0.0,0.0,1.0,17.525457777674237,18.067177772521973,1.3638827062122856,1.0,1.0,1.0,,5.0,1.0
Transformer,scratch,9551,ocdet,two_hole,heldout,val,chain_r+chain_s,,57,1.0,0.0,0.0,1.0,1.0,0.0,0.0,1.0,1.0,0.0,0.0,1.0,18.27244964817114,18.403562784194946,1.4578553441111057,1.0,1.0,1.0,,5.0,2.0
Transformer,scratch,9551,ocdet,two_hole,heldout,val,chain_r+chain_s,,67,1.0,0.0,0.0,1.0,1.0,0.0,0.0,1.0,1.0,0.0,0.0,1.0,18.142274226715315,18.462391138076782,1.1295341858327497,1.0,1.0,1.0,,5.0,3.0
Transformer,scratch,9551,ocdet,two_hole,heldout,val,chain_r+chain_s,,65,1.0,0.0,0.0,1.0,1.0,0.0,0.0,1.0,1.0,0.0,0.0,1.0,16.7158813724151,17.328420162200928,2.02148683706579,1.0,1.0,1.0,,5.0,4.0
Transformer,scratch,9551,ocdet,two_hole,heldout,val,chain_r+chain_s,,65,1.0,0.0,0.0,1.0,1.0,0.0,0.0,1.0,1.0,0.0,0.0,1.0,17.887085582659793,18.253435611724854,1.3342152097575681,1.0,1.0,1.0,,5.0,6.0
Transformer,scratch,9551,ocdet,two_hole,heldout,val,chain_r+chain_s,,52,1.0,0.0,0.0,1.0,1.0,0.0,0.0,1.0,1.0,0.0,0.0,1.0,17.71354276400346,18.053637862205505,1.3414943032384468,1.0,1.0,1.0,,6.0,1.0
Transformer,scratch,9551,ocdet,two_hole,heldout,val,chain_r+chain_s,,65,1.0,0.0,0.0,1.0,1.0,0.0,0.0,1.0,1.0,0.0,0.0,1.0,18.34283825434171,18.55633306503296,1.3995992446259262,1.0,1.0,1.0,,6.0,2.0
Transformer,scratch,9551,ocdet,two_hole,heldout,val,chain_r+chain_s,,79,1.0,0.0,0.0,1.0,1.0,0.0,0.0,1.0,1.0,0.0,0.0,1.0,18.0112471188171,18.065295219421387,1.1318221683304193,1.0,1.0,1.0,,6.0,3.0
Transformer,scratch,9551,ocdet,two_hole,heldout,val,chain_r+chain_s,,56,1.0,0.0,0.0,1.0,1.0,0.0,0.0,1.0,1.0,0.0,0.0,1.0,16.180105709603854,16.202359795570374,1.5737297355869315,1.0,1.0,1.0,,6.0,4.0
Transformer,scratch,9551,ocdet,two_hole,heldout,val,chain_r+chain_s,,62,1.0,0.0,0.0,1.0,1.0,0.0,0.0,1.0,1.0,0.0,0.0,1.0,17.3146279627277,17.57554841041565,0.8259196076443504,1.0,1.0,1.0,,6.0,5.0
Transformer,scratch,9551,ocdet,two_hole,heldout,test,orientation,1.0,5051,1.0,0.0,0.0,1.0,1.0,0.0,0.0,1.0,1.0,0.0,0.0,1.0,17.712971845442965,17.98494601249695,1.3027731471269735,0.9999987065215342,1.0,1.0,,,
Transformer,scratch,9551,ocdet,two_hole,heldout,test,orientation,2.0,4949,1.0,0.0,0.0,1.0,1.0,0.0,0.0,1.0,1.0,0.0,0.0,1.0,17.574525563663958,18.20797824859619,1.9281880795819852,0.9999999183426864,1.0,1.0,,,
Transformer,scratch,9551,ocdet,two_hole,heldout,test,kappa_gap,,3321,1.0,0.0,0.0,1.0,1.0,0.0,0.0,1.0,1.0,0.0,0.0,1.0,17.148825725000403,17.59328556060791,1.7603395956108683,1.0,1.0,1.0,1.0,,
Transformer,scratch,9551,ocdet,two_hole,heldout,test,kappa_gap,,2689,1.0,0.0,0.0,1.0,1.0,0.0,0.0,1.0,1.0,0.0,0.0,1.0,17.67483449768304,18.08060073852539,1.569777636998493,0.9999990319084362,1.0,1.0,2.0,,
Transformer,scratch,9551,ocdet,two_hole,heldout,test,kappa_gap,,2008,1.0,0.0,0.0,1.0,1.0,0.0,0.0,1.0,1.0,0.0,0.0,1.0,18.036200672783238,18.40998888015747,1.48402760713352,1.0,1.0,1.0,3.0,,
Transformer,scratch,9551,ocdet,two_hole,heldout,test,kappa_gap,,1313,1.0,0.0,0.0,1.0,1.0,0.0,0.0,1.0,1.0,0.0,0.0,1.0,18.099773812301382,18.414395332336426,1.3799489715521758,0.9999970997158301,1.0,1.0,4.0,,
Transformer,scratch,9551,ocdet,two_hole,heldout,test,kappa_gap,,669,1.0,0.0,0.0,1.0,1.0,0.0,0.0,1.0,1.0,0.0,0.0,1.0,17.91326403947511,18.368953227996826,1.6097543475464178,1.0,1.0,1.0,5.0,,
Transformer,scratch,9551,ocdet,two_hole,heldout,test,chain_r+chain_s,,352,1.0,0.0,0.0,1.0,1.0,0.0,0.0,1.0,1.0,0.0,0.0,1.0,17.990337656980213,18.461011171340942,1.543750816012174,1.0,1.0,1.0,,1.0,2.0
Transformer,scratch,9551,ocdet,two_hole,heldout,test,chain_r+chain_s,,326,1.0,0.0,0.0,1.0,1.0,0.0,0.0,1.0,1.0,0.0,0.0,1.0,17.880652984958484,18.27527344226837,1.291788756056577,1.0,1.0,1.0,,1.0,3.0
Transformer,scratch,9551,ocdet,two_hole,heldout,test,chain_r+chain_s,,323,1.0,0.0,0.0,1.0,1.0,0.0,0.0,1.0,1.0,0.0,0.0,1.0,16.115468015473326,16.16168212890625,1.6822673986012395,1.0,1.0,1.0,,1.0,4.0
Transformer,scratch,9551,ocdet,two_hole,heldout,test,chain_r+chain_s,,334,1.0,0.0,0.0,1.0,1.0,0.0,0.0,1.0,1.0,0.0,0.0,1.0,16.935243145791357,17.172863245010376,1.131253727502587,1.0,1.0,1.0,,1.0,5.0
Transformer,scratch,9551,ocdet,two_hole,heldout,test,chain_r+chain_s,,339,1.0,0.0,0.0,1.0,1.0,0.0,0.0,1.0,1.0,0.0,0.0,1.0,17.503212100109167,18.017000436782837,1.5575131183949118,1.0,1.0,1.0,,1.0,6.0
Transformer,scratch,9551,ocdet,two_hole,heldout,test,chain_r+chain_s,,353,1.0,0.0,0.0,1.0,1.0,0.0,0.0,1.0,1.0,0.0,0.0,1.0,17.719988424278185,18.152477264404297,1.4516856223275798,1.0,1.0,1.0,,2.0,1.0
Transformer,scratch,9551,ocdet,two_hole,heldout,test,chain_r+chain_s,,316,1.0,0.0,0.0,1.0,1.0,0.0,0.0,1.0,1.0,0.0,0.0,1.0,18.027805275932142,18.372150182724,1.066298486478034,1.0,1.0,1.0,,2.0,3.0
Transformer,scratch,9551,ocdet,two_hole,heldout,test,chain_r+chain_s,,325,1.0,0.0,0.0,1.0,1.0,0.0,0.0,1.0,1.0,0.0,0.0,1.0,16.10914183064149,16.090559482574463,2.014850998316507,1.0,1.0,1.0,,2.0,4.0
Transformer,scratch,9551,ocdet,two_hole,heldout,test,chain_r+chain_s,,297,1.0,0.0,0.0,1.0,1.0,0.0,0.0,1.0,1.0,0.0,0.0,1.0,17.38989038619931,17.500384092330933,1.1686478130824005,1.0,1.0,1.0,,2.0,5.0
Transformer,scratch,9551,ocdet,two_hole,heldout,test,chain_r+chain_s,,341,1.0,0.0,0.0,1.0,1.0,0.0,0.0,1.0,1.0,0.0,0.0,1.0,17.747719488185872,18.073731660842896,1.4695055112741753,0.9999914001427577,1.0,1.0,,2.0,6.0
Transformer,scratch,9551,ocdet,two_hole,heldout,test,chain_r+chain_s,,345,1.0,0.0,0.0,1.0,1.0,0.0,0.0,1.0,1.0,0.0,0.0,1.0,18.181070207858433,18.48973035812378,1.1907920572154265,1.0,1.0,1.0,,3.0,1.0
Transformer,scratch,9551,ocdet,two_hole,heldout,test,chain_r+chain_s,,346,1.0,0.0,0.0,1.0,1.0,0.0,0.0,1.0,1.0,0.0,0.0,1.0,18.49816419830212,18.76393222808838,1.371706160823629,1.0,1.0,1.0,,3.0,2.0
Transformer,scratch,9551,ocdet,two_hole,heldout,test,chain_r+chain_s,,346,1.0,0.0,0.0,1.0,1.0,0.0,0.0,1.0,1.0,0.0,0.0,1.0,16.423762023879615,16.64169681072235,2.240573474401968,1.0,1.0,1.0,,3.0,4.0
Transformer,scratch,9551,ocdet,two_hole,heldout,test,chain_r+chain_s,,336,1.0,0.0,0.0,1.0,1.0,0.0,0.0,1.0,1.0,0.0,0.0,1.0,17.619013831906376,17.76249098777771,1.1651322509991118,1.0,1.0,1.0,,3.0,5.0
Transformer,scratch,9551,ocdet,two_hole,heldout,test,chain_r+chain_s,,375,1.0,0.0,0.0,1.0,1.0,0.0,0.0,1.0,1.0,0.0,0.0,1.0,18.087002992312115,18.345988273620605,1.0267857004077023,1.0,1.0,1.0,,3.0,6.0
Transformer,scratch,9551,ocdet,two_hole,heldout,test,chain_r+chain_s,,346,1.0,0.0,0.0,1.0,1.0,0.0,0.0,1.0,1.0,0.0,0.0,1.0,18.305518315362104,18.608499765396118,1.4656373400882727,1.0,1.0,1.0,,4.0,1.0
Transformer,scratch,9551,ocdet,two_hole,heldout,test,chain_r+chain_s,,303,1.0,0.0,0.0,1.0,1.0,0.0,0.0,1.0,1.0,0.0,0.0,1.0,18.696062602778966,19.095741748809814,1.5961883314091432,1.0,1.0,1.0,,4.0,2.0
Transformer,scratch,9551,ocdet,two_hole,heldout,test,chain_r+chain_s,,325,1.0,0.0,0.0,1.0,1.0,0.0,0.0,1.0,1.0,0.0,0.0,1.0,18.369856706032387,18.614678382873535,1.1415126464013432,1.0,1.0,1.0,,4.0,3.0
Transformer,scratch,9551,ocdet,two_hole,heldout,test,chain_r+chain_s,,345,1.0,0.0,0.0,1.0,1.0,0.0,0.0,1.0,1.0,0.0,0.0,1.0,17.764682810548422,17.8626971244812,1.4012117262914645,1.0,1.0,1.0,,4.0,5.0
Transformer,scratch,9551,ocdet,two_hole,heldout,test,chain_r+chain_s,,352,1.0,0.0,0.0,1.0,1.0,0.0,0.0,1.0,1.0,0.0,0.0,1.0,18.317577899518337,18.538249015808105,1.3529923494240046,1.0,1.0,1.0,,4.0,6.0
Transformer,scratch,9551,ocdet,two_hole,heldout,test,chain_r+chain_s,,294,1.0,0.0,0.0,1.0,1.0,0.0,0.0,1.0,1.0,0.0,0.0,1.0,17.704949241511677,18.077916979789734,1.1455753930559365,1.0,1.0,1.0,,5.0,1.0
Transformer,scratch,9551,ocdet,two_hole,heldout,test,chain_r+chain_s,,325,1.0,0.0,0.0,1.0,1.0,0.0,0.0,1.0,1.0,0.0,0.0,1.0,18.308651161423096,18.56329917907715,1.6518391334412181,1.0,1.0,1.0,,5.0,2.0
Transformer,scratch,9551,ocdet,two_hole,heldout,test,chain_r+chain_s,,325,1.0,0.0,0.0,1.0,1.0,0.0,0.0,1.0,1.0,0.0,0.0,1.0,17.97106136927238,18.376563549041748,1.6235225522652792,1.0,1.0,1.0,,5.0,3.0
Transformer,scratch,9551,ocdet,two_hole,heldout,test,chain_r+chain_s,,319,1.0,0.0,0.0,1.0,1.0,0.0,0.0,1.0,1.0,0.0,0.0,1.0,16.18707940911985,16.321988582611084,2.387178933735435,1.0,1.0,1.0,,5.0,4.0
Transformer,scratch,9551,ocdet,two_hole,heldout,test,chain_r+chain_s,,324,1.0,0.0,0.0,1.0,1.0,0.0,0.0,1.0,1.0,0.0,0.0,1.0,17.8283079031073,18.154401779174805,1.2976777313122376,1.0,1.0,1.0,,5.0,6.0
Transformer,scratch,9551,ocdet,two_hole,heldout,test,chain_r+chain_s,,295,1.0,0.0,0.0,1.0,1.0,0.0,0.0,1.0,1.0,0.0,0.0,1.0,17.79854330693261,18.172818183898926,1.3496791713386274,1.0,1.0,1.0,,6.0,1.0
Transformer,scratch,9551,ocdet,two_hole,heldout,test,chain_r+chain_s,,351,1.0,0.0,0.0,1.0,1.0,0.0,0.0,1.0,1.0,0.0,0.0,1.0,18.274584912262497,18.300659656524658,1.5630444112767135,1.0,1.0,1.0,,6.0,2.0
Transformer,scratch,9551,ocdet,two_hole,heldout,test,chain_r+chain_s,,323,1.0,0.0,0.0,1.0,1.0,0.0,0.0,1.0,1.0,0.0,0.0,1.0,17.973089466154022,18.133782863616943,1.0736185973906374,1.0,1.0,1.0,,6.0,3.0
Transformer,scratch,9551,ocdet,two_hole,heldout,test,chain_r+chain_s,,365,1.0,0.0,0.0,1.0,1.0,0.0,0.0,1.0,1.0,0.0,0.0,1.0,16.273775273479828,16.521490335464478,1.648055690896143,1.0,1.0,1.0,,6.0,4.0
Transformer,scratch,9551,ocdet,two_hole,heldout,test,chain_r+chain_s,,354,1.0,0.0,0.0,1.0,1.0,0.0,0.0,1.0,1.0,0.0,0.0,1.0,17.3263450462771,17.5391446352005,0.9329569210346186,1.0,1.0,1.0,,6.0,5.0
Transformer,scratch,9552,ocdet,two_hole,clean,val,orientation,1.0,1052,1.0,0.0,0.0,1.0,1.0,0.0,0.0,1.0,1.0,0.0,0.0,1.0,18.44791030067908,18.528809070587158,0.9209062282916874,1.0,1.0,1.0,,,
Transformer,scratch,9552,ocdet,two_hole,clean,val,orientation,2.0,948,1.0,0.0,0.0,1.0,1.0,0.0,0.0,1.0,1.0,0.0,0.0,1.0,17.756066040493515,18.24840998649597,2.0802226091854563,1.0,1.0,1.0,,,
Transformer,scratch,9552,ocdet,two_hole,clean,val,kappa_gap,,673,1.0,0.0,0.0,1.0,1.0,0.0,0.0,1.0,1.0,0.0,0.0,1.0,17.451243848449938,17.772655963897705,1.7112803748132175,1.0,1.0,1.0,1.0,,
Transformer,scratch,9552,ocdet,two_hole,clean,val,kappa_gap,,511,1.0,0.0,0.0,1.0,1.0,0.0,0.0,1.0,1.0,0.0,0.0,1.0,18.141928877790846,18.47499656677246,1.4127430790456523,1.0,1.0,1.0,2.0,,
Transformer,scratch,9552,ocdet,two_hole,clean,val,kappa_gap,,418,1.0,0.0,0.0,1.0,1.0,0.0,0.0,1.0,1.0,0.0,0.0,1.0,18.25903970445172,18.45663893222809,1.5263593973660086,1.0,1.0,1.0,3.0,,
Transformer,scratch,9552,ocdet,two_hole,clean,val,kappa_gap,,262,1.0,0.0,0.0,1.0,1.0,0.0,0.0,1.0,1.0,0.0,0.0,1.0,18.93201244195909,19.05694603919983,1.2139798348006863,1.0,1.0,1.0,4.0,,
Transformer,scratch,9552,ocdet,two_hole,clean,val,kappa_gap,,136,1.0,0.0,0.0,1.0,1.0,0.0,0.0,1.0,1.0,0.0,0.0,1.0,19.354953087428036,19.234614729881287,1.1911323076853815,1.0,1.0,1.0,5.0,,
Transformer,scratch,9552,ocdet,two_hole,clean,val,chain_r+chain_s,,53,1.0,0.0,0.0,1.0,1.0,0.0,0.0,1.0,1.0,0.0,0.0,1.0,18.63678900700695,18.47499656677246,1.008006254106733,1.0,1.0,1.0,,1.0,2.0
Transformer,scratch,9552,ocdet,two_hole,clean,val,chain_r+chain_s,,82,1.0,0.0,0.0,1.0,1.0,0.0,0.0,1.0,1.0,0.0,0.0,1.0,17.45564595809797,17.490399599075317,1.0065083694021781,1.0,1.0,1.0,,1.0,3.0
Transformer,scratch,9552,ocdet,two_hole,clean,val,chain_r+chain_s,,58,1.0,0.0,0.0,1.0,1.0,0.0,0.0,1.0,1.0,0.0,0.0,1.0,18.56842168446245,18.43232572078705,1.047675203091444,1.0,1.0,1.0,,1.0,4.0
Transformer,scratch,9552,ocdet,two_hole,clean,val,chain_r+chain_s,,60,1.0,0.0,0.0,1.0,1.0,0.0,0.0,1.0,1.0,0.0,0.0,1.0,17.80417335430781,17.840254068374634,0.7138590793954671,1.0,1.0,1.0,,1.0,5.0
Transformer,scratch,9552,ocdet,two_hole,clean,val,chain_r+chain_s,,71,1.0,0.0,0.0,1.0,1.0,0.0,0.0,1.0,1.0,0.0,0.0,1.0,17.929997716151494,17.88984489440918,0.8443110305363597,1.0,1.0,1.0,,1.0,6.0
Transformer,scratch,9552,ocdet,two_hole,clean,val,chain_r+chain_s,,67,1.0,0.0,0.0,1.0,1.0,0.0,0.0,1.0,1.0,0.0,0.0,1.0,17.585919822774716,18.9775333404541,2.440535420152736,1.0,1.0,1.0,,2.0,1.0
Transformer,scratch,9552,ocdet,two_hole,clean,val,chain_r+chain_s,,49,1.0,0.0,0.0,1.0,1.0,0.0,0.0,1.0,1.0,0.0,0.0,1.0,18.52745653658497,18.951674222946167,1.1950255345213987,1.0,1.0,1.0,,2.0,3.0
Transformer,scratch,9552,ocdet,two_hole,clean,val,chain_r+chain_s,,87,1.0,0.0,0.0,1.0,1.0,0.0,0.0,1.0,1.0,0.0,0.0,1.0,19.526296799210296,19.6767897605896,0.6337254278434665,1.0,1.0,1.0,,2.0,4.0
Transformer,scratch,9552,ocdet,two_hole,clean,val,chain_r+chain_s,,50,1.0,0.0,0.0,1.0,1.0,0.0,0.0,1.0,1.0,0.0,0.0,1.0,18.089952952861786,18.42209815979004,1.010436812174904,1.0,1.0,1.0,,2.0,5.0
Transformer,scratch,9552,ocdet,two_hole,clean,val,chain_r+chain_s,,70,1.0,0.0,0.0,1.0,1.0,0.0,0.0,1.0,1.0,0.0,0.0,1.0,19.24355285508292,19.635133862495422,0.9634156471140807,1.0,1.0,1.0,,2.0,6.0
Transformer,scratch,9552,ocdet,two_hole,clean,val,chain_r+chain_s,,67,1.0,0.0,0.0,1.0,1.0,0.0,0.0,1.0,1.0,0.0,0.0,1.0,16.360962938906543,15.409917831420898,2.64423072573875,1.0,1.0,1.0,,3.0,1.0
Transformer,scratch,9552,ocdet,two_hole,clean,val,chain_r+chain_s,,67,1.0,0.0,0.0,1.0,1.0,0.0,0.0,1.0,1.0,0.0,0.0,1.0,19.335425960483835,19.42148208618164,0.8253273356262157,1.0,1.0,1.0,,3.0,2.0
Transformer,scratch,9552,ocdet,two_hole,clean,val,chain_r+chain_s,,57,1.0,0.0,0.0,1.0,1.0,0.0,0.0,1.0,1.0,0.0,0.0,1.0,19.000024314512288,18.89511799812317,0.7088473347312285,1.0,1.0,1.0,,3.0,4.0
Transformer,scratch,9552,ocdet,two_hole,clean,val,chain_r+chain_s,,69,1.0,0.0,0.0,1.0,1.0,0.0,0.0,1.0,1.0,0.0,0.0,1.0,17.32803153300631,17.6490797996521,1.3838777652753937,1.0,1.0,1.0,,3.0,5.0
Transformer,scratch,9552,ocdet,two_hole,clean,val,chain_r+chain_s,,71,1.0,0.0,0.0,1.0,1.0,0.0,0.0,1.0,1.0,0.0,0.0,1.0,18.719353014314677,18.845514059066772,0.7742040766234448,1.0,1.0,1.0,,3.0,6.0
Transformer,scratch,9552,ocdet,two_hole,clean,val,chain_r+chain_s,,63,1.0,0.0,0.0,1.0,1.0,0.0,0.0,1.0,1.0,0.0,0.0,1.0,16.412301371021876,15.799869298934937,2.5460048284445156,1.0,1.0,1.0,,4.0,1.0
Transformer,scratch,9552,ocdet,two_hole,clean,val,chain_r+chain_s,,78,1.0,0.0,0.0,1.0,1.0,0.0,0.0,1.0,1.0,0.0,0.0,1.0,19.16068474451701,19.190816044807434,0.8013456092220854,1.0,1.0,1.0,,4.0,2.0
Transformer,scratch,9552,ocdet,two_hole,clean,val,chain_r+chain_s,,55,1.0,0.0,0.0,1.0,1.0,0.0,0.0,1.0,1.0,0.0,0.0,1.0,17.764514441923662,18.392334699630737,1.7109391650431034,1.0,1.0,1.0,,4.0,3.0
Transformer,scratch,9552,ocdet,two_hole,clean,val,chain_r+chain_s,,60,1.0,0.0,0.0,1.0,1.0,0.0,0.0,1.0,1.0,0.0,0.0,1.0,18.064103802045185,18.544142723083496,1.5058120443970893,1.0,1.0,1.0,,4.0,5.0
Transformer,scratch,9552,ocdet,two_hole,clean,val,chain_r+chain_s,,63,1.0,0.0,0.0,1.0,1.0,0.0,0.0,1.0,1.0,0.0,0.0,1.0,18.507870719546364,18.693065404891968,0.831557005382408,1.0,1.0,1.0,,4.0,6.0
Transformer,scratch,9552,ocdet,two_hole,clean,val,chain_r+chain_s,,82,1.0,0.0,0.0,1.0,1.0,0.0,0.0,1.0,1.0,0.0,0.0,1.0,16.04294113705798,16.232353568077087,1.6957251500799149,1.0,1.0,1.0,,5.0,1.0
Transformer,scratch,9552,ocdet,two_hole,clean,val,chain_r+chain_s,,70,1.0,0.0,0.0,1.0,1.0,0.0,0.0,1.0,1.0,0.0,0.0,1.0,18.660640270369395,18.5263592004776,1.1907400704794417,1.0,1.0,1.0,,5.0,2.0
Transformer,scratch,9552,ocdet,two_hole,clean,val,chain_r+chain_s,,74,1.0,0.0,0.0,1.0,1.0,0.0,0.0,1.0,1.0,0.0,0.0,1.0,17.73037340512147,17.581221103668213,0.8456543619341066,1.0,1.0,1.0,,5.0,3.0
Transformer,scratch,9552,ocdet,two_hole,clean,val,chain_r+chain_s,,76,1.0,0.0,0.0,1.0,1.0,0.0,0.0,1.0,1.0,0.0,0.0,1.0,18.457123097620514,18.42248845100403,1.2865327875046404,1.0,1.0,1.0,,5.0,4.0
Transformer,scratch,9552,ocdet,two_hole,clean,val,chain_r+chain_s,,62,1.0,0.0,0.0,1.0,1.0,0.0,0.0,1.0,1.0,0.0,0.0,1.0,17.968544671612403,17.586337208747864,1.0050698313853976,1.0,1.0,1.0,,5.0,6.0
Transformer,scratch,9552,ocdet,two_hole,clean,val,chain_r+chain_s,,69,1.0,0.0,0.0,1.0,1.0,0.0,0.0,1.0,1.0,0.0,0.0,1.0,16.842296291952547,17.86071276664734,2.119218725717543,1.0,1.0,1.0,,6.0,1.0
Transformer,scratch,9552,ocdet,two_hole,clean,val,chain_r+chain_s,,73,1.0,0.0,0.0,1.0,1.0,0.0,0.0,1.0,1.0,0.0,0.0,1.0,19.01904102547528,18.91279911994934,0.8612396178312777,1.0,1.0,1.0,,6.0,2.0
Transformer,scratch,9552,ocdet,two_hole,clean,val,chain_r+chain_s,,57,1.0,0.0,0.0,1.0,1.0,0.0,0.0,1.0,1.0,0.0,0.0,1.0,17.77539300918579,18.033288717269897,1.0607554355921682,1.0,1.0,1.0,,6.0,3.0
Transformer,scratch,9552,ocdet,two_hole,clean,val,chain_r+chain_s,,78,1.0,0.0,0.0,1.0,1.0,0.0,0.0,1.0,1.0,0.0,0.0,1.0,18.962380702678974,18.90619194507599,0.9430117645605288,1.0,1.0,1.0,,6.0,4.0
Transformer,scratch,9552,ocdet,two_hole,clean,val,chain_r+chain_s,,62,1.0,0.0,0.0,1.0,1.0,0.0,0.0,1.0,1.0,0.0,0.0,1.0,18.032449222380116,18.263381719589233,0.8879392352374166,1.0,1.0,1.0,,6.0,5.0
Transformer,scratch,9552,ocdet,two_hole,clean,test,orientation,1.0,5099,1.0,0.0,0.0,1.0,1.0,0.0,0.0,1.0,1.0,0.0,0.0,1.0,18.430163799185078,18.51837420463562,0.9284016879605059,1.0,1.0,1.0,,,
Transformer,scratch,9552,ocdet,two_hole,clean,test,orientation,2.0,4901,1.0,0.0,0.0,1.0,1.0,0.0,0.0,1.0,1.0,0.0,0.0,1.0,17.70112420412545,18.223012924194336,2.069736253759576,1.0,1.0,1.0,,,
Transformer,scratch,9552,ocdet,two_hole,clean,test,kappa_gap,,3399,1.0,0.0,0.0,1.0,1.0,0.0,0.0,1.0,1.0,0.0,0.0,1.0,17.537290200972492,17.827116012573242,1.653762007061429,1.0,1.0,1.0,1.0,,
Transformer,scratch,9552,ocdet,two_hole,clean,test,kappa_gap,,2701,1.0,0.0,0.0,1.0,1.0,0.0,0.0,1.0,1.0,0.0,0.0,1.0,17.982500811805,18.40692687034607,1.6046884974940467,1.0,1.0,1.0,2.0,,
Transformer,scratch,9552,ocdet,two_hole,clean,test,kappa_gap,,1974,1.0,0.0,0.0,1.0,1.0,0.0,0.0,1.0,1.0,0.0,0.0,1.0,18.353144271033152,18.591590642929077,1.5418898393816267,1.0,1.0,1.0,3.0,,
Transformer,scratch,9552,ocdet,two_hole,clean,test,kappa_gap,,1310,1.0,0.0,0.0,1.0,1.0,0.0,0.0,1.0,1.0,0.0,0.0,1.0,18.70805751485679,18.857144474983215,1.291009343218533,1.0,1.0,1.0,4.0,,
Transformer,scratch,9552,ocdet,two_hole,clean,test,kappa_gap,,616,1.0,0.0,0.0,1.0,1.0,0.0,0.0,1.0,1.0,0.0,0.0,1.0,19.175273888296896,19.134045362472534,1.3730325310369411,1.0,1.0,1.0,5.0,,
Transformer,scratch,9552,ocdet,two_hole,clean,test,chain_r+chain_s,,351,1.0,0.0,0.0,1.0,1.0,0.0,0.0,1.0,1.0,0.0,0.0,1.0,18.49862770681028,18.392534494400024,1.109396327618928,1.0,1.0,1.0,,1.0,2.0
Transformer,scratch,9552,ocdet,two_hole,clean,test,chain_r+chain_s,,337,1.0,0.0,0.0,1.0,1.0,0.0,0.0,1.0,1.0,0.0,0.0,1.0,17.424064873764706,17.46666145324707,1.0061745070354176,1.0,1.0,1.0,,1.0,3.0
Transformer,scratch,9552,ocdet,two_hole,clean,test,chain_r+chain_s,,365,1.0,0.0,0.0,1.0,1.0,0.0,0.0,1.0,1.0,0.0,0.0,1.0,18.501944011531464,18.42203116416931,1.1066897469975607,1.0,1.0,1.0,,1.0,4.0
Transformer,scratch,9552,ocdet,two_hole,clean,test,chain_r+chain_s,,329,1.0,0.0,0.0,1.0,1.0,0.0,0.0,1.0,1.0,0.0,0.0,1.0,17.560634244176754,17.711454391479492,1.0593744369038005,1.0,1.0,1.0,,1.0,5.0
Transformer,scratch,9552,ocdet,two_hole,clean,test,chain_r+chain_s,,309,1.0,0.0,0.0,1.0,1.0,0.0,0.0,1.0,1.0,0.0,0.0,1.0,17.976842190455464,17.839431762695312,0.830940871015689,1.0,1.0,1.0,,1.0,6.0
Transformer,scratch,9552,ocdet,two_hole,clean,test,chain_r+chain_s,,362,1.0,0.0,0.0,1.0,1.0,0.0,0.0,1.0,1.0,0.0,0.0,1.0,17.10149137683995,16.55369007587433,2.466812016600662,1.0,1.0,1.0,,2.0,1.0
Transformer,scratch,9552,ocdet,two_hole,clean,test,chain_r+chain_s,,353,1.0,0.0,0.0,1.0,1.0,0.0,0.0,1.0,1.0,0.0,0.0,1.0,18.683559079345834,19.031718015670776,1.233008684434571,1.0,1.0,1.0,,2.0,3.0
Transformer,scratch,9552,ocdet,two_hole,clean,test,chain_r+chain_s,,363,1.0,0.0,0.0,1.0,1.0,0.0,0.0,1.0,1.0,0.0,0.0,1.0,19.544907276295433,19.675371408462524,0.6860362007457472,1.0,1.0,1.0,,2.0,4.0
Transformer,scratch,9552,ocdet,two_hole,clean,test,chain_r+chain_s,,346,1.0,0.0,0.0,1.0,1.0,0.0,0.0,1.0,1.0,0.0,0.0,1.0,18.222196647025257,18.461941719055176,0.975837395308432,1.0,1.0,1.0,,2.0,5.0
Transformer,scratch,9552,ocdet,two_hole,clean,test,chain_r+chain_s,,341,1.0,0.0,0.0,1.0,1.0,0.0,0.0,1.0,1.0,0.0,0.0,1.0,18.969250878980084,19.293271780014038,1.011295472336742,1.0,1.0,1.0,,2.0,6.0
Transformer,scratch,9552,ocdet,two_hole,clean,test,chain_r+chain_s,,362,1.0,0.0,0.0,1.0,1.0,0.0,0.0,1.0,1.0,0.0,0.0,1.0,16.606764385116527,17.985299944877625,2.433764190164049,1.0,1.0,1.0,,3.0,1.0
Transformer,scratch,9552,ocdet,two_hole,clean,test,chain_r+chain_s,,319,1.0,0.0,0.0,1.0,1.0,0.0,0.0,1.0,1.0,0.0,0.0,1.0,19.137013570268326,19.1641526222229,0.86132272209204,1.0,1.0,1.0,,3.0,2.0
Transformer,scratch,9552,ocdet,two_hole,clean,test,chain_r+chain_s,,308,1.0,0.0,0.0,1.0,1.0,0.0,0.0,1.0,1.0,0.0,0.0,1.0,19.004471443690264,19.01206636428833,0.7434306618127876,1.0,1.0,1.0,,3.0,4.0
Transformer,scratch,9552,ocdet,two_hole,clean,test,chain_r+chain_s,,316,1.0,0.0,0.0,1.0,1.0,0.0,0.0,1.0,1.0,0.0,0.0,1.0,17.224690060449554,17.718870282173157,1.6752316206080606,1.0,1.0,1.0,,3.0,5.0
Transformer,scratch,9552,ocdet,two_hole,clean,test,chain_r+chain_s,,312,1.0,0.0,0.0,1.0,1.0,0.0,0.0,1.0,1.0,0.0,0.0,1.0,18.430698504814735,18.40873944759369,0.8089458133185101,1.0,1.0,1.0,,3.0,6.0
Transformer,scratch,9552,ocdet,two_hole,clean,test,chain_r+chain_s,,319,1.0,0.0,0.0,1.0,1.0,0.0,0.0,1.0,1.0,0.0,0.0,1.0,16.298511884709512,15.48884654045105,2.453916811717918,1.0,1.0,1.0,,4.0,1.0
Transformer,scratch,9552,ocdet,two_hole,clean,test,chain_r+chain_s,,297,1.0,0.0,0.0,1.0,1.0,0.0,0.0,1.0,1.0,0.0,0.0,1.0,19.160804826402504,19.08602213859558,0.8325207631479595,1.0,1.0,1.0,,4.0,2.0
Transformer,scratch,9552,ocdet,two_hole,clean,test,chain_r+chain_s,,352,1.0,0.0,0.0,1.0,1.0,0.0,0.0,1.0,1.0,0.0,0.0,1.0,17.724853724241257,18.479883909225464,1.875943596012619,1.0,1.0,1.0,,4.0,3.0
Transformer,scratch,9552,ocdet,two_hole,clean,test,chain_r+chain_s,,320,1.0,0.0,0.0,1.0,1.0,0.0,0.0,1.0,1.0,0.0,0.0,1.0,18.30745974490419,18.689019441604614,1.2256264056209587,1.0,1.0,1.0,,4.0,5.0
Transformer,scratch,9552,ocdet,two_hole,clean,test,chain_r+chain_s,,348,1.0,0.0,0.0,1.0,1.0,0.0,0.0,1.0,1.0,0.0,0.0,1.0,18.616664994722125,18.728434920310974,0.8911943989632889,1.0,1.0,1.0,,4.0,6.0
Transformer,scratch,9552,ocdet,two_hole,clean,test,chain_r+chain_s,,325,1.0,0.0,0.0,1.0,1.0,0.0,0.0,1.0,1.0,0.0,0.0,1.0,16.115159353201207,16.496521711349487,1.6987040938846227,1.0,1.0,1.0,,5.0,1.0
Transformer,scratch,9552,ocdet,two_hole,clean,test,chain_r+chain_s,,362,1.0,0.0,0.0,1.0,1.0,0.0,0.0,1.0,1.0,0.0,0.0,1.0,18.53420150247068,18.51970386505127,1.2756761023418142,1.0,1.0,1.0,,5.0,2.0
Transformer,scratch,9552,ocdet,two_hole,clean,test,chain_r+chain_s,,305,1.0,0.0,0.0,1.0,1.0,0.0,0.0,1.0,1.0,0.0,0.0,1.0,17.638875759625044,17.481830596923828,0.9568308214837763,1.0,1.0,1.0,,5.0,3.0
Transformer,scratch,9552,ocdet,two_hole,clean,test,chain_r+chain_s,,334,1.0,0.0,0.0,1.0,1.0,0.0,0.0,1.0,1.0,0.0,0.0,1.0,18.614654975023097,18.59855318069458,1.2429940932539387,1.0,1.0,1.0,,5.0,4.0
Transformer,scratch,9552,ocdet,two_hole,clean,test,chain_r+chain_s,,333,1.0,0.0,0.0,1.0,1.0,0.0,0.0,1.0,1.0,0.0,0.0,1.0,18.02546417892158,17.746764421463013,0.9761430272094047,1.0,1.0,1.0,,5.0,6.0
Transformer,scratch,9552,ocdet,two_hole,clean,test,chain_r+chain_s,,322,1.0,0.0,0.0,1.0,1.0,0.0,0.0,1.0,1.0,0.0,0.0,1.0,16.382067984213,16.298133850097656,2.1425432132722015,1.0,1.0,1.0,,6.0,1.0
Transformer,scratch,9552,ocdet,two_hole,clean,test,chain_r+chain_s,,351,1.0,0.0,0.0,1.0,1.0,0.0,0.0,1.0,1.0,0.0,0.0,1.0,18.977501509875655,18.871524572372437,0.9285167412309449,1.0,1.0,1.0,,6.0,2.0
Transformer,scratch,9552,ocdet,two_hole,clean,test,chain_r+chain_s,,327,1.0,0.0,0.0,1.0,1.0,0.0,0.0,1.0,1.0,0.0,0.0,1.0,17.832961008453953,18.117514848709106,1.1335412714175563,1.0,1.0,1.0,,6.0,3.0
Transformer,scratch,9552,ocdet,two_hole,clean,test,chain_r+chain_s,,299,1.0,0.0,0.0,1.0,1.0,0.0,0.0,1.0,1.0,0.0,0.0,1.0,19.01781913668017,18.962183713912964,0.8551087461938833,1.0,1.0,1.0,,6.0,4.0
Transformer,scratch,9552,ocdet,two_hole,clean,test,chain_r+chain_s,,333,1.0,0.0,0.0,1.0,1.0,0.0,0.0,1.0,1.0,0.0,0.0,1.0,18.001337073139243,18.243579626083374,1.1397494517154072,1.0,1.0,1.0,,6.0,5.0
Transformer,scratch,9552,ocdet,two_hole,heldout,val,orientation,1.0,1030,1.0,0.0,0.0,1.0,1.0,0.0,0.0,1.0,1.0,0.0,0.0,1.0,18.13515035880422,18.27898907661438,1.1690873790240668,1.0,1.0,1.0,,,
Transformer,scratch,9552,ocdet,two_hole,heldout,val,orientation,2.0,970,1.0,0.0,0.0,1.0,1.0,0.0,0.0,1.0,1.0,0.0,0.0,1.0,17.634740603050773,18.192267060279846,2.336704732452216,1.0,1.0,1.0,,,
Transformer,scratch,9552,ocdet,two_hole,heldout,val,kappa_gap,,613,1.0,0.0,0.0,1.0,1.0,0.0,0.0,1.0,1.0,0.0,0.0,1.0,17.14022939827834,17.40954303741455,1.9962761464428869,1.0,1.0,1.0,1.0,,
Transformer,scratch,9552,ocdet,two_hole,heldout,val,kappa_gap,,557,1.0,0.0,0.0,1.0,1.0,0.0,0.0,1.0,1.0,0.0,0.0,1.0,17.750283115628697,18.005579233169556,1.8156633650910061,1.0,1.0,1.0,2.0,,
Transformer,scratch,9552,ocdet,two_hole,heldout,val,kappa_gap,,432,1.0,0.0,0.0,1.0,1.0,0.0,0.0,1.0,1.0,0.0,0.0,1.0,18.28696072211972,18.577065348625183,1.5587782023352124,1.0,1.0,1.0,3.0,,
Transformer,scratch,9552,ocdet,two_hole,heldout,val,kappa_gap,,251,1.0,0.0,0.0,1.0,1.0,0.0,0.0,1.0,1.0,0.0,0.0,1.0,18.62143091234078,18.721150159835815,1.3308020467952741,1.0,1.0,1.0,4.0,,
Transformer,scratch,9552,ocdet,two_hole,heldout,val,kappa_gap,,147,1.0,0.0,0.0,1.0,1.0,0.0,0.0,1.0,1.0,0.0,0.0,1.0,19.163869027377796,19.12227511405945,1.3288546131413557,1.0,1.0,1.0,5.0,,
Transformer,scratch,9552,ocdet,two_hole,heldout,val,chain_r+chain_s,,78,1.0,0.0,0.0,1.0,1.0,0.0,0.0,1.0,1.0,0.0,0.0,1.0,18.34194757999518,18.25308656692505,1.171155146358649,1.0,1.0,1.0,,1.0,2.0
Transformer,scratch,9552,ocdet,two_hole,heldout,val,chain_r+chain_s,,73,1.0,0.0,0.0,1.0,1.0,0.0,0.0,1.0,1.0,0.0,0.0,1.0,17.63940799072997,17.76406717300415,0.9360279824741994,1.0,1.0,1.0,,1.0,3.0
Transformer,scratch,9552,ocdet,two_hole,heldout,val,chain_r+chain_s,,59,1.0,0.0,0.0,1.0,1.0,0.0,0.0,1.0,1.0,0.0,0.0,1.0,18.481671159550295,18.38905668258667,1.4731147091615757,1.0,1.0,1.0,,1.0,4.0
Transformer,scratch,9552,ocdet,two_hole,heldout,val,chain_r+chain_s,,64,1.0,0.0,0.0,1.0,1.0,0.0,0.0,1.0,1.0,0.0,0.0,1.0,16.576676906552166,17.26271677017212,2.376751101918242,1.0,1.0,1.0,,1.0,5.0
Transformer,scratch,9552,ocdet,two_hole,heldout,val,chain_r+chain_s,,65,1.0,0.0,0.0,1.0,1.0,0.0,0.0,1.0,1.0,0.0,0.0,1.0,18.02821468940148,17.799148321151733,0.9906309633334932,1.0,1.0,1.0,,1.0,6.0
Transformer,scratch,9552,ocdet,two_hole,heldout,val,chain_r+chain_s,,70,1.0,0.0,0.0,1.0,1.0,0.0,0.0,1.0,1.0,0.0,0.0,1.0,16.948821132523673,16.06039249897003,2.052527873824545,1.0,1.0,1.0,,2.0,1.0
Transformer,scratch,9552,ocdet,two_hole,heldout,val,chain_r+chain_s,,75,1.0,0.0,0.0,1.0,1.0,0.0,0.0,1.0,1.0,0.0,0.0,1.0,18.428830471038818,18.806483030319214,1.3201084507710164,1.0,1.0,1.0,,2.0,3.0
Transformer,scratch,9552,ocdet,two_hole,heldout,val,chain_r+chain_s,,70,1.0,0.0,0.0,1.0,1.0,0.0,0.0,1.0,1.0,0.0,0.0,1.0,19.349050215312413,19.54594099521637,1.0757367822093522,1.0,1.0,1.0,,2.0,4.0
Transformer,scratch,9552,ocdet,two_hole,heldout,val,chain_r+chain_s,,73,1.0,0.0,0.0,1.0,1.0,0.0,0.0,1.0,1.0,0.0,0.0,1.0,17.397745491196847,18.02377200126648,1.7647358241271291,1.0,1.0,1.0,,2.0,5.0
Transformer,scratch,9552,ocdet,two_hole,heldout,val,chain_r+chain_s,,73,1.0,0.0,0.0,1.0,1.0,0.0,0.0,1.0,1.0,0.0,0.0,1.0,18.73528151969387,19.14899969100952,1.4754303427328954,1.0,1.0,1.0,,2.0,6.0
Transformer,scratch,9552,ocdet,two_hole,heldout,val,chain_r+chain_s,,73,1.0,0.0,0.0,1.0,1.0,0.0,0.0,1.0,1.0,0.0,0.0,1.0,16.545051263619776,16.543875217437744,2.349079119811046,1.0,1.0,1.0,,3.0,1.0
Transformer,scratch,9552,ocdet,two_hole,heldout,val,chain_r+chain_s,,64,1.0,0.0,0.0,1.0,1.0,0.0,0.0,1.0,1.0,0.0,0.0,1.0,19.122784841805696,19.233916401863098,0.824396278072559,1.0,1.0,1.0,,3.0,2.0
Transformer,scratch,9552,ocdet,two_hole,heldout,val,chain_r+chain_s,,67,1.0,0.0,0.0,1.0,1.0,0.0,0.0,1.0,1.0,0.0,0.0,1.0,19.018868905394825,19.01842474937439,1.1290976301882385,1.0,1.0,1.0,,3.0,4.0
Transformer,scratch,9552,ocdet,two_hole,heldout,val,chain_r+chain_s,,71,1.0,0.0,0.0,1.0,1.0,0.0,0.0,1.0,1.0,0.0,0.0,1.0,16.73751483789422,17.505472660064697,2.5036176388463174,1.0,1.0,1.0,,3.0,5.0
Transformer,scratch,9552,ocdet,two_hole,heldout,val,chain_r+chain_s,,62,1.0,0.0,0.0,1.0,1.0,0.0,0.0,1.0,1.0,0.0,0.0,1.0,18.31612907109722,18.62294101715088,1.5925521903368696,1.0,1.0,1.0,,3.0,6.0
Transformer,scratch,9552,ocdet,two_hole,heldout,val,chain_r+chain_s,,67,1.0,0.0,0.0,1.0,1.0,0.0,0.0,1.0,1.0,0.0,0.0,1.0,16.21429797072909,15.433050155639648,2.202392691459443,1.0,1.0,1.0,,4.0,1.0
Transformer,scratch,9552,ocdet,two_hole,heldout,val,chain_r+chain_s,,62,1.0,0.0,0.0,1.0,1.0,0.0,0.0,1.0,1.0,0.0,0.0,1.0,19.32440015577501,19.21308970451355,0.9703036930410076,1.0,1.0,1.0,,4.0,2.0
Transformer,scratch,9552,ocdet,two_hole,heldout,val,chain_r+chain_s,,58,1.0,0.0,0.0,1.0,1.0,0.0,0.0,1.0,1.0,0.0,0.0,1.0,17.38806291900832,17.848342776298523,1.7322550539570827,1.0,1.0,1.0,,4.0,3.0
Transformer,scratch,9552,ocdet,two_hole,heldout,val,chain_r+chain_s,,72,1.0,0.0,0.0,1.0,1.0,0.0,0.0,1.0,1.0,0.0,0.0,1.0,17.81695206587513,18.073047995567322,1.3526407327568422,1.0,1.0,1.0,,4.0,5.0
Transformer,scratch,9552,ocdet,two_hole,heldout,val,chain_r+chain_s,,73,1.0,0.0,0.0,1.0,1.0,0.0,0.0,1.0,1.0,0.0,0.0,1.0,18.639155164973378,18.96920919418335,1.3203262485407181,1.0,1.0,1.0,,4.0,6.0
Transformer,scratch,9552,ocdet,two_hole,heldout,val,chain_r+chain_s,,63,1.0,0.0,0.0,1.0,1.0,0.0,0.0,1.0,1.0,0.0,0.0,1.0,16.244907485587255,16.42006278038025,1.6743131920396088,1.0,1.0,1.0,,5.0,1.0
Transformer,scratch,9552,ocdet,two_hole,heldout,val,chain_r+chain_s,,57,1.0,0.0,0.0,1.0,1.0,0.0,0.0,1.0,1.0,0.0,0.0,1.0,18.333191629041707,18.2241370677948,1.5480490801041327,1.0,1.0,1.0,,5.0,2.0
Transformer,scratch,9552,ocdet,two_hole,heldout,val,chain_r+chain_s,,67,1.0,0.0,0.0,1.0,1.0,0.0,0.0,1.0,1.0,0.0,0.0,1.0,17.592094222111488,17.414689540863037,0.9667101207035239,1.0,1.0,1.0,,5.0,3.0
Transformer,scratch,9552,ocdet,two_hole,heldout,val,chain_r+chain_s,,65,1.0,0.0,0.0,1.0,1.0,0.0,0.0,1.0,1.0,0.0,0.0,1.0,18.125501596010647,17.607646703720093,1.3976862179726248,1.0,1.0,1.0,,5.0,4.0
Transformer,scratch,9552,ocdet,two_hole,heldout,val,chain_r+chain_s,,65,1.0,0.0,0.0,1.0,1.0,0.0,0.0,1.0,1.0,0.0,0.0,1.0,18.112163452001717,17.84483814239502,1.1849059471993126,1.0,1.0,1.0,,5.0,6.0
Transformer,scratch,9552,ocdet,two_hole,heldout,val,chain_r+chain_s,,52,1.0,0.0,0.0,1.0,1.0,0.0,0.0,1.0,1.0,0.0,0.0,1.0,16.260505206309833,15.805867552757263,2.1788806217406624,1.0,1.0,1.0,,6.0,1.0
Transformer,scratch,9552,ocdet,two_hole,heldout,val,chain_r+chain_s,,65,1.0,0.0,0.0,1.0,1.0,0.0,0.0,1.0,1.0,0.0,0.0,1.0,19.042476668724646,19.13787293434143,1.404925820807447,1.0,1.0,1.0,,6.0,2.0
Transformer,scratch,9552,ocdet,two_hole,heldout,val,chain_r+chain_s,,79,1.0,0.0,0.0,1.0,1.0,0.0,0.0,1.0,1.0,0.0,0.0,1.0,17.914610164074958,18.257047653198242,1.298836955347159,1.0,1.0,1.0,,6.0,3.0
Transformer,scratch,9552,ocdet,two_hole,heldout,val,chain_r+chain_s,,56,1.0,0.0,0.0,1.0,1.0,0.0,0.0,1.0,1.0,0.0,0.0,1.0,19.06968456506729,19.052356600761414,1.103990918588051,1.0,1.0,1.0,,6.0,4.0
Transformer,scratch,9552,ocdet,two_hole,heldout,val,chain_r+chain_s,,62,1.0,0.0,0.0,1.0,1.0,0.0,0.0,1.0,1.0,0.0,0.0,1.0,16.89249937957333,17.856418132781982,2.144111251797338,1.0,1.0,1.0,,6.0,5.0
Transformer,scratch,9552,ocdet,two_hole,heldout,test,orientation,1.0,5051,1.0,0.0,0.0,1.0,1.0,0.0,0.0,1.0,1.0,0.0,0.0,1.0,18.215727482435785,18.32742142677307,1.1196485279309312,1.0,1.0,1.0,,,
Transformer,scratch,9552,ocdet,two_hole,heldout,test,orientation,2.0,4949,1.0,0.0,0.0,1.0,1.0,0.0,0.0,1.0,1.0,0.0,0.0,1.0,17.669620822885808,18.227928400039673,2.3339857092483807,0.9999998775140296,1.0,1.0,,,
Transformer,scratch,9552,ocdet,two_hole,heldout,test,kappa_gap,,3321,1.0,0.0,0.0,1.0,1.0,0.0,0.0,1.0,1.0,0.0,0.0,1.0,17.288658087181492,17.641719579696655,1.9517357963019821,0.9999999093302854,1.0,1.0,1.0,,
Transformer,scratch,9552,ocdet,two_hole,heldout,test,kappa_gap,,2689,1.0,0.0,0.0,1.0,1.0,0.0,0.0,1.0,1.0,0.0,0.0,1.0,17.86287953062575,18.166943311691284,1.7758238966141635,1.0,1.0,1.0,2.0,,
Transformer,scratch,9552,ocdet,two_hole,heldout,test,kappa_gap,,2008,1.0,0.0,0.0,1.0,1.0,0.0,0.0,1.0,1.0,0.0,0.0,1.0,18.28172949439961,18.522990465164185,1.65839343561456,1.0,1.0,1.0,3.0,,
Transformer,scratch,9552,ocdet,two_hole,heldout,test,kappa_gap,,1313,1.0,0.0,0.0,1.0,1.0,0.0,0.0,1.0,1.0,0.0,0.0,1.0,18.70648292358468,18.835072994232178,1.4110080500927857,1.0,1.0,1.0,4.0,,
Transformer,scratch,9552,ocdet,two_hole,heldout,test,kappa_gap,,669,1.0,0.0,0.0,1.0,1.0,0.0,0.0,1.0,1.0,0.0,0.0,1.0,19.034905078387936,19.1142840385437,1.51597659403469,1.0,1.0,1.0,5.0,,
Transformer,scratch,9552,ocdet,two_hole,heldout,test,chain_r+chain_s,,352,1.0,0.0,0.0,1.0,1.0,0.0,0.0,1.0,1.0,0.0,0.0,1.0,18.54450010779229,18.372997164726257,1.3097815716858712,1.0,1.0,1.0,,1.0,2.0
Transformer,scratch,9552,ocdet,two_hole,heldout,test,chain_r+chain_s,,326,1.0,0.0,0.0,1.0,1.0,0.0,0.0,1.0,1.0,0.0,0.0,1.0,17.555416843345377,17.62350106239319,1.044834152387809,1.0,1.0,1.0,,1.0,3.0
Transformer,scratch,9552,ocdet,two_hole,heldout,test,chain_r+chain_s,,323,1.0,0.0,0.0,1.0,1.0,0.0,0.0,1.0,1.0,0.0,0.0,1.0,18.554750251327135,18.419187307357788,1.3622615187165708,1.0,1.0,1.0,,1.0,4.0
Transformer,scratch,9552,ocdet,two_hole,heldout,test,chain_r+chain_s,,334,1.0,0.0,0.0,1.0,1.0,0.0,0.0,1.0,1.0,0.0,0.0,1.0,17.15638914531164,17.610435128211975,1.7471436156354168,1.0,1.0,1.0,,1.0,5.0
Transformer,scratch,9552,ocdet,two_hole,heldout,test,chain_r+chain_s,,339,1.0,0.0,0.0,1.0,1.0,0.0,0.0,1.0,1.0,0.0,0.0,1.0,18.220756717839425,18.102087259292603,1.0625440529464134,1.0,1.0,1.0,,1.0,6.0
Transformer,scratch,9552,ocdet,two_hole,heldout,test,chain_r+chain_s,,353,1.0,0.0,0.0,1.0,1.0,0.0,0.0,1.0,1.0,0.0,0.0,1.0,16.82145775277062,16.438717365264893,2.4342614501694224,1.0,1.0,1.0,,2.0,1.0
Transformer,scratch,9552,ocdet,two_hole,heldout,test,chain_r+chain_s,,316,1.0,0.0,0.0,1.0,1.0,0.0,0.0,1.0,1.0,0.0,0.0,1.0,18.62777917181389,19.00634491443634,1.2510781604446164,1.0,1.0,1.0,,2.0,3.0
Transformer,scratch,9552,ocdet,two_hole,heldout,test,chain_r+chain_s,,325,1.0,0.0,0.0,1.0,1.0,0.0,0.0,1.0,1.0,0.0,0.0,1.0,19.456790017714866,19.69925832748413,1.1588322414845869,1.0,1.0,1.0,,2.0,4.0
Transformer,scratch,9552,ocdet,two_hole,heldout,test,chain_r+chain_s,,297,1.0,0.0,0.0,1.0,1.0,0.0,0.0,1.0,1.0,0.0,0.0,1.0,17.442559757781048,18.1517014503479,1.9308615729141572,1.0,1.0,1.0,,2.0,5.0
Transformer,scratch,9552,ocdet,two_hole,heldout,test,chain_r+chain_s,,341,1.0,0.0,0.0,1.0,1.0,0.0,0.0,1.0,1.0,0.0,0.0,1.0,19.282523492913793,19.590619802474976,0.9844493867395814,1.0,1.0,1.0,,2.0,6.0
Transformer,scratch,9552,ocdet,two_hole,heldout,test,chain_r+chain_s,,345,1.0,0.0,0.0,1.0,1.0,0.0,0.0,1.0,1.0,0.0,0.0,1.0,16.334653791450503,15.839696407318115,2.2947205954897933,1.0,1.0,1.0,,3.0,1.0
Transformer,scratch,9552,ocdet,two_hole,heldout,test,chain_r+chain_s,,346,1.0,0.0,0.0,1.0,1.0,0.0,0.0,1.0,1.0,0.0,0.0,1.0,19.00224597192224,19.094324707984924,0.9253033069106562,1.0,1.0,1.0,,3.0,2.0
Transformer,scratch,9552,ocdet,two_hole,heldout,test,chain_r+chain_s,,346,1.0,0.0,0.0,1.0,1.0,0.0,0.0,1.0,1.0,0.0,0.0,1.0,18.772146903107622,18.941895365715027,1.347902952436762,1.0,1.0,1.0,,3.0,4.0
Transformer,scratch,9552,ocdet,two_hole,heldout,test,chain_r+chain_s,,336,1.0,0.0,0.0,1.0,1.0,0.0,0.0,1.0,1.0,0.0,0.0,1.0,16.900090274179266,17.556830048561096,1.9580973830290944,1.0,1.0,1.0,,3.0,5.0
Transformer,scratch,9552,ocdet,two_hole,heldout,test,chain_r+chain_s,,375,1.0,0.0,0.0,1.0,1.0,0.0,0.0,1.0,1.0,0.0,0.0,1.0,18.46144038762649,18.611220598220825,1.1665222586624846,1.0,1.0,1.0,,3.0,6.0
Transformer,scratch,9552,ocdet,two_hole,heldout,test,chain_r+chain_s,,346,1.0,0.0,0.0,1.0,1.0,0.0,0.0,1.0,1.0,0.0,0.0,1.0,16.29654464535846,15.7541424036026,2.461103313433297,1.0,1.0,1.0,,4.0,1.0
Transformer,scratch,9552,ocdet,two_hole,heldout,test,chain_r+chain_s,,303,1.0,0.0,0.0,1.0,1.0,0.0,0.0,1.0,1.0,0.0,0.0,1.0,19.102909303734403,19.06268858909607,0.9855471080871854,1.0,1.0,1.0,,4.0,2.0
Transformer,scratch,9552,ocdet,two_hole,heldout,test,chain_r+chain_s,,325,1.0,0.0,0.0,1.0,1.0,0.0,0.0,1.0,1.0,0.0,0.0,1.0,17.638509059044033,18.388434171676636,1.9076419560941718,1.0,1.0,1.0,,4.0,3.0
Transformer,scratch,9552,ocdet,two_hole,heldout,test,chain_r+chain_s,,345,1.0,0.0,0.0,1.0,1.0,0.0,0.0,1.0,1.0,0.0,0.0,1.0,17.648119812395315,18.195905923843384,1.7474138279151936,1.0,1.0,1.0,,4.0,5.0
Transformer,scratch,9552,ocdet,two_hole,heldout,test,chain_r+chain_s,,352,1.0,0.0,0.0,1.0,1.0,0.0,0.0,1.0,1.0,0.0,0.0,1.0,18.519205235960808,18.743192434310913,1.3838208790725453,1.0,1.0,1.0,,4.0,6.0
Transformer,scratch,9552,ocdet,two_hole,heldout,test,chain_r+chain_s,,294,1.0,0.0,0.0,1.0,1.0,0.0,0.0,1.0,1.0,0.0,0.0,1.0,16.172448608948258,16.419036030769348,1.4936916959298967,1.0,1.0,1.0,,5.0,1.0
Transformer,scratch,9552,ocdet,two_hole,heldout,test,chain_r+chain_s,,325,1.0,0.0,0.0,1.0,1.0,0.0,0.0,1.0,1.0,0.0,0.0,1.0,18.497137797062212,18.364048719406128,1.5477636392318028,1.0,1.0,1.0,,5.0,2.0
Transformer,scratch,9552,ocdet,two_hole,heldout,test,chain_r+chain_s,,325,1.0,0.0,0.0,1.0,1.0,0.0,0.0,1.0,1.0,0.0,0.0,1.0,17.574757515742228,17.505475282669067,1.2458013356036746,1.0,1.0,1.0,,5.0,3.0
Transformer,scratch,9552,ocdet,two_hole,heldout,test,chain_r+chain_s,,319,1.0,0.0,0.0,1.0,1.0,0.0,0.0,1.0,1.0,0.0,0.0,1.0,18.46065273740822,18.439357042312622,1.4927384515288797,1.0,1.0,1.0,,5.0,4.0
Transformer,scratch,9552,ocdet,two_hole,heldout,test,chain_r+chain_s,,324,1.0,0.0,0.0,1.0,1.0,0.0,0.0,1.0,1.0,0.0,0.0,1.0,18.021825191323405,17.713077783584595,1.3288864235483435,1.0,1.0,1.0,,5.0,6.0
Transformer,scratch,9552,ocdet,two_hole,heldout,test,chain_r+chain_s,,295,1.0,0.0,0.0,1.0,1.0,0.0,0.0,1.0,1.0,0.0,0.0,1.0,15.968543826119374,15.567442417144775,2.2654493933803432,1.0,1.0,1.0,,6.0,1.0
Transformer,scratch,9552,ocdet,two_hole,heldout,test,chain_r+chain_s,,351,1.0,0.0,0.0,1.0,1.0,0.0,0.0,1.0,1.0,0.0,0.0,1.0,18.913067912104463,18.84415030479431,1.1978105106647572,1.0,1.0,1.0,,6.0,2.0
Transformer,scratch,9552,ocdet,two_hole,heldout,test,chain_r+chain_s,,323,1.0,0.0,0.0,1.0,1.0,0.0,0.0,1.0,1.0,0.0,0.0,1.0,17.721998005920888,18.06641149520874,1.447232309782663,1.0,1.0,1.0,,6.0,3.0
Transformer,scratch,9552,ocdet,two_hole,heldout,test,chain_r+chain_s,,365,1.0,0.0,0.0,1.0,1.0,0.0,0.0,1.0,1.0,0.0,0.0,1.0,18.92410461771978,18.891194105148315,1.299109433028244,1.0,1.0,1.0,,6.0,4.0
Transformer,scratch,9552,ocdet,two_hole,heldout,test,chain_r+chain_s,,354,1.0,0.0,0.0,1.0,1.0,0.0,0.0,1.0,1.0,0.0,0.0,1.0,17.34376459066509,17.7677503824234,1.7260280782998274,1.0,1.0,1.0,,6.0,5.0
LSTM,scratch,9550,ocnoisy,two_hole,clean,val,orientation,1.0,1052,0.9600760456273765,0.0,0.039923954372623575,0.9600760456273765,0.9600760456273765,0.0,0.039923954372623575,0.9600760456273765,0.9600760456273765,0.0,0.039923954372623575,0.9600760456273765,1.2249297894565778,1.4007384404540062,0.5282580332009458,0.9797642368691176,0.9486454372623574,0.9724334600760456,,,
LSTM,scratch,9550,ocnoisy,two_hole,clean,val,orientation,2.0,948,0.9746835443037974,0.0,0.02531645569620253,0.9746835443037974,0.9746835443037974,0.0,0.02531645569620253,0.9746835443037974,0.9746835443037974,0.0,0.02531645569620253,0.9746835443037974,1.5217278077884062,1.7392944544553757,0.6022642693050011,0.9783343570296783,0.9641350210970464,0.9841772151898734,,,
LSTM,scratch,9550,ocnoisy,two_hole,clean,val,kappa_gap,,673,0.9197622585438335,0.0,0.08023774145616643,0.9197622585438335,0.9197622585438335,0.0,0.08023774145616643,0.9197622585438335,0.9197622585438335,0.0,0.08023774145616643,0.9197622585438335,1.0454757386959679,1.108569711446762,0.6996787164645272,0.8890422119140087,0.8974739970282318,0.9405646359583952,1.0,,
LSTM,scratch,9550,ocnoisy,two_hole,clean,val,kappa_gap,,511,0.9765166340508806,0.0,0.023483365949119372,0.9765166340508806,0.9765166340508806,0.0,0.023483365949119372,0.9765166340508806,0.9765166340508806,0.0,0.023483365949119372,0.9765166340508806,1.38348736544003,1.5517698377370834,0.536213475982276,0.9565603685647649,0.9628180039138943,0.9882583170254403,2.0,,
LSTM,scratch,9550,ocnoisy,two_hole,clean,val,kappa_gap,,418,1.0,0.0,0.0,1.0,1.0,0.0,0.0,1.0,1.0,0.0,0.0,1.0,1.580206644912941,1.6808381006121635,0.36781800981115087,0.9870366978777958,1.0,1.0,3.0,,
LSTM,scratch,9550,ocnoisy,two_hole,clean,val,kappa_gap,,262,1.0,0.0,0.0,1.0,1.0,0.0,0.0,1.0,1.0,0.0,0.0,1.0,1.6452260425470713,1.7053836211562157,0.2780800971690983,0.9930656721636268,1.0,1.0,4.0,,
LSTM,scratch,9550,ocnoisy,two_hole,clean,val,kappa_gap,,136,1.0,0.0,0.0,1.0,1.0,0.0,0.0,1.0,1.0,0.0,0.0,1.0,1.6844212035922443,1.7013128250837326,0.2002958987264811,1.0,1.0,1.0,5.0,,
LSTM,scratch,9550,ocnoisy,two_hole,clean,val,chain_r+chain_s,,53,1.0,0.0,0.0,1.0,1.0,0.0,0.0,1.0,1.0,0.0,0.0,1.0,1.4175706127623342,1.565056562423706,0.46464354872901215,0.9619081523673906,1.0,1.0,,1.0,2.0
LSTM,scratch,9550,ocnoisy,two_hole,clean,val,chain_r+chain_s,,82,1.0,0.0,0.0,1.0,1.0,0.0,0.0,1.0,1.0,0.0,0.0,1.0,1.3297665280903257,1.5166624411940575,0.49523998134153174,0.942296252230815,1.0,1.0,,1.0,3.0
LSTM,scratch,9550,ocnoisy,two_hole,clean,val,chain_r+chain_s,,58,1.0,0.0,0.0,1.0,1.0,0.0,0.0,1.0,1.0,0.0,0.0,1.0,1.5826776738053765,1.724831484258175,0.405983139150292,0.9872175980975029,1.0,1.0,,1.0,4.0
LSTM,scratch,9550,ocnoisy,two_hole,clean,val,chain_r+chain_s,,60,0.95,0.0,0.05,0.95,0.95,0.0,0.05,0.95,0.95,0.0,0.05,0.95,1.1967628421882788,1.4353004321455956,0.5176208120892616,0.9391666666666666,0.8833333333333333,1.0,,1.0,5.0
LSTM,scratch,9550,ocnoisy,two_hole,clean,val,chain_r+chain_s,,71,0.971830985915493,0.0,0.028169014084507043,0.971830985915493,0.971830985915493,0.0,0.028169014084507043,0.971830985915493,0.971830985915493,0.0,0.028169014084507043,0.971830985915493,1.1418181011374569,1.4798530340194702,0.6368903212573895,0.9190636778416981,0.9295774647887324,1.0,,1.0,6.0
LSTM,scratch,9550,ocnoisy,two_hole,clean,val,chain_r+chain_s,,67,0.9402985074626866,0.0,0.05970149253731343,0.9402985074626866,0.9402985074626866,0.0,0.05970149253731343,0.9402985074626866,0.9402985074626866,0.0,0.05970149253731343,0.9402985074626866,1.4735217525887845,1.556631624698639,0.6515123081757823,0.9752728892849187,0.8805970149253731,0.9850746268656716,,2.0,1.0
LSTM,scratch,9550,ocnoisy,two_hole,clean,val,chain_r+chain_s,,49,0.9795918367346939,0.0,0.02040816326530612,0.9795918367346939,0.9795918367346939,0.0,0.02040816326530612,0.9795918367346939,0.9795918367346939,0.0,0.02040816326530612,0.9795918367346939,1.2824855091012255,1.524474859237671,0.6566382063211833,0.9512703040399834,0.9387755102040817,1.0,,2.0,3.0
LSTM,scratch,9550,ocnoisy,two_hole,clean,val,chain_r+chain_s,,87,1.0,0.0,0.0,1.0,1.0,0.0,0.0,1.0,1.0,0.0,0.0,1.0,1.560756680609166,1.7378804981708527,0.49847028230264023,0.9579865239793895,1.0,1.0,,2.0,4.0
LSTM,scratch,9550,ocnoisy,two_hole,clean,val,chain_r+chain_s,,50,0.96,0.0,0.04,0.96,0.96,0.0,0.04,0.96,0.96,0.0,0.04,0.96,1.4349301585555077,1.6276479735970497,0.5809398057793425,0.9432,0.9,1.0,,2.0,5.0
LSTM,scratch,9550,ocnoisy,two_hole,clean,val,chain_r+chain_s,,70,0.9714285714285714,0.0,0.02857142857142857,0.9714285714285714,0.9714285714285714,0.0,0.02857142857142857,0.9714285714285714,0.9714285714285714,0.0,0.02857142857142857,0.9714285714285714,1.2696879909506866,1.4460693523287773,0.5331515280524418,0.9526530612244898,0.9285714285714286,1.0,,2.0,6.0
LSTM,scratch,9550,ocnoisy,two_hole,clean,val,chain_r+chain_s,,67,0.9701492537313433,0.0,0.029850746268656716,0.9701492537313433,0.9701492537313433,0.0,0.029850746268656716,0.9701492537313433,0.9701492537313433,0.0,0.029850746268656716,0.9701492537313433,1.432090962555871,1.5312200784683228,0.6577998274316793,0.9672532858097572,0.9253731343283582,1.0,,3.0,1.0
LSTM,scratch,9550,ocnoisy,two_hole,clean,val,chain_r+chain_s,,67,0.9701492537313433,0.0,0.029850746268656716,0.9701492537313433,0.9701492537313433,0.0,0.029850746268656716,0.9701492537313433,0.9701492537313433,0.0,0.029850746268656716,0.9701492537313433,1.5500593511248701,1.5415951609611511,0.5403228736407648,0.9852973936288706,0.9253731343283582,1.0,,3.0,2.0
LSTM,scratch,9550,ocnoisy,two_hole,clean,val,chain_r+chain_s,,57,0.9824561403508771,0.0,0.017543859649122806,0.9824561403508771,0.9824561403508771,0.0,0.017543859649122806,0.9824561403508771,0.9824561403508771,0.0,0.017543859649122806,0.9824561403508771,1.3431736415154056,1.5401158034801483,0.5879444108043067,0.9618344105878731,0.9473684210526315,1.0,,3.0,4.0
LSTM,scratch,9550,ocnoisy,two_hole,clean,val,chain_r+chain_s,,69,0.9710144927536232,0.0,0.028985507246376812,0.9710144927536232,0.9710144927536232,0.0,0.028985507246376812,0.9710144927536232,0.9710144927536232,0.0,0.028985507246376812,0.9710144927536232,1.1745586267847945,1.4217802286148071,0.6467478553379029,0.9136735979836169,0.927536231884058,1.0,,3.0,5.0
LSTM,scratch,9550,ocnoisy,two_hole,clean,val,chain_r+chain_s,,71,1.0,0.0,0.0,1.0,1.0,0.0,0.0,1.0,1.0,0.0,0.0,1.0,1.4976672436779654,1.6343499273061752,0.4612629144745818,0.9894862130529657,1.0,1.0,,3.0,6.0
LSTM,scratch,9550,ocnoisy,two_hole,clean,val,chain_r+chain_s,,63,0.9365079365079365,0.0,0.06349206349206349,0.9365079365079365,0.9365079365079365,0.0,0.06349206349206349,0.9365079365079365,0.9365079365079365,0.0,0.06349206349206349,0.9365079365079365,1.472383839152162,1.6724766492843628,0.5415774058041981,0.9622071050642479,0.873015873015873,0.9841269841269841,,4.0,1.0
LSTM,scratch,9550,ocnoisy,two_hole,clean,val,chain_r+chain_s,,78,0.9743589743589743,0.0,0.02564102564102564,0.9743589743589743,0.9743589743589743,0.0,0.02564102564102564,0.9743589743589743,0.9743589743589743,0.0,0.02564102564102564,0.9743589743589743,1.4752522950562148,1.6518153622746468,0.5885837065145788,0.9669625246548323,0.9230769230769231,1.0,,4.0,2.0
LSTM,scratch,9550,ocnoisy,two_hole,clean,val,chain_r+chain_s,,55,1.0,0.0,0.0,1.0,1.0,0.0,0.0,1.0,1.0,0.0,0.0,1.0,1.3492704896764323,1.6316098272800446,0.5985894399448718,0.9457851239669421,1.0,1.0,,4.0,3.0
LSTM,scratch,9550,ocnoisy,two_hole,clean,val,chain_r+chain_s,,60,1.0,0.0,0.0,1.0,1.0,0.0,0.0,1.0,1.0,0.0,0.0,1.0,1.3741401597857474,1.5922621488571167,0.4814673521409791,0.9869444444444445,1.0,1.0,,4.0,5.0
LSTM,scratch,9550,ocnoisy,two_hole,clean,val,chain_r+chain_s,,63,1.0,0.0,0.0,1.0,1.0,0.0,0.0,1.0,1.0,0.0,0.0,1.0,1.228323010579934,1.5378633439540863,0.5814503791833758,0.8992189468379945,1.0,1.0,,4.0,6.0
LSTM,scratch,9550,ocnoisy,two_hole,clean,val,chain_r+chain_s,,82,0.926829268292683,0.0,0.07317073170731707,0.926829268292683,0.926829268292683,0.0,0.07317073170731707,0.926829268292683,0.926829268292683,0.0,0.07317073170731707,0.926829268292683,1.4667531618984735,1.7363299876451492,0.6176913903888834,0.9707019631171921,0.8658536585365854,0.975609756097561,,5.0,1.0
LSTM,scratch,9550,ocnoisy,two_hole,clean,val,chain_r+chain_s,,70,0.9714285714285714,0.0,0.02857142857142857,0.9714285714285714,0.9714285714285714,0.0,0.02857142857142857,0.9714285714285714,0.9714285714285714,0.0,0.02857142857142857,0.9714285714285714,1.5610511678670134,1.7170105874538422,0.4246026678096782,0.9828571428571429,0.9285714285714286,1.0,,5.0,2.0
LSTM,scratch,9550,ocnoisy,two_hole,clean,val,chain_r+chain_s,,74,0.972972972972973,0.0,0.02702702702702703,0.972972972972973,0.972972972972973,0.0,0.02702702702702703,0.972972972972973,0.972972972972973,0.0,0.02702702702702703,0.972972972972973,1.3633799863022726,1.5946618393063545,0.5545474352980186,0.9695032870708546,0.9324324324324325,1.0,,5.0,3.0
LSTM,scratch,9550,ocnoisy,two_hole,clean,val,chain_r+chain_s,,76,0.9736842105263158,0.0,0.02631578947368421,0.9736842105263158,0.9736842105263158,0.0,0.02631578947368421,0.9736842105263158,0.9736842105263158,0.0,0.02631578947368421,0.9736842105263158,1.4158406018426544,1.6453736573457718,0.5168420979898704,0.9823407202216067,0.9342105263157895,1.0,,5.0,4.0
LSTM,scratch,9550,ocnoisy,two_hole,clean,val,chain_r+chain_s,,62,0.967741935483871,0.0,0.03225806451612903,0.967741935483871,0.967741935483871,0.0,0.03225806451612903,0.967741935483871,0.967741935483871,0.0,0.03225806451612903,0.967741935483871,1.1971234349954514,1.323827363550663,0.5541375568949783,0.9469302809573362,0.9193548387096774,1.0,,5.0,6.0
LSTM,scratch,9550,ocnoisy,two_hole,clean,val,chain_r+chain_s,,69,0.927536231884058,0.0,0.07246376811594203,0.927536231884058,0.927536231884058,0.0,0.07246376811594203,0.927536231884058,0.927536231884058,0.0,0.07246376811594203,0.927536231884058,1.290781593517117,1.428933098912239,0.5952680507482767,0.9243856332703214,0.8695652173913043,0.9855072463768116,,6.0,1.0
LSTM,scratch,9550,ocnoisy,two_hole,clean,val,chain_r+chain_s,,73,0.9315068493150684,0.0,0.0684931506849315,0.9315068493150684,0.9315068493150684,0.0,0.0684931506849315,0.9315068493150684,0.9315068493150684,0.0,0.0684931506849315,0.9315068493150684,1.3574535372118428,1.6600594520568848,0.6641337336424303,0.907862638393695,0.863013698630137,0.9863013698630136,,6.0,2.0
LSTM,scratch,9550,ocnoisy,two_hole,clean,val,chain_r+chain_s,,57,0.9298245614035088,0.0,0.07017543859649122,0.9298245614035088,0.9298245614035088,0.0,0.07017543859649122,0.9298245614035088,0.9298245614035088,0.0,0.07017543859649122,0.9298245614035088,1.296089630247208,1.4719563126564026,0.617177801237667,0.9205909510618652,0.8596491228070176,0.9824561403508771,,6.0,3.0
LSTM,scratch,9550,ocnoisy,two_hole,clean,val,chain_r+chain_s,,78,0.9230769230769231,0.0,0.07692307692307693,0.9230769230769231,0.9230769230769231,0.0,0.07692307692307693,0.9230769230769231,0.9230769230769231,0.0,0.07692307692307693,0.9230769230769231,1.1706388691105905,1.2742576114833355,0.6177745558335774,0.9408284023668639,0.8589743589743589,0.9743589743589743,,6.0,4.0
LSTM,scratch,9550,ocnoisy,two_hole,clean,val,chain_r+chain_s,,62,0.9193548387096774,0.0,0.08064516129032258,0.9193548387096774,0.9193548387096774,0.0,0.08064516129032258,0.9193548387096774,0.9193548387096774,0.0,0.08064516129032258,0.9193548387096774,1.1803102102731504,1.33106729388237,0.6553310147526742,0.8769510926118625,0.8548387096774194,0.9838709677419355,,6.0,5.0
LSTM,scratch,9550,ocnoisy,two_hole,clean,test,orientation,1.0,5099,0.9548931162973132,0.0,0.0451068837026868,0.9548931162973132,0.9548931162973132,0.0,0.0451068837026868,0.9548931162973132,0.9548931162973132,0.0,0.0451068837026868,0.9548931162973132,1.1930637043141155,1.3659187108278275,0.5444602168424889,0.9758948155026264,0.9490096097273976,0.9601882722102373,,,
LSTM,scratch,9550,ocnoisy,two_hole,clean,test,orientation,2.0,4901,0.957151601713936,0.0,0.04284839828606407,0.957151601713936,0.957151601713936,0.0,0.04284839828606407,0.957151601713936,0.957151601713936,0.0,0.04284839828606407,0.957151601713936,1.4934758884572685,1.7322020828723907,0.6702965595171445,0.9704709044009149,0.9512344419506223,0.9626606814935728,,,
LSTM,scratch,9550,ocnoisy,two_hole,clean,test,kappa_gap,,3399,0.8937922918505443,0.0,0.10620770814945572,0.8937922918505443,0.8937922918505443,0.0,0.10620770814945572,0.8937922918505443,0.8937922918505443,0.0,0.10620770814945572,0.8937922918505443,0.9752677496227842,1.10406693816185,0.753119919776339,0.8669425901964314,0.8829067372756693,0.9035083848190645,1.0,,
LSTM,scratch,9550,ocnoisy,two_hole,clean,test,kappa_gap,,2701,0.9726027397260274,0.0,0.0273972602739726,0.9726027397260274,0.9726027397260274,0.0,0.0273972602739726,0.9726027397260274,0.9726027397260274,0.0,0.0273972602739726,0.9726027397260274,1.3965945049640383,1.587185189127922,0.547787784026583,0.9585954219651531,0.9663087745279526,0.9788967049241022,2.0,,
LSTM,scratch,9550,ocnoisy,two_hole,clean,test,kappa_gap,,1974,0.997467071935157,0.0,0.0025329280648429585,0.997467071935157,0.997467071935157,0.0,0.0025329280648429585,0.997467071935157,0.997467071935157,0.0,0.0025329280648429585,0.997467071935157,1.5814390497540691,1.678740344941616,0.3787661739786538,0.9852887435342328,0.9954407294832827,0.9994934143870314,3.0,,
LSTM,scratch,9550,ocnoisy,two_hole,clean,test,kappa_gap,,1310,1.0,0.0,0.0,1.0,1.0,0.0,0.0,1.0,1.0,0.0,0.0,1.0,1.6494097304310051,1.6989082545042038,0.28852025796799163,0.9936378998892837,1.0,1.0,4.0,,
LSTM,scratch,9550,ocnoisy,two_hole,clean,test,kappa_gap,,616,1.0,0.0,0.0,1.0,1.0,0.0,0.0,1.0,1.0,0.0,0.0,1.0,1.677488454012805,1.6999968439340591,0.24504845140102383,0.9989036937088885,1.0,1.0,5.0,,
LSTM,scratch,9550,ocnoisy,two_hole,clean,test,chain_r+chain_s,,351,0.9658119658119658,0.0,0.03418803418803419,0.9658119658119658,0.9658119658119658,0.0,0.03418803418803419,0.9658119658119658,0.9658119658119658,0.0,0.03418803418803419,0.9658119658119658,1.3255443857011633,1.5598716288805008,0.721269440339847,0.937938815431693,0.9458689458689459,0.9857549857549858,,1.0,2.0
LSTM,scratch,9550,ocnoisy,two_hole,clean,test,chain_r+chain_s,,337,0.9643916913946587,0.0,0.03560830860534125,0.9643916913946587,0.9643916913946587,0.0,0.03560830860534125,0.9643916913946587,0.9643916913946587,0.0,0.03560830860534125,0.9643916913946587,1.16708441624744,1.3859596848487854,0.6510040005367637,0.8864478863070029,0.9406528189910979,0.9821958456973294,,1.0,3.0
LSTM,scratch,9550,ocnoisy,two_hole,clean,test,chain_r+chain_s,,365,1.0,0.0,0.0,1.0,1.0,0.0,0.0,1.0,1.0,0.0,0.0,1.0,1.5271435962352033,1.6777060627937317,0.43713931967100134,0.9803865640833177,1.0,1.0,,1.0,4.0
LSTM,scratch,9550,ocnoisy,two_hole,clean,test,chain_r+chain_s,,329,0.9635258358662614,0.0,0.0364741641337386,0.9635258358662614,0.9635258358662614,0.0,0.0364741641337386,0.9635258358662614,0.9635258358662614,0.0,0.0364741641337386,0.9635258358662614,1.1188577261150427,1.2945360243320465,0.521163078236221,0.9187184153878845,0.9422492401215805,0.9848024316109423,,1.0,5.0
LSTM,scratch,9550,ocnoisy,two_hole,clean,test,chain_r+chain_s,,309,0.9902912621359223,0.0,0.009708737864077669,0.9902912621359223,0.9902912621359223,0.0,0.009708737864077669,0.9902912621359223,0.9902912621359223,0.0,0.009708737864077669,0.9902912621359223,1.265985939832567,1.541218250989914,0.5802275085248955,0.948691362679486,0.9773462783171522,1.0,,1.0,6.0
LSTM,scratch,9550,ocnoisy,two_hole,clean,test,chain_r+chain_s,,362,0.9171270718232044,0.0,0.08287292817679558,0.9171270718232044,0.9171270718232044,0.0,0.08287292817679558,0.9171270718232044,0.9171270718232044,0.0,0.08287292817679558,0.9171270718232044,1.4936377595060437,1.642643615603447,0.7371125262686891,0.9621272244436982,0.8839779005524862,0.9447513812154696,,2.0,1.0
LSTM,scratch,9550,ocnoisy,two_hole,clean,test,chain_r+chain_s,,353,0.9688385269121813,0.0,0.031161473087818695,0.9688385269121813,0.9688385269121813,0.0,0.031161473087818695,0.9688385269121813,0.9688385269121813,0.0,0.031161473087818695,0.9688385269121813,1.397232554641898,1.6344893872737885,0.6867241583793547,0.9530290749464324,0.9490084985835694,0.9858356940509915,,2.0,3.0
LSTM,scratch,9550,ocnoisy,two_hole,clean,test,chain_r+chain_s,,363,0.9862258953168044,0.0,0.013774104683195593,0.9862258953168044,0.9862258953168044,0.0,0.013774104683195593,0.9862258953168044,0.9862258953168044,0.0,0.013774104683195593,0.9862258953168044,1.3392427807504481,1.5845660418272018,0.6119152798129439,0.9268340808536151,0.9752066115702479,0.9972451790633609,,2.0,4.0
LSTM,scratch,9550,ocnoisy,two_hole,clean,test,chain_r+chain_s,,346,0.9739884393063584,0.0,0.02601156069364162,0.9739884393063584,0.9739884393063584,0.0,0.02601156069364162,0.9739884393063584,0.9739884393063584,0.0,0.02601156069364162,0.9739884393063584,1.4039727290500106,1.5828356742858887,0.6023296190078441,0.9652928597681179,0.9566473988439307,0.9884393063583815,,2.0,5.0
LSTM,scratch,9550,ocnoisy,two_hole,clean,test,chain_r+chain_s,,341,0.9912023460410557,0.0,0.008797653958944282,0.9912023460410557,0.9912023460410557,0.0,0.008797653958944282,0.9912023460410557,0.9912023460410557,0.0,0.008797653958944282,0.9912023460410557,1.231730676597514,1.4036823511123657,0.5494227565484254,0.9489340476948083,0.9794721407624634,1.0,,2.0,6.0
LSTM,scratch,9550,ocnoisy,two_hole,clean,test,chain_r+chain_s,,362,0.9530386740331491,0.0,0.04696132596685083,0.9530386740331491,0.9530386740331491,0.0,0.04696132596685083,0.9530386740331491,0.9530386740331491,0.0,0.04696132596685083,0.9530386740331491,1.4721421311038305,1.569473534822464,0.6077901406419068,0.9643020664814871,0.930939226519337,0.9723756906077348,,3.0,1.0
LSTM,scratch,9550,ocnoisy,two_hole,clean,test,chain_r+chain_s,,319,0.9153605015673981,0.0,0.08463949843260188,0.9153605015673981,0.9153605015673981,0.0,0.08463949843260188,0.9153605015673981,0.9153605015673981,0.0,0.08463949843260188,0.9153605015673981,1.4822965125818985,1.8321317732334137,0.7062788340442928,0.9558770059256493,0.8870689655172413,0.9435736677115988,,3.0,2.0
LSTM,scratch,9550,ocnoisy,two_hole,clean,test,chain_r+chain_s,,308,0.9772727272727273,0.0,0.022727272727272728,0.9772727272727273,0.9772727272727273,0.0,0.022727272727272728,0.9772727272727273,0.9772727272727273,0.0,0.022727272727272728,0.9772727272727273,1.447697908000706,1.6425512582063675,0.6327345368389604,0.9763872491145218,0.9577922077922078,0.9935064935064936,,3.0,4.0
LSTM,scratch,9550,ocnoisy,two_hole,clean,test,chain_r+chain_s,,316,0.9841772151898734,0.0,0.015822784810126583,0.9841772151898734,0.9841772151898734,0.0,0.015822784810126583,0.9841772151898734,0.9841772151898734,0.0,0.015822784810126583,0.9841772151898734,1.2605967049168636,1.4799122661352158,0.6083587014658535,0.9309806120813972,0.9683544303797469,0.9968354430379747,,3.0,5.0
LSTM,scratch,9550,ocnoisy,two_hole,clean,test,chain_r+chain_s,,312,0.9775641025641025,0.0,0.022435897435897436,0.9775641025641025,0.9775641025641025,0.0,0.022435897435897436,0.9775641025641025,0.9775641025641025,0.0,0.022435897435897436,0.9775641025641025,1.4867206861575444,1.6449386030435562,0.5308410416798529,0.9802247698882315,0.9583333333333334,0.9935897435897436,,3.0,6.0
LSTM,scratch,9550,ocnoisy,two_hole,clean,test,chain_r+chain_s,,319,0.9529780564263323,0.0,0.047021943573667714,0.9529780564263323,0.9529780564263323,0.0,0.047021943573667714,0.9529780564263323,0.9529780564263323,0.0,0.047021943573667714,0.9529780564263323,1.4539443403248877,1.6657265275716782,0.5514417064012835,0.9589430135317066,0.9278996865203761,0.9749216300940439,,4.0,1.0
LSTM,scratch,9550,ocnoisy,two_hole,clean,test,chain_r+chain_s,,297,0.9562289562289562,0.0,0.04377104377104377,0.9562289562289562,0.9562289562289562,0.0,0.04377104377104377,0.9562289562289562,0.9562289562289562,0.0,0.04377104377104377,0.9562289562289562,1.4202291032280585,1.6511533558368683,0.5756950973374513,0.9573399539729506,0.9326599326599326,0.9764309764309764,,4.0,2.0
LSTM,scratch,9550,ocnoisy,two_hole,clean,test,chain_r+chain_s,,352,0.9715909090909091,0.0,0.028409090909090908,0.9715909090909091,0.9715909090909091,0.0,0.028409090909090908,0.9715909090909091,0.9715909090909091,0.0,0.028409090909090908,0.9715909090909091,1.349144287788394,1.6389369517564774,0.6326313935074889,0.9453044292355373,0.9545454545454546,0.9857954545454546,,4.0,3.0
LSTM,scratch,9550,ocnoisy,two_hole,clean,test,chain_r+chain_s,,320,0.971875,0.0,0.028125,0.971875,0.971875,0.0,0.028125,0.971875,0.971875,0.0,0.028125,0.971875,1.312869538110681,1.5711290910840034,0.6320775083825704,0.9583984375,0.953125,0.990625,,4.0,5.0
LSTM,scratch,9550,ocnoisy,two_hole,clean,test,chain_r+chain_s,,348,0.9626436781609196,0.0,0.03735632183908046,0.9626436781609196,0.9626436781609196,0.0,0.03735632183908046,0.9626436781609196,0.9626436781609196,0.0,0.03735632183908046,0.9626436781609196,1.2489741536863577,1.4950209520757198,0.5968211178189474,0.918929184832871,0.9424568965517242,0.9798850574712644,,4.0,6.0
LSTM,scratch,9550,ocnoisy,two_hole,clean,test,chain_r+chain_s,,325,0.9353846153846154,0.0,0.06461538461538462,0.9353846153846154,0.9353846153846154,0.0,0.06461538461538462,0.9353846153846154,0.9353846153846154,0.0,0.06461538461538462,0.9353846153846154,1.4509398021147801,1.7442915439605713,0.6442413434065141,0.9639005917159764,0.9076923076923077,0.96,,5.0,1.0
LSTM,scratch,9550,ocnoisy,two_hole,clean,test,chain_r+chain_s,,362,0.9447513812154696,0.0,0.055248618784530384,0.9447513812154696,0.9447513812154696,0.0,0.055248618784530384,0.9447513812154696,0.9447513812154696,0.0,0.055248618784530384,0.9447513812154696,1.3838036916120935,1.6905427724123,0.6340243880479343,0.949345258081255,0.919889502762431,0.9668508287292817,,5.0,2.0
LSTM,scratch,9550,ocnoisy,two_hole,clean,test,chain_r+chain_s,,305,0.9475409836065574,0.0,0.05245901639344262,0.9475409836065574,0.9475409836065574,0.0,0.05245901639344262,0.9475409836065574,0.9475409836065574,0.0,0.05245901639344262,0.9475409836065574,1.3842079713696338,1.6671075224876404,0.5802028000803368,0.9666648750335931,0.921311475409836,0.9704918032786886,,5.0,3.0
LSTM,scratch,9550,ocnoisy,two_hole,clean,test,chain_r+chain_s,,334,0.9610778443113772,0.0,0.038922155688622756,0.9610778443113772,0.9610778443113772,0.0,0.038922155688622756,0.9610778443113772,0.9610778443113772,0.0,0.038922155688622756,0.9610778443113772,1.3943437801863618,1.6790343075990677,0.5646375327763536,0.9780648284269784,0.9401197604790419,0.9820359281437125,,5.0,4.0
LSTM,scratch,9550,ocnoisy,two_hole,clean,test,chain_r+chain_s,,333,0.9429429429429429,0.0,0.057057057057057055,0.9429429429429429,0.9429429429429429,0.0,0.057057057057057055,0.9429429429429429,0.9429429429429429,0.0,0.057057057057057055,0.9429429429429429,1.0634381301454954,1.2714820206165314,0.6973175372419921,0.9231032834636439,0.9188438438438439,0.9669669669669669,,5.0,6.0
LSTM,scratch,9550,ocnoisy,two_hole,clean,test,chain_r+chain_s,,322,0.8881987577639752,0.0,0.11180124223602485,0.8881987577639752,0.8881987577639752,0.0,0.11180124223602485,0.8881987577639752,0.8881987577639752,0.0,0.11180124223602485,0.8881987577639752,1.2263308867858433,1.4254570826888084,0.7057994420464121,0.8970911616064196,0.8509316770186336,0.9192546583850931,,6.0,1.0
LSTM,scratch,9550,ocnoisy,two_hole,clean,test,chain_r+chain_s,,351,0.9344729344729344,0.0,0.06552706552706553,0.9344729344729344,0.9344729344729344,0.0,0.06552706552706553,0.9344729344729344,0.9344729344729344,0.0,0.06552706552706553,0.9344729344729344,1.2887014640956862,1.4152262955904007,0.6323650025081915,0.9254632673436092,0.905982905982906,0.9629629629629629,,6.0,2.0
LSTM,scratch,9550,ocnoisy,two_hole,clean,test,chain_r+chain_s,,327,0.9296636085626911,0.0,0.07033639143730887,0.9296636085626911,0.9296636085626911,0.0,0.07033639143730887,0.9296636085626911,0.9296636085626911,0.0,0.07033639143730887,0.9296636085626911,1.3143836299715057,1.4122901111841202,0.5721571955045386,0.9406989684744083,0.8990825688073395,0.9541284403669725,,6.0,3.0
LSTM,scratch,9550,ocnoisy,two_hole,clean,test,chain_r+chain_s,,299,0.9297658862876255,0.0,0.07023411371237458,0.9297658862876255,0.9297658862876255,0.0,0.07023411371237458,0.9297658862876255,0.9297658862876255,0.0,0.07023411371237458,0.9297658862876255,1.2514693188328407,1.3147972226142883,0.587376120377096,0.9470252010603909,0.8996655518394648,0.9565217391304348,,6.0,4.0
LSTM,scratch,9550,ocnoisy,two_hole,clean,test,chain_r+chain_s,,333,0.9159159159159159,0.0,0.08408408408408409,0.9159159159159159,0.9159159159159159,0.0,0.08408408408408409,0.9159159159159159,0.9159159159159159,0.0,0.08408408408408409,0.9159159159159159,1.2221163851139065,1.3153590857982635,0.5933631007195207,0.9193878563247933,0.8888888888888888,0.9429429429429429,,6.0,5.0
LSTM,scratch,9550,ocnoisy,two_hole,heldout,val,orientation,1.0,1030,0.8553398058252427,0.0,0.14466019417475728,0.8553398058252427,0.8553398058252427,0.0,0.14466019417475728,0.8553398058252427,0.8553398058252427,0.0,0.14466019417475728,0.8553398058252427,0.6859003319829992,0.6204939931631088,0.6143367301833014,0.8740069752097276,0.8339805825242719,0.874757281553398,,,
LSTM,scratch,9550,ocnoisy,two_hole,heldout,val,orientation,2.0,970,0.822680412371134,0.0,0.177319587628866,0.822680412371134,0.822680412371134,0.0,0.177319587628866,0.822680412371134,0.822680412371134,0.0,0.177319587628866,0.822680412371134,0.8204469681323804,0.8845343738794327,0.8527266556611601,0.8235827399298543,0.797938144329897,0.8453865979381443,,,
LSTM,scratch,9550,ocnoisy,two_hole,heldout,val,kappa_gap,,613,0.7846655791190864,0.0,0.21533442088091354,0.7846655791190864,0.7846655791190864,0.0,0.21533442088091354,0.7846655791190864,0.7846655791190864,0.0,0.21533442088091354,0.7846655791190864,0.5163264197417418,0.4184778332710266,0.6586211517736258,0.7524809124754837,0.7536704730831973,0.8156606851549756,1.0,,
LSTM,scratch,9550,ocnoisy,two_hole,heldout,val,kappa_gap,,557,0.8527827648114902,0.0,0.14721723518850988,0.8527827648114902,0.8527827648114902,0.0,0.14721723518850988,0.8527827648114902,0.8527827648114902,0.0,0.14721723518850988,0.8527827648114902,0.7570428809475428,0.7179256677627563,0.7319265976300997,0.843954372133351,0.8204219030520646,0.8797127468581688,2.0,,
LSTM,scratch,9550,ocnoisy,two_hole,heldout,val,kappa_gap,,432,0.875,0.0,0.125,0.875,0.875,0.0,0.125,0.875,0.875,0.0,0.125,0.875,0.8675904887624912,0.9282438009977341,0.7433788911960587,0.889585476680384,0.8425925925925926,0.9050925925925926,3.0,,
LSTM,scratch,9550,ocnoisy,two_hole,heldout,val,kappa_gap,,251,0.848605577689243,0.0,0.15139442231075698,0.848605577689243,0.848605577689243,0.0,0.15139442231075698,0.848605577689243,0.848605577689243,0.0,0.15139442231075698,0.848605577689243,0.9564057970308213,1.1617572158575058,0.7746819275239423,0.903096776241647,0.8047808764940239,0.8885458167330677,4.0,,
LSTM,scratch,9550,ocnoisy,two_hole,heldout,val,kappa_gap,,147,0.8979591836734694,0.0,0.10204081632653061,0.8979591836734694,0.8979591836734694,0.0,0.10204081632653061,0.8979591836734694,0.8979591836734694,0.0,0.10204081632653061,0.8979591836734694,1.015462413886372,1.28804050385952,0.7777377276852504,0.9008746355685131,0.8503401360544217,0.9455782312925171,5.0,,
LSTM,scratch,9550,ocnoisy,two_hole,heldout,val,chain_r+chain_s,,78,0.9358974358974359,0.0,0.0641025641025641,0.9358974358974359,0.9358974358974359,0.0,0.0641025641025641,0.9358974358974359,0.9358974358974359,0.0,0.0641025641025641,0.9358974358974359,0.9183873909597213,0.9839983284473419,0.6078444273313155,0.8809993425378042,0.8846153846153846,0.9871794871794872,,1.0,2.0
LSTM,scratch,9550,ocnoisy,two_hole,heldout,val,chain_r+chain_s,,73,0.958904109589041,0.0,0.0410958904109589,0.958904109589041,0.958904109589041,0.0,0.0410958904109589,0.958904109589041,0.958904109589041,0.0,0.0410958904109589,0.958904109589041,0.856149345126054,0.7877888381481171,0.6096914271140232,0.8577594295364983,0.9041095890410958,1.0,,1.0,3.0
LSTM,scratch,9550,ocnoisy,two_hole,heldout,val,chain_r+chain_s,,59,0.9152542372881356,0.0,0.0847457627118644,0.9152542372881356,0.9152542372881356,0.0,0.0847457627118644,0.9152542372881356,0.9152542372881356,0.0,0.0847457627118644,0.9152542372881356,0.9587376843822204,1.0809612274169922,0.7050007707079428,0.8839413961505315,0.847457627118644,0.9830508474576272,,1.0,4.0
LSTM,scratch,9550,ocnoisy,two_hole,heldout,val,chain_r+chain_s,,64,0.75,0.0,0.25,0.75,0.75,0.0,0.25,0.75,0.75,0.0,0.25,0.75,0.5216151484055445,0.6501308977603912,0.8098842893271806,0.726806640625,0.640625,0.84375,,1.0,5.0
LSTM,scratch,9550,ocnoisy,two_hole,heldout,val,chain_r+chain_s,,65,0.8153846153846154,0.0,0.18461538461538463,0.8153846153846154,0.8153846153846154,0.0,0.18461538461538463,0.8153846153846154,0.8153846153846154,0.0,0.18461538461538463,0.8153846153846154,0.6147774868286573,0.4395028054714203,0.6615460367653453,0.8492307692307692,0.7230769230769231,0.9076923076923077,,1.0,6.0
LSTM,scratch,9550,ocnoisy,two_hole,heldout,val,chain_r+chain_s,,70,0.9285714285714286,0.0,0.07142857142857142,0.9285714285714286,0.9285714285714286,0.0,0.07142857142857142,0.9285714285714286,0.9285714285714286,0.0,0.07142857142857142,0.9285714285714286,1.164832307611193,1.303531862795353,0.8086287360858851,0.9295918367346938,0.8714285714285714,0.9857142857142858,,2.0,1.0
LSTM,scratch,9550,ocnoisy,two_hole,heldout,val,chain_r+chain_s,,75,0.8,0.0,0.2,0.8,0.8,0.0,0.2,0.8,0.8,0.0,0.2,0.8,0.8126577068368593,0.987099289894104,0.8294975404793652,0.8398222222222222,0.7066666666666667,0.88,,2.0,3.0
LSTM,scratch,9550,ocnoisy,two_hole,heldout,val,chain_r+chain_s,,70,0.9285714285714286,0.0,0.07142857142857142,0.9285714285714286,0.9285714285714286,0.0,0.07142857142857142,0.9285714285714286,0.9285714285714286,0.0,0.07142857142857142,0.9285714285714286,0.8954350003174373,0.935139462351799,0.6826645818442771,0.8755102040816325,0.8571428571428571,0.9857142857142858,,2.0,4.0
LSTM,scratch,9550,ocnoisy,two_hole,heldout,val,chain_r+chain_s,,73,0.7945205479452054,0.0,0.2054794520547945,0.7945205479452054,0.7945205479452054,0.0,0.2054794520547945,0.7945205479452054,0.7945205479452054,0.0,0.2054794520547945,0.7945205479452054,0.5145033744916524,0.44117748737335205,0.7601447280435353,0.7492963032463876,0.6986301369863014,0.8767123287671232,,2.0,5.0
LSTM,scratch,9550,ocnoisy,two_hole,heldout,val,chain_r+chain_s,,73,0.8493150684931506,0.0,0.1506849315068493,0.8493150684931506,0.8493150684931506,0.0,0.1506849315068493,0.8493150684931506,0.8493150684931506,0.0,0.1506849315068493,0.8493150684931506,0.752428996236357,0.755752444267273,0.6923054415239283,0.8399324451116532,0.7671232876712328,0.9315068493150684,,2.0,6.0
LSTM,scratch,9550,ocnoisy,two_hole,heldout,val,chain_r+chain_s,,73,0.9315068493150684,0.0,0.0684931506849315,0.9315068493150684,0.9315068493150684,0.0,0.0684931506849315,0.9315068493150684,0.9315068493150684,0.0,0.0684931506849315,0.9315068493150684,1.0821018529264894,1.1617572158575058,0.6662470814568089,0.9343216363295178,0.863013698630137,0.9863013698630136,,3.0,1.0
LSTM,scratch,9550,ocnoisy,two_hole,heldout,val,chain_r+chain_s,,64,0.796875,0.0,0.203125,0.796875,0.796875,0.0,0.203125,0.796875,0.796875,0.0,0.203125,0.796875,0.8411592409247532,0.9587084576487541,0.8359168779149428,0.861328125,0.6875,0.890625,,3.0,2.0
LSTM,scratch,9550,ocnoisy,two_hole,heldout,val,chain_r+chain_s,,67,0.8805970149253731,0.0,0.11940298507462686,0.8805970149253731,0.8805970149253731,0.0,0.11940298507462686,0.8805970149253731,0.8805970149253731,0.0,0.11940298507462686,0.8805970149253731,0.7921266744830715,0.681782066822052,0.7505568754016397,0.8690131432390287,0.8059701492537313,0.9552238805970149,,3.0,4.0
LSTM,scratch,9550,ocnoisy,two_hole,heldout,val,chain_r+chain_s,,71,0.9295774647887324,0.0,0.07042253521126761,0.9295774647887324,0.9295774647887324,0.0,0.07042253521126761,0.9295774647887324,0.9295774647887324,0.0,0.07042253521126761,0.9295774647887324,0.6138942523951262,0.5255234837532043,0.5845248634940826,0.8097599682602659,0.8591549295774648,0.9859154929577465,,3.0,5.0
LSTM,scratch,9550,ocnoisy,two_hole,heldout,val,chain_r+chain_s,,62,0.8225806451612904,0.0,0.1774193548387097,0.8225806451612904,0.8225806451612904,0.0,0.1774193548387097,0.8225806451612904,0.8225806451612904,0.0,0.1774193548387097,0.8225806451612904,0.6542530571741443,0.586951494216919,0.7284757952084535,0.8368886576482831,0.7258064516129032,0.9193548387096774,,3.0,6.0
LSTM,scratch,9550,ocnoisy,two_hole,heldout,val,chain_r+chain_s,,67,0.9253731343283582,0.0,0.07462686567164178,0.9253731343283582,0.9253731343283582,0.0,0.07462686567164178,0.9253731343283582,0.9253731343283582,0.0,0.07462686567164178,0.9253731343283582,1.236671796151951,1.4523773789405823,0.6398939772234579,0.9688126531521497,0.8507462686567164,0.9850746268656716,,4.0,1.0
LSTM,scratch,9550,ocnoisy,two_hole,heldout,val,chain_r+chain_s,,62,0.8548387096774194,0.0,0.14516129032258066,0.8548387096774194,0.8548387096774194,0.0,0.14516129032258066,0.8548387096774194,0.8548387096774194,0.0,0.14516129032258066,0.8548387096774194,1.1156861792889334,1.552786260843277,0.7894947981933619,0.9216961498439127,0.7737903225806452,0.9354838709677419,,4.0,2.0
LSTM,scratch,9550,ocnoisy,two_hole,heldout,val,chain_r+chain_s,,58,0.7586206896551724,0.0,0.2413793103448276,0.7586206896551724,0.7586206896551724,0.0,0.2413793103448276,0.7586206896551724,0.7586206896551724,0.0,0.2413793103448276,0.7586206896551724,0.6679630020055277,0.4598909988999367,0.8018337380739973,0.8035077288941737,0.6379310344827587,0.8620689655172413,,4.0,3.0
LSTM,scratch,9550,ocnoisy,two_hole,heldout,val,chain_r+chain_s,,72,0.6111111111111112,0.0,0.3888888888888889,0.6111111111111112,0.6111111111111112,0.0,0.3888888888888889,0.6111111111111112,0.6111111111111112,0.0,0.3888888888888889,0.6111111111111112,0.35691590627862346,0.0693468302488327,0.7119777422229143,0.6786265432098766,0.5,0.7361111111111112,,4.0,5.0
LSTM,scratch,9550,ocnoisy,two_hole,heldout,val,chain_r+chain_s,,73,0.8493150684931506,0.0,0.1506849315068493,0.8493150684931506,0.8493150684931506,0.0,0.1506849315068493,0.8493150684931506,0.8493150684931506,0.0,0.1506849315068493,0.8493150684931506,0.570274424981581,0.4632216691970825,0.557695659382584,0.8106586601613812,0.7671232876712328,0.9315068493150684,,4.0,6.0
LSTM,scratch,9550,ocnoisy,two_hole,heldout,val,chain_r+chain_s,,63,0.873015873015873,0.0,0.12698412698412698,0.873015873015873,0.873015873015873,0.0,0.12698412698412698,0.873015873015873,0.873015873015873,0.0,0.12698412698412698,0.873015873015873,0.8344517247307868,0.7613615095615387,0.6489111984032689,0.8669690098261527,0.7936507936507936,0.9369047619047616,,5.0,1.0
LSTM,scratch,9550,ocnoisy,two_hole,heldout,val,chain_r+chain_s,,57,0.8596491228070176,0.0,0.14035087719298245,0.8596491228070176,0.8596491228070176,0.0,0.14035087719298245,0.8596491228070176,0.8596491228070176,0.0,0.14035087719298245,0.8596491228070176,0.8472644616114465,0.9094332456588745,0.6704810582659257,0.894429055093875,0.7543859649122807,0.9473684210526315,,5.0,2.0
LSTM,scratch,9550,ocnoisy,two_hole,heldout,val,chain_r+chain_s,,67,0.8059701492537313,0.0,0.19402985074626866,0.8059701492537313,0.8059701492537313,0.0,0.19402985074626866,0.8059701492537313,0.8059701492537313,0.0,0.19402985074626866,0.8059701492537313,0.7297862863807536,0.7854888737201691,0.7279248271110916,0.8498552016039207,0.7014925373134329,0.8955223880597015,,5.0,3.0
LSTM,scratch,9550,ocnoisy,two_hole,heldout,val,chain_r+chain_s,,65,0.8,0.0,0.2,0.8,0.8,0.0,0.2,0.8,0.8,0.0,0.2,0.8,0.5822692976548122,0.2907743752002716,0.6706764816012222,0.8120710059171599,0.7076923076923077,0.8923076923076924,,5.0,4.0
LSTM,scratch,9550,ocnoisy,two_hole,heldout,val,chain_r+chain_s,,65,0.8615384615384616,0.0,0.13846153846153847,0.8615384615384616,0.8615384615384616,0.0,0.13846153846153847,0.8615384615384616,0.8615384615384616,0.0,0.13846153846153847,0.8615384615384616,0.5058335933547754,0.30492261052131653,0.5839368962650985,0.802130177514793,0.7846153846153846,0.9384615384615385,,5.0,6.0
LSTM,scratch,9550,ocnoisy,two_hole,heldout,val,chain_r+chain_s,,52,0.8653846153846154,0.0,0.1346153846153846,0.8653846153846154,0.8653846153846154,0.0,0.1346153846153846,0.8653846153846154,0.8653846153846154,0.0,0.1346153846153846,0.8653846153846154,0.8402030980930879,0.8488578498363495,0.6743743373103313,0.8709319526627218,0.7692307692307693,0.9423076923076923,,6.0,1.0
LSTM,scratch,9550,ocnoisy,two_hole,heldout,val,chain_r+chain_s,,65,0.9076923076923077,0.0,0.09230769230769231,0.9076923076923077,0.9076923076923077,0.0,0.09230769230769231,0.9076923076923077,0.9076923076923077,0.0,0.09230769230769231,0.9076923076923077,0.815011141048028,0.7603138536214828,0.6981520184423592,0.882130177514793,0.8307692307692308,0.9692307692307692,,6.0,2.0
LSTM,scratch,9550,ocnoisy,two_hole,heldout,val,chain_r+chain_s,,79,0.7468354430379747,0.0,0.25316455696202533,0.7468354430379747,0.7468354430379747,0.0,0.25316455696202533,0.7468354430379747,0.7468354430379747,0.0,0.25316455696202533,0.7468354430379747,0.5291437241661398,0.43102550506591797,0.7164353380239453,0.7660631309085082,0.6455696202531646,0.8354430379746836,,6.0,3.0
LSTM,scratch,9550,ocnoisy,two_hole,heldout,val,chain_r+chain_s,,56,0.6964285714285714,0.0,0.30357142857142855,0.6964285714285714,0.6964285714285714,0.0,0.30357142857142855,0.6964285714285714,0.6964285714285714,0.0,0.30357142857142855,0.6964285714285714,0.5532764301502279,0.4216080829501152,0.7006487128915955,0.7589285714285714,0.5714285714285714,0.8035714285714286,,6.0,4.0
LSTM,scratch,9550,ocnoisy,two_hole,heldout,val,chain_r+chain_s,,62,0.6935483870967742,0.0,0.3064516129032258,0.6935483870967742,0.6935483870967742,0.0,0.3064516129032258,0.6935483870967742,0.6935483870967742,0.0,0.3064516129032258,0.6935483870967742,0.36331528004619384,0.14814600348472595,0.8412646325139497,0.6771592091571279,0.5645161290322581,0.8064516129032258,,6.0,5.0
LSTM,scratch,9550,ocnoisy,two_hole,heldout,test,orientation,1.0,5051,0.853098396357157,0.0,0.146901603642843,0.853098396357157,0.853098396357157,0.0,0.146901603642843,0.853098396357157,0.853098396357157,0.0,0.146901603642843,0.853098396357157,0.6627721685294443,0.5904136300086975,0.6195212818292777,0.8641485436941534,0.842803405266284,0.8633983369629776,,,
LSTM,scratch,9550,ocnoisy,two_hole,heldout,test,orientation,2.0,4949,0.8112750050515256,0.0,0.18872499494847444,0.8112750050515256,0.8112750050515256,0.0,0.18872499494847444,0.8112750050515256,0.8112750050515256,0.0,0.18872499494847444,0.8112750050515256,0.8005832238847329,0.8364385515451431,0.8483348634803499,0.8213722993323576,0.8009597898565366,0.8217872297433825,,,
LSTM,scratch,9550,ocnoisy,two_hole,heldout,test,kappa_gap,,3321,0.7862089732008432,0.0,0.21379102679915687,0.7862089732008432,0.7862089732008432,0.0,0.21379102679915687,0.7862089732008432,0.7862089732008432,0.0,0.21379102679915687,0.7862089732008432,0.4997699571590006,0.3671640157699585,0.6762729090206177,0.7468374630214902,0.7729599518217405,0.7994579945799458,1.0,,
LSTM,scratch,9550,ocnoisy,two_hole,heldout,test,kappa_gap,,2689,0.83674228337672,0.0,0.16325771662328004,0.83674228337672,0.83674228337672,0.0,0.16325771662328004,0.83674228337672,0.83674228337672,0.0,0.16325771662328004,0.83674228337672,0.7363182291549216,0.693593218922615,0.734724185410772,0.840181221208784,0.8218668650055783,0.8497675715879508,2.0,,
LSTM,scratch,9550,ocnoisy,two_hole,heldout,test,kappa_gap,,2008,0.8700199203187251,0.0,0.1299800796812749,0.8700199203187251,0.8700199203187251,0.0,0.1299800796812749,0.8700199203187251,0.8700199203187251,0.0,0.1299800796812749,0.8700199203187251,0.8839680802047372,0.9519849121570587,0.7378210603357501,0.8840707885589116,0.8545816733067729,0.8849726095617529,3.0,,
LSTM,scratch,9550,ocnoisy,two_hole,heldout,test,kappa_gap,,1313,0.8705255140898706,0.0,0.12947448591012947,0.8705255140898706,0.8705255140898706,0.0,0.12947448591012947,0.8705255140898706,0.8705255140898706,0.0,0.12947448591012947,0.8705255140898706,0.9472649730146159,1.1010893285274506,0.7614302212778735,0.8956454553417144,0.852989337395278,0.8880426504188881,4.0,,
LSTM,scratch,9550,ocnoisy,two_hole,heldout,test,kappa_gap,,669,0.8565022421524664,0.0,0.14349775784753363,0.8565022421524664,0.8565022421524664,0.0,0.14349775784753363,0.8565022421524664,0.8565022421524664,0.0,0.14349775784753363,0.8565022421524664,0.973521730502001,1.2076081484556198,0.770897643261216,0.8954220765437559,0.8295964125560538,0.8819133034379671,5.0,,
LSTM,scratch,9550,ocnoisy,two_hole,heldout,test,chain_r+chain_s,,352,0.9119318181818182,0.0,0.08806818181818182,0.9119318181818182,0.9119318181818182,0.0,0.08806818181818182,0.9119318181818182,0.9119318181818182,0.0,0.08806818181818182,0.9119318181818182,0.839602732014927,0.8915773779153824,0.687810214925561,0.8617235924586777,0.8806818181818182,0.9403409090909091,,1.0,2.0
LSTM,scratch,9550,ocnoisy,two_hole,heldout,test,chain_r+chain_s,,326,0.9233128834355828,0.0,0.07668711656441718,0.9233128834355828,0.9233128834355828,0.0,0.07668711656441718,0.9233128834355828,0.9233128834355828,0.0,0.07668711656441718,0.9233128834355828,0.8254561488705179,0.7710721492767334,0.6193376003242738,0.8490910459558131,0.8926380368098159,0.9478527607361963,,1.0,3.0
LSTM,scratch,9550,ocnoisy,two_hole,heldout,test,chain_r+chain_s,,323,0.8699690402476781,0.0,0.13003095975232198,0.8699690402476781,0.8699690402476781,0.0,0.13003095975232198,0.8699690402476781,0.8699690402476781,0.0,0.13003095975232198,0.8699690402476781,0.7461206170473674,0.7611793428659439,0.773707220111058,0.8381466322882419,0.8328173374613003,0.9040247678018576,,1.0,4.0
LSTM,scratch,9550,ocnoisy,two_hole,heldout,test,chain_r+chain_s,,334,0.7514970059880239,0.0,0.24850299401197604,0.7514970059880239,0.7514970059880239,0.0,0.24850299401197604,0.7514970059880239,0.7514970059880239,0.0,0.24850299401197604,0.7514970059880239,0.4547716558291883,0.5308173187077045,0.7619634257653405,0.7120190756212128,0.7065868263473054,0.7964071856287425,,1.0,5.0
LSTM,scratch,9550,ocnoisy,two_hole,heldout,test,chain_r+chain_s,,339,0.8407079646017699,0.0,0.1592920353982301,0.8407079646017699,0.8407079646017699,0.0,0.1592920353982301,0.8407079646017699,0.8407079646017699,0.0,0.1592920353982301,0.8407079646017699,0.6239749856710786,0.48272112011909485,0.6819139472592629,0.82360056038496,0.799410029498525,0.8761799410029498,,1.0,6.0
LSTM,scratch,9550,ocnoisy,two_hole,heldout,test,chain_r+chain_s,,353,0.8810198300283286,0.0,0.11898016997167139,0.8810198300283286,0.8810198300283286,0.0,0.11898016997167139,0.8810198300283286,0.8810198300283286,0.0,0.11898016997167139,0.8810198300283286,1.0693447632509319,1.2180523574352264,0.7805752677420246,0.9173494691394684,0.8470254957507082,0.9150141643059491,,2.0,1.0
LSTM,scratch,9550,ocnoisy,two_hole,heldout,test,chain_r+chain_s,,316,0.8417721518987342,0.0,0.15822784810126583,0.8417721518987342,0.8417721518987342,0.0,0.15822784810126583,0.8417721518987342,0.8417721518987342,0.0,0.15822784810126583,0.8417721518987342,0.8475225952135611,0.938071146607399,0.7458648960302183,0.8722159910270789,0.8005537974683545,0.8798259493670886,,2.0,3.0
LSTM,scratch,9550,ocnoisy,two_hole,heldout,test,chain_r+chain_s,,325,0.9230769230769231,0.0,0.07692307692307693,0.9230769230769231,0.9230769230769231,0.0,0.07692307692307693,0.9230769230769231,0.9230769230769231,0.0,0.07692307692307693,0.9230769230769231,0.85916741334475,0.8361692428588867,0.6737586782238051,0.8603834319526626,0.8923076923076924,0.9507692307692308,,2.0,4.0
LSTM,scratch,9550,ocnoisy,two_hole,heldout,test,chain_r+chain_s,,297,0.8787878787878788,0.0,0.12121212121212122,0.8787878787878788,0.8787878787878788,0.0,0.12121212121212122,0.8787878787878788,0.8787878787878788,0.0,0.12121212121212122,0.8787878787878788,0.7124854907242939,0.7393460720777512,0.7154685087165029,0.8404697933317462,0.8417508417508418,0.9158249158249159,,2.0,5.0
LSTM,scratch,9550,ocnoisy,two_hole,heldout,test,chain_r+chain_s,,341,0.8357771260997068,0.0,0.16422287390029325,0.8357771260997068,0.8357771260997068,0.0,0.16422287390029325,0.8357771260997068,0.8357771260997068,0.0,0.16422287390029325,0.8357771260997068,0.6514354511177785,0.6174145340919495,0.7152607802892974,0.8074577962005831,0.7976539589442815,0.873900293255132,,2.0,6.0
LSTM,scratch,9550,ocnoisy,two_hole,heldout,test,chain_r+chain_s,,345,0.9130434782608695,0.0,0.08695652173913043,0.9130434782608695,0.9130434782608695,0.0,0.08695652173913043,0.9130434782608695,0.9130434782608695,0.0,0.08695652173913043,0.9130434782608695,1.1433835842471192,1.2935292720794678,0.7047996969198554,0.9390464188195757,0.8840579710144928,0.9420289855072463,,3.0,1.0
LSTM,scratch,9550,ocnoisy,two_hole,heldout,test,chain_r+chain_s,,346,0.791907514450867,0.0,0.20809248554913296,0.791907514450867,0.791907514450867,0.0,0.20809248554913296,0.791907514450867,0.791907514450867,0.0,0.20809248554913296,0.791907514450867,0.8549000755426167,1.0067818313837051,0.8278037528211113,0.8612299107888669,0.7456647398843931,0.8323699421965318,,3.0,2.0
LSTM,scratch,9550,ocnoisy,two_hole,heldout,test,chain_r+chain_s,,346,0.7976878612716763,0.0,0.2023121387283237,0.7976878612716763,0.7976878612716763,0.0,0.2023121387283237,0.7976878612716763,0.7976878612716763,0.0,0.2023121387283237,0.7976878612716763,0.6505829368884852,0.5822154209017754,0.7299824521502172,0.8152460823950014,0.7572254335260116,0.838150289017341,,3.0,4.0
LSTM,scratch,9550,ocnoisy,two_hole,heldout,test,chain_r+chain_s,,336,0.8958333333333334,0.0,0.10416666666666667,0.8958333333333334,0.8958333333333334,0.0,0.10416666666666667,0.8958333333333334,0.8958333333333334,0.0,0.10416666666666667,0.8958333333333334,0.6696296013847348,0.6001690551638603,0.607894592193989,0.8135009212018139,0.8630952380952381,0.9255952380952381,,3.0,5.0
LSTM,scratch,9550,ocnoisy,two_hole,heldout,test,chain_r+chain_s,,375,0.8666666666666667,0.0,0.13333333333333333,0.8666666666666667,0.8666666666666667,0.0,0.13333333333333333,0.8666666666666667,0.8666666666666667,0.0,0.13333333333333333,0.8666666666666667,0.6860037209590276,0.608787328004837,0.7060766687983792,0.8401848888888889,0.8346,0.8986666666666666,,3.0,6.0
LSTM,scratch,9550,ocnoisy,two_hole,heldout,test,chain_r+chain_s,,346,0.9190751445086706,0.0,0.08092485549132948,0.9190751445086706,0.9190751445086706,0.0,0.08092485549132948,0.9190751445086706,0.9190751445086706,0.0,0.08092485549132948,0.9190751445086706,1.0474111656792935,1.3097625151276588,0.7074592632882836,0.9197016271843362,0.8872832369942196,0.9450867052023122,,4.0,1.0
LSTM,scratch,9550,ocnoisy,two_hole,heldout,test,chain_r+chain_s,,303,0.8646864686468647,0.0,0.1353135313531353,0.8646864686468647,0.8646864686468647,0.0,0.1353135313531353,0.8646864686468647,0.8646864686468647,0.0,0.1353135313531353,0.8646864686468647,0.9387754260903538,1.0954458713531494,0.7381185028464531,0.8974610332320361,0.8250825082508251,0.900990099009901,,4.0,2.0
LSTM,scratch,9550,ocnoisy,two_hole,heldout,test,chain_r+chain_s,,325,0.7753846153846153,0.0,0.2246153846153846,0.7753846153846153,0.7753846153846153,0.0,0.2246153846153846,0.7753846153846153,0.7753846153846153,0.0,0.2246153846153846,0.7753846153846153,0.6693551713686723,0.4966188669204712,0.8036194687875863,0.7964970414201183,0.7261538461538461,0.8184615384615385,,4.0,3.0
LSTM,scratch,9550,ocnoisy,two_hole,heldout,test,chain_r+chain_s,,345,0.6666666666666666,0.0,0.3333333333333333,0.6666666666666666,0.6666666666666666,0.0,0.3333333333333333,0.6666666666666666,0.6666666666666666,0.0,0.3333333333333333,0.6666666666666666,0.4665520488999892,0.19671392440795898,0.7393821784654334,0.7261331653014073,0.6173188405797101,0.7130434782608696,,4.0,5.0
LSTM,scratch,9550,ocnoisy,two_hole,heldout,test,chain_r+chain_s,,352,0.8892045454545454,0.0,0.11079545454545454,0.8892045454545454,0.8892045454545454,0.0,0.11079545454545454,0.8892045454545454,0.8892045454545454,0.0,0.11079545454545454,0.8892045454545454,0.6039636672516777,0.5083361119031906,0.6092938836464675,0.8276246126033058,0.8551136363636364,0.917684659090909,,4.0,6.0
LSTM,scratch,9550,ocnoisy,two_hole,heldout,test,chain_r+chain_s,,294,0.9149659863945578,0.0,0.08503401360544217,0.9149659863945578,0.9149659863945578,0.0,0.08503401360544217,0.9149659863945578,0.9149659863945578,0.0,0.08503401360544217,0.9149659863945578,0.9102211584698181,0.9116132482886314,0.6820812758829877,0.9023786385302419,0.8809523809523809,0.9455782312925171,,5.0,1.0
LSTM,scratch,9550,ocnoisy,two_hole,heldout,test,chain_r+chain_s,,325,0.8769230769230769,0.0,0.12307692307692308,0.8769230769230769,0.8769230769230769,0.0,0.12307692307692308,0.8769230769230769,0.8769230769230769,0.0,0.12307692307692308,0.8769230769230769,0.8923499336150976,0.95430588722229,0.7163040469032067,0.8846201183431952,0.84,0.9107692307692308,,5.0,2.0
LSTM,scratch,9550,ocnoisy,two_hole,heldout,test,chain_r+chain_s,,325,0.8092307692307692,0.0,0.19076923076923077,0.8092307692307692,0.8092307692307692,0.0,0.19076923076923077,0.8092307692307692,0.8092307692307692,0.0,0.19076923076923077,0.8092307692307692,0.8003158954244394,0.8587102890014648,0.8037345089733375,0.8469491124260355,0.7630769230769231,0.8523076923076923,,5.0,3.0
LSTM,scratch,9550,ocnoisy,two_hole,heldout,test,chain_r+chain_s,,319,0.8150470219435737,0.0,0.18495297805642633,0.8150470219435737,0.8150470219435737,0.0,0.18495297805642633,0.8150470219435737,0.8150470219435737,0.0,0.18495297805642633,0.8150470219435737,0.5803023248116799,0.36305177211761475,0.6942973147430815,0.8105659339039515,0.774294670846395,0.8557993730407524,,5.0,4.0
LSTM,scratch,9550,ocnoisy,two_hole,heldout,test,chain_r+chain_s,,324,0.7623456790123457,0.0,0.23765432098765432,0.7623456790123457,0.7623456790123457,0.0,0.23765432098765432,0.7623456790123457,0.7623456790123457,0.0,0.23765432098765432,0.7623456790123457,0.36199759388411484,0.2132910192012787,0.5791345929799504,0.7417314433775339,0.7191358024691358,0.808641975308642,,5.0,6.0
LSTM,scratch,9550,ocnoisy,two_hole,heldout,test,chain_r+chain_s,,295,0.9220338983050848,0.0,0.07796610169491526,0.9220338983050848,0.9220338983050848,0.0,0.07796610169491526,0.9220338983050848,0.9220338983050848,0.0,0.07796610169491526,0.9220338983050848,0.8586142221244715,0.8027643114328384,0.6585429522199353,0.8710830221200804,0.888135593220339,0.9492372881355932,,6.0,1.0
LSTM,scratch,9550,ocnoisy,two_hole,heldout,test,chain_r+chain_s,,351,0.8547008547008547,0.0,0.1452991452991453,0.8547008547008547,0.8547008547008547,0.0,0.1452991452991453,0.8547008547008547,0.8547008547008547,0.0,0.1452991452991453,0.8547008547008547,0.7441765204751254,0.6951050162315369,0.718462487966227,0.8306101411514517,0.8148148148148148,0.8888888888888888,,6.0,2.0
LSTM,scratch,9550,ocnoisy,two_hole,heldout,test,chain_r+chain_s,,323,0.7492260061919505,0.0,0.25077399380804954,0.7492260061919505,0.7492260061919505,0.0,0.25077399380804954,0.7492260061919505,0.7492260061919505,0.0,0.25077399380804954,0.7492260061919505,0.6377403386882953,0.6507111489772797,0.7522384105480278,0.7921862569371891,0.7027863777089783,0.7956656346749226,,6.0,3.0
LSTM,scratch,9550,ocnoisy,two_hole,heldout,test,chain_r+chain_s,,365,0.6547945205479452,0.0,0.3452054794520548,0.6547945205479452,0.6547945205479452,0.0,0.3452054794520548,0.6547945205479452,0.6547945205479452,0.0,0.3452054794520548,0.6547945205479452,0.4971243192480035,0.32678741216659546,0.7829888712787152,0.7388553199474573,0.6027397260273972,0.7041095890410959,,6.0,4.0
LSTM,scratch,9550,ocnoisy,two_hole,heldout,test,chain_r+chain_s,,354,0.6186440677966102,0.0,0.3813559322033898,0.6186440677966102,0.6186440677966102,0.0,0.3813559322033898,0.6186440677966102,0.6186440677966102,0.0,0.3813559322033898,0.6186440677966102,0.35252863210810104,0.16667743027210236,0.7486344884853418,0.6775910498260398,0.5649717514124294,0.6694915254237288,,6.0,5.0
LSTM,scratch,9551,ocnoisy,two_hole,clean,val,orientation,1.0,1052,0.7804182509505704,0.0,0.21958174904942965,0.7804182509505704,0.7804182509505704,0.0,0.21958174904942965,0.7804182509505704,0.7804182509505704,0.0,0.21958174904942965,0.7804182509505704,0.16064073601489737,0.14732268452644348,0.2078210563015524,0.7406307377582442,0.7566539923954373,0.8041825095057035,,,
LSTM,scratch,9551,ocnoisy,two_hole,clean,val,orientation,2.0,948,0.7953586497890295,0.0,0.20464135021097046,0.7953586497890295,0.7953586497890295,0.0,0.20464135021097046,0.7953586497890295,0.7953586497890295,0.0,0.20464135021097046,0.7953586497890295,0.7181627244496018,0.5393637493252754,0.7654937871157513,0.8363154052947356,0.770042194092827,0.820675105485232,,,
LSTM,scratch,9551,ocnoisy,two_hole,clean,val,kappa_gap,,673,0.7904903417533432,0.0,0.20950965824665677,0.7904903417533432,0.7904903417533432,0.0,0.20950965824665677,0.7904903417533432,0.7904903417533432,0.0,0.20950965824665677,0.7904903417533432,0.45952619994156074,0.21242386102676392,0.6772950896954738,0.7613798189120149,0.7592867756315007,0.8246656760772659,1.0,,
LSTM,scratch,9551,ocnoisy,two_hole,clean,val,kappa_gap,,511,0.8336594911937377,0.0,0.16634050880626222,0.8336594911937377,0.8336594911937377,0.0,0.16634050880626222,0.8336594911937377,0.8336594911937377,0.0,0.16634050880626222,0.8336594911937377,0.531585042519812,0.2363160252571106,0.6809672579170063,0.8341190482573213,0.8003913894324853,0.8669275929549902,2.0,,
LSTM,scratch,9551,ocnoisy,two_hole,clean,val,kappa_gap,,418,0.7918660287081339,0.0,0.20813397129186603,0.7918660287081339,0.7918660287081339,0.0,0.20813397129186603,0.7918660287081339,0.7918660287081339,0.0,0.20813397129186603,0.7918660287081339,0.4493468503989101,0.25940172374248505,0.5932583311682933,0.8239223003136374,0.7535287081339713,0.8277511961722488,3.0,,
LSTM,scratch,9551,ocnoisy,two_hole,clean,val,kappa_gap,,262,0.7099236641221374,0.0,0.2900763358778626,0.7099236641221374,0.7099236641221374,0.0,0.2900763358778626,0.7099236641221374,0.7099236641221374,0.0,0.2900763358778626,0.7099236641221374,0.20175549006871596,0.1416875496506691,0.30683858060928537,0.7290367694190316,0.6526717557251909,0.7633587786259542,4.0,,
LSTM,scratch,9551,ocnoisy,two_hole,clean,val,kappa_gap,,136,0.7352941176470589,0.0,0.2647058823529412,0.7352941176470589,0.7352941176470589,0.0,0.2647058823529412,0.7352941176470589,0.7352941176470589,0.0,0.2647058823529412,0.7352941176470589,0.20753166112391389,0.1820184364914894,0.29862049630604576,0.7270761245674741,0.6544117647058824,0.8088235294117647,5.0,,
LSTM,scratch,9551,ocnoisy,two_hole,clean,val,chain_r+chain_s,,53,0.6415094339622641,0.0,0.3584905660377358,0.6415094339622641,0.6415094339622641,0.0,0.3584905660377358,0.6415094339622641,0.6415094339622641,0.0,0.3584905660377358,0.6415094339622641,0.28478642004840776,0.07918336987495422,0.5382520471070813,0.6952652189391242,0.5094339622641509,0.7924528301886793,,1.0,2.0
LSTM,scratch,9551,ocnoisy,two_hole,clean,val,chain_r+chain_s,,82,0.6829268292682927,0.0,0.3170731707317073,0.6829268292682927,0.6829268292682927,0.0,0.3170731707317073,0.6829268292682927,0.6829268292682927,0.0,0.3170731707317073,0.6829268292682927,0.4557653463831762,0.21552640199661255,0.7158723462964927,0.732153480071386,0.5853658536585366,0.7804878048780488,,1.0,3.0
LSTM,scratch,9551,ocnoisy,two_hole,clean,val,chain_r+chain_s,,58,0.7758620689655172,0.0,0.22413793103448276,0.7758620689655172,0.7758620689655172,0.0,0.22413793103448276,0.7758620689655172,0.7758620689655172,0.0,0.22413793103448276,0.7758620689655172,0.30866019530542965,0.15506934374570847,0.5017491696199315,0.7764565992865636,0.6724137931034483,0.8793103448275862,,1.0,4.0
LSTM,scratch,9551,ocnoisy,two_hole,clean,val,chain_r+chain_s,,60,0.8666666666666667,0.0,0.13333333333333333,0.8666666666666667,0.8666666666666667,0.0,0.13333333333333333,0.8666666666666667,0.8666666666666667,0.0,0.13333333333333333,0.8666666666666667,0.42109581554929415,0.27120405435562134,0.4892137014774128,0.86,0.7666666666666667,0.95,,1.0,5.0
LSTM,scratch,9551,ocnoisy,two_hole,clean,val,chain_r+chain_s,,71,0.6619718309859155,0.0,0.3380281690140845,0.6619718309859155,0.6619718309859155,0.0,0.3380281690140845,0.6619718309859155,0.6619718309859155,0.0,0.3380281690140845,0.6619718309859155,0.3996399437457743,0.1441400647163391,0.624658783361489,0.6687165244991073,0.5492957746478874,0.7746478873239436,,1.0,6.0
LSTM,scratch,9551,ocnoisy,two_hole,clean,val,chain_r+chain_s,,67,0.8208955223880597,0.0,0.1791044776119403,0.8208955223880597,0.8208955223880597,0.0,0.1791044776119403,0.8208955223880597,0.8208955223880597,0.0,0.1791044776119403,0.8208955223880597,0.34108017829816734,0.17689602077007294,0.527428854515961,0.7415905546892403,0.7313432835820896,0.9104477611940298,,2.0,1.0
LSTM,scratch,9551,ocnoisy,two_hole,clean,val,chain_r+chain_s,,49,0.6326530612244898,0.0,0.3673469387755102,0.6326530612244898,0.6326530612244898,0.0,0.3673469387755102,0.6326530612244898,0.6326530612244898,0.0,0.3673469387755102,0.6326530612244898,0.19562529939777998,0.05313718318939209,0.4767062516599758,0.620991253644315,0.4897959183673469,0.7755102040816326,,2.0,3.0
LSTM,scratch,9551,ocnoisy,two_hole,clean,val,chain_r+chain_s,,87,0.8160919540229885,0.0,0.1839080459770115,0.8160919540229885,0.8160919540229885,0.0,0.1839080459770115,0.8160919540229885,0.8160919540229885,0.0,0.1839080459770115,0.8160919540229885,0.47362548729469034,0.18455295264720917,0.6450442531442276,0.8018232263178755,0.735632183908046,0.8850574712643678,,2.0,4.0
LSTM,scratch,9551,ocnoisy,two_hole,clean,val,chain_r+chain_s,,50,0.92,0.0,0.08,0.92,0.92,0.0,0.08,0.92,0.92,0.0,0.08,0.92,0.4951009926199913,0.2444949746131897,0.6110088620215633,0.848,0.84,0.98,,2.0,5.0
LSTM,scratch,9551,ocnoisy,two_hole,clean,val,chain_r+chain_s,,70,0.6857142857142857,0.0,0.3142857142857143,0.6857142857142857,0.6857142857142857,0.0,0.3142857142857143,0.6857142857142857,0.6857142857142857,0.0,0.3142857142857143,0.6857142857142857,0.3168791847569602,0.17833232134580612,0.5594523521583001,0.6522448979591837,0.5714285714285714,0.7857142857142857,,2.0,6.0
LSTM,scratch,9551,ocnoisy,two_hole,clean,val,chain_r+chain_s,,67,0.8656716417910447,0.0,0.13432835820895522,0.8656716417910447,0.8656716417910447,0.0,0.13432835820895522,0.8656716417910447,0.8656716417910447,0.0,0.13432835820895522,0.8656716417910447,0.4245390493923159,0.24505342543125153,0.58493124276016,0.8344842949431945,0.7761194029850746,0.9402985074626866,,3.0,1.0
LSTM,scratch,9551,ocnoisy,two_hole,clean,val,chain_r+chain_s,,67,0.6865671641791045,0.0,0.31343283582089554,0.6865671641791045,0.6865671641791045,0.0,0.31343283582089554,0.6865671641791045,0.6865671641791045,0.0,0.31343283582089554,0.6865671641791045,0.3401666877429877,0.08851423859596252,0.6942102294796807,0.6767654265983515,0.5671641791044776,0.7910447761194029,,3.0,2.0
LSTM,scratch,9551,ocnoisy,two_hole,clean,val,chain_r+chain_s,,57,0.7192982456140351,0.0,0.2807017543859649,0.7192982456140351,0.7192982456140351,0.0,0.2807017543859649,0.7192982456140351,0.7192982456140351,0.0,0.2807017543859649,0.7192982456140351,0.2906898386907159,0.07025684416294098,0.5543171536285931,0.7085257002154509,0.5964912280701754,0.8245614035087719,,3.0,4.0
LSTM,scratch,9551,ocnoisy,two_hole,clean,val,chain_r+chain_s,,69,0.7681159420289855,0.0,0.2318840579710145,0.7681159420289855,0.7681159420289855,0.0,0.2318840579710145,0.7681159420289855,0.7681159420289855,0.0,0.2318840579710145,0.7681159420289855,0.36954107124736346,0.19516675174236298,0.6627071560840905,0.7742070993488763,0.6666666666666666,0.8695652173913043,,3.0,5.0
LSTM,scratch,9551,ocnoisy,two_hole,clean,val,chain_r+chain_s,,71,0.7887323943661971,0.0,0.2112676056338028,0.7887323943661971,0.7887323943661971,0.0,0.2112676056338028,0.7887323943661971,0.7887323943661971,0.0,0.2112676056338028,0.7887323943661971,0.3742513589456048,0.2150913029909134,0.5504944190909665,0.7534219400912517,0.6901408450704225,0.8732394366197183,,3.0,6.0
LSTM,scratch,9551,ocnoisy,two_hole,clean,val,chain_r+chain_s,,63,0.9206349206349206,0.0,0.07936507936507936,0.9206349206349206,0.9206349206349206,0.0,0.07936507936507936,0.9206349206349206,0.9206349206349206,0.0,0.07936507936507936,0.9206349206349206,0.5997491625566331,0.3699135184288025,0.6143804952660002,0.909800957420005,0.8412698412698413,0.9841269841269841,,4.0,1.0
LSTM,scratch,9551,ocnoisy,two_hole,clean,val,chain_r+chain_s,,78,0.9230769230769231,0.0,0.07692307692307693,0.9230769230769231,0.9230769230769231,0.0,0.07692307692307693,0.9230769230769231,0.9230769230769231,0.0,0.07692307692307693,0.9230769230769231,0.6078461903410081,0.30674636363983154,0.6802342130476277,0.8905325443786982,0.8589743589743589,0.9743589743589743,,4.0,2.0
LSTM,scratch,9551,ocnoisy,two_hole,clean,val,chain_r+chain_s,,55,0.8363636363636363,0.0,0.16363636363636364,0.8363636363636363,0.8363636363636363,0.0,0.16363636363636364,0.8363636363636363,0.8363636363636363,0.0,0.16363636363636364,0.8363636363636363,0.421783676201647,0.10098060965538025,0.7102889138215586,0.7596694214876033,0.7272727272727273,0.9272727272727272,,4.0,3.0
LSTM,scratch,9551,ocnoisy,two_hole,clean,val,chain_r+chain_s,,60,0.75,0.0,0.25,0.75,0.75,0.0,0.25,0.75,0.75,0.0,0.25,0.75,0.2055416536827882,0.1125127449631691,0.38888256941655375,0.6922222222222222,0.6333333333333333,0.85,,4.0,5.0
LSTM,scratch,9551,ocnoisy,two_hole,clean,val,chain_r+chain_s,,63,0.7619047619047619,0.0,0.23809523809523808,0.7619047619047619,0.7619047619047619,0.0,0.23809523809523808,0.7619047619047619,0.7619047619047619,0.0,0.23809523809523808,0.7619047619047619,0.33906498101968613,0.1836390495300293,0.6100319456214429,0.7684555303602922,0.6507936507936508,0.8571428571428571,,4.0,6.0
LSTM,scratch,9551,ocnoisy,two_hole,clean,val,chain_r+chain_s,,82,0.9512195121951219,0.0,0.04878048780487805,0.9512195121951219,0.9512195121951219,0.0,0.04878048780487805,0.9512195121951219,0.9512195121951219,0.0,0.04878048780487805,0.9512195121951219,0.6216414081977635,0.5187786221504211,0.5166316694267648,0.9470553242117787,0.9024390243902439,0.9878048780487805,,5.0,1.0
LSTM,scratch,9551,ocnoisy,two_hole,clean,val,chain_r+chain_s,,70,0.9714285714285714,0.0,0.02857142857142857,0.9714285714285714,0.9714285714285714,0.0,0.02857142857142857,0.9714285714285714,0.9714285714285714,0.0,0.02857142857142857,0.9714285714285714,0.5631540605000087,0.43446020781993866,0.5186140761673556,0.9175510204081633,0.9285714285714286,1.0,,5.0,2.0
LSTM,scratch,9551,ocnoisy,two_hole,clean,val,chain_r+chain_s,,74,0.7567567567567568,0.0,0.24324324324324326,0.7567567567567568,0.7567567567567568,0.0,0.24324324324324326,0.7567567567567568,0.7567567567567568,0.0,0.24324324324324326,0.7567567567567568,0.36407063498690323,0.16762036085128784,0.5319744336862242,0.7912710007304602,0.6621621621621622,0.8513513513513513,,5.0,3.0
LSTM,scratch,9551,ocnoisy,two_hole,clean,val,chain_r+chain_s,,76,0.618421052631579,0.0,0.3815789473684211,0.618421052631579,0.618421052631579,0.0,0.3815789473684211,0.618421052631579,0.618421052631579,0.0,0.3815789473684211,0.618421052631579,0.27113946978198855,0.04249943792819977,0.623879759500925,0.6260387811634349,0.5,0.7236842105263158,,5.0,4.0
LSTM,scratch,9551,ocnoisy,two_hole,clean,val,chain_r+chain_s,,62,0.7258064516129032,0.0,0.27419354838709675,0.7258064516129032,0.7258064516129032,0.0,0.27419354838709675,0.7258064516129032,0.7258064516129032,0.0,0.27419354838709675,0.7258064516129032,0.3237379988835704,0.09911277890205383,0.5909417064218806,0.7125390218522373,0.6290322580645161,0.8387096774193549,,5.0,6.0
LSTM,scratch,9551,ocnoisy,two_hole,clean,val,chain_r+chain_s,,69,0.9710144927536232,0.0,0.028985507246376812,0.9710144927536232,0.9710144927536232,0.0,0.028985507246376812,0.9710144927536232,0.9710144927536232,0.0,0.028985507246376812,0.9710144927536232,0.6628404039403667,0.4339253157377243,0.6170316546924913,0.9548414198697752,0.927536231884058,1.0,,6.0,1.0
LSTM,scratch,9551,ocnoisy,two_hole,clean,val,chain_r+chain_s,,73,0.9315068493150684,0.0,0.0684931506849315,0.9315068493150684,0.9315068493150684,0.0,0.0684931506849315,0.9315068493150684,0.9315068493150684,0.0,0.0684931506849315,0.9315068493150684,0.7810187846013944,0.6404191106557846,0.7119725096934432,0.933008069056108,0.863013698630137,0.9863013698630136,,6.0,2.0
LSTM,scratch,9551,ocnoisy,two_hole,clean,val,chain_r+chain_s,,57,0.8596491228070176,0.0,0.14035087719298245,0.8596491228070176,0.8596491228070176,0.0,0.14035087719298245,0.8596491228070176,0.8596491228070176,0.0,0.14035087719298245,0.8596491228070176,0.6167751725828439,0.46856795251369476,0.656182248403564,0.9208987380732533,0.7714912280701754,0.9473684210526315,,6.0,3.0
LSTM,scratch,9551,ocnoisy,two_hole,clean,val,chain_r+chain_s,,78,0.717948717948718,0.0,0.28205128205128205,0.717948717948718,0.717948717948718,0.0,0.28205128205128205,0.717948717948718,0.717948717948718,0.0,0.28205128205128205,0.717948717948718,0.38746789498971057,0.1956663653254509,0.5582095006590561,0.7901051939513478,0.6153846153846154,0.8076923076923077,,6.0,4.0
LSTM,scratch,9551,ocnoisy,two_hole,clean,val,chain_r+chain_s,,62,0.532258064516129,0.0,0.46774193548387094,0.532258064516129,0.532258064516129,0.0,0.46774193548387094,0.532258064516129,0.532258064516129,0.0,0.46774193548387094,0.532258064516129,0.2760757666922385,0.007864326238632202,0.6430379020864518,0.5913111342351718,0.4032258064516129,0.6612903225806451,,6.0,5.0
LSTM,scratch,9551,ocnoisy,two_hole,clean,test,orientation,1.0,5099,0.767601490488331,0.0,0.23239850951166896,0.767601490488331,0.767601490488331,0.0,0.23239850951166896,0.767601490488331,0.767601490488331,0.0,0.23239850951166896,0.767601490488331,0.15427930950007968,0.14552633464336395,0.20946413914290823,0.7320539107203167,0.7558246715042165,0.7791821925867818,,,
LSTM,scratch,9551,ocnoisy,two_hole,clean,test,orientation,2.0,4901,0.7749438890022444,0.0,0.22505611099775555,0.7749438890022444,0.7749438890022444,0.0,0.22505611099775555,0.7749438890022444,0.7749438890022444,0.0,0.22505611099775555,0.7749438890022444,0.6924670712923157,0.4702611714601517,0.7817646757256469,0.8289755606218386,0.7631095694756173,0.7863752295449908,,,
LSTM,scratch,9551,ocnoisy,two_hole,clean,test,kappa_gap,,3399,0.7737569873492204,0.0,0.22624301265077965,0.7737569873492204,0.7737569873492204,0.0,0.22624301265077965,0.7737569873492204,0.7737569873492204,0.0,0.22624301265077965,0.7737569873492204,0.42274840585569595,0.19960415363311768,0.6715792319473033,0.748593052263178,0.7611062077081494,0.787591938805531,1.0,,
LSTM,scratch,9551,ocnoisy,two_hole,clean,test,kappa_gap,,2701,0.8326545723805998,0.0,0.16734542761940022,0.8326545723805998,0.8326545723805998,0.0,0.16734542761940022,0.8326545723805998,0.8326545723805998,0.0,0.16734542761940022,0.8326545723805998,0.5697016869759568,0.2581264227628708,0.6980030723558549,0.8447480817024315,0.8182154757497223,0.8463532025175861,2.0,,
LSTM,scratch,9551,ocnoisy,two_hole,clean,test,kappa_gap,,1974,0.7598784194528876,0.0,0.24012158054711247,0.7598784194528876,0.7598784194528876,0.0,0.24012158054711247,0.7598784194528876,0.7598784194528876,0.0,0.24012158054711247,0.7598784194528876,0.42478482433516446,0.20341265201568604,0.6222842843651489,0.7950992076323513,0.7401215805471124,0.7781281661600811,3.0,,
LSTM,scratch,9551,ocnoisy,two_hole,clean,test,kappa_gap,,1310,0.6900763358778625,0.0,0.3099236641221374,0.6900763358778625,0.6900763358778625,0.0,0.3099236641221374,0.6900763358778625,0.6900763358778625,0.0,0.3099236641221374,0.6900763358778625,0.18974208834630843,0.16633404046297073,0.2932178210103614,0.7107167414486336,0.6648854961832061,0.7129961832061068,4.0,,
LSTM,scratch,9551,ocnoisy,two_hole,clean,test,kappa_gap,,616,0.6964285714285714,0.0,0.30357142857142855,0.6964285714285714,0.6964285714285714,0.0,0.30357142857142855,0.6964285714285714,0.6964285714285714,0.0,0.30357142857142855,0.6964285714285714,0.19103546842158614,0.14900095760822296,0.2974896476604702,0.7180806206780234,0.6558441558441559,0.7321834415584415,5.0,,
LSTM,scratch,9551,ocnoisy,two_hole,clean,test,chain_r+chain_s,,351,0.603988603988604,0.0,0.396011396011396,0.603988603988604,0.603988603988604,0.0,0.396011396011396,0.603988603988604,0.603988603988604,0.0,0.396011396011396,0.603988603988604,0.2581572160337046,0.06866639852523804,0.5668570894351334,0.6514719848053182,0.5555555555555556,0.6581196581196581,,1.0,2.0
LSTM,scratch,9551,ocnoisy,two_hole,clean,test,chain_r+chain_s,,337,0.712166172106825,0.0,0.2878338278931751,0.712166172106825,0.712166172106825,0.0,0.2878338278931751,0.712166172106825,0.712166172106825,0.0,0.2878338278931751,0.712166172106825,0.39791560902616746,0.14188770949840546,0.6566677738834024,0.7265362907131349,0.6646884272997032,0.7596439169139466,,1.0,3.0
LSTM,scratch,9551,ocnoisy,two_hole,clean,test,chain_r+chain_s,,365,0.7205479452054795,0.0,0.27945205479452057,0.7205479452054795,0.7205479452054795,0.0,0.27945205479452057,0.7205479452054795,0.7205479452054795,0.0,0.27945205479452057,0.7205479452054795,0.3635164481319793,0.13065440952777863,0.6230347360753578,0.729217489209983,0.6712328767123288,0.7643835616438356,,1.0,4.0
LSTM,scratch,9551,ocnoisy,two_hole,clean,test,chain_r+chain_s,,329,0.8358662613981763,0.0,0.1641337386018237,0.8358662613981763,0.8358662613981763,0.0,0.1641337386018237,0.8358662613981763,0.8358662613981763,0.0,0.1641337386018237,0.8358662613981763,0.45767319800281236,0.2501093000173569,0.5609481805626936,0.8136750399571326,0.7993920972644377,0.8723404255319149,,1.0,5.0
LSTM,scratch,9551,ocnoisy,two_hole,clean,test,chain_r+chain_s,,309,0.7896440129449838,0.0,0.21035598705501618,0.7896440129449838,0.7896440129449838,0.0,0.21035598705501618,0.7896440129449838,0.7896440129449838,0.0,0.21035598705501618,0.7896440129449838,0.45996578278857914,0.3404555916786194,0.5848200831403554,0.7835904525507692,0.7474919093851132,0.8317152103559871,,1.0,6.0
LSTM,scratch,9551,ocnoisy,two_hole,clean,test,chain_r+chain_s,,362,0.7569060773480663,0.0,0.2430939226519337,0.7569060773480663,0.7569060773480663,0.0,0.2430939226519337,0.7569060773480663,0.7569060773480663,0.0,0.2430939226519337,0.7569060773480663,0.34278024411991814,0.12875176966190338,0.6128839961623206,0.7129590061353439,0.7099447513812155,0.8011049723756906,,2.0,1.0
LSTM,scratch,9551,ocnoisy,two_hole,clean,test,chain_r+chain_s,,353,0.7308781869688386,0.0,0.26912181303116145,0.7308781869688386,0.7308781869688386,0.0,0.26912181303116145,0.7308781869688386,0.7308781869688386,0.0,0.26912181303116145,0.7308781869688386,0.31886532282187646,0.14613787829875946,0.5685799370620398,0.7217857458129028,0.6883852691218131,0.7762039660056658,,2.0,3.0
LSTM,scratch,9551,ocnoisy,two_hole,clean,test,chain_r+chain_s,,363,0.699724517906336,0.0,0.3002754820936639,0.699724517906336,0.699724517906336,0.0,0.3002754820936639,0.699724517906336,0.699724517906336,0.0,0.3002754820936639,0.699724517906336,0.3777910007507676,0.14062337577342987,0.6494440286663029,0.736888038916589,0.6528925619834711,0.746625344352617,,2.0,4.0
LSTM,scratch,9551,ocnoisy,two_hole,clean,test,chain_r+chain_s,,346,0.884393063583815,0.0,0.11560693641618497,0.884393063583815,0.884393063583815,0.0,0.11560693641618497,0.884393063583815,0.884393063583815,0.0,0.11560693641618497,0.884393063583815,0.40646461741944956,0.22907572239637375,0.5598210919899297,0.8405559824918976,0.8497109826589595,0.9161849710982659,,2.0,5.0
LSTM,scratch,9551,ocnoisy,two_hole,clean,test,chain_r+chain_s,,341,0.7008797653958945,0.0,0.2991202346041056,0.7008797653958945,0.7008797653958945,0.0,0.2991202346041056,0.7008797653958945,0.7008797653958945,0.0,0.2991202346041056,0.7008797653958945,0.4611349785782375,0.2148374319076538,0.6908013365836014,0.7045347047239016,0.6538856304985337,0.7478739002932551,,2.0,6.0
LSTM,scratch,9551,ocnoisy,two_hole,clean,test,chain_r+chain_s,,362,0.8867403314917127,0.0,0.1132596685082873,0.8867403314917127,0.8867403314917127,0.0,0.1132596685082873,0.8867403314917127,0.8867403314917127,0.0,0.1132596685082873,0.8867403314917127,0.42393915569255364,0.2819877564907074,0.5466178244237627,0.8514315802325937,0.8535911602209945,0.919889502762431,,3.0,1.0
LSTM,scratch,9551,ocnoisy,two_hole,clean,test,chain_r+chain_s,,319,0.670846394984326,0.0,0.329153605015674,0.670846394984326,0.670846394984326,0.0,0.329153605015674,0.670846394984326,0.670846394984326,0.0,0.329153605015674,0.670846394984326,0.3626362037696061,0.08763186633586884,0.6863192223471477,0.6896256915714272,0.6175548589341693,0.7210031347962382,,3.0,2.0
LSTM,scratch,9551,ocnoisy,two_hole,clean,test,chain_r+chain_s,,308,0.5714285714285714,0.0,0.42857142857142855,0.5714285714285714,0.5714285714285714,0.0,0.42857142857142855,0.5714285714285714,0.5714285714285714,0.0,0.42857142857142855,0.5714285714285714,0.2039158298791229,0.014113150537014008,0.5253751692282081,0.6248207960870298,0.5193993506493506,0.6298701298701299,,3.0,4.0
LSTM,scratch,9551,ocnoisy,two_hole,clean,test,chain_r+chain_s,,316,0.7974683544303798,0.0,0.20253164556962025,0.7974683544303798,0.7974683544303798,0.0,0.20253164556962025,0.7974683544303798,0.7974683544303798,0.0,0.20253164556962025,0.7974683544303798,0.3669530045288273,0.18741144239902496,0.5959646756652406,0.8016643967312931,0.75,0.8386075949367089,,3.0,5.0
LSTM,scratch,9551,ocnoisy,two_hole,clean,test,chain_r+chain_s,,312,0.6987179487179487,0.0,0.30128205128205127,0.6987179487179487,0.6987179487179487,0.0,0.30128205128205127,0.6987179487179487,0.6987179487179487,0.0,0.30128205128205127,0.6987179487179487,0.36908589719006646,0.1549072042107582,0.6873302520079919,0.701625164365549,0.6474358974358975,0.7467948717948718,,3.0,6.0
LSTM,scratch,9551,ocnoisy,two_hole,clean,test,chain_r+chain_s,,319,0.9278996865203761,0.0,0.07210031347962383,0.9278996865203761,0.9278996865203761,0.0,0.07210031347962383,0.9278996865203761,0.9278996865203761,0.0,0.07210031347962383,0.9278996865203761,0.5675722097621816,0.38896191120147705,0.619293933544491,0.9006593881742515,0.8996865203761756,0.9561128526645768,,4.0,1.0
LSTM,scratch,9551,ocnoisy,two_hole,clean,test,chain_r+chain_s,,297,0.8619528619528619,0.0,0.13804713804713806,0.8619528619528619,0.8619528619528619,0.0,0.13804713804713806,0.8619528619528619,0.8619528619528619,0.0,0.13804713804713806,0.8619528619528619,0.47688542497077774,0.3169475644826889,0.5822002458501984,0.8676892380596084,0.8214646464646465,0.898989898989899,,4.0,2.0
LSTM,scratch,9551,ocnoisy,two_hole,clean,test,chain_r+chain_s,,352,0.8778409090909091,0.0,0.12215909090909091,0.8778409090909091,0.8778409090909091,0.0,0.12215909090909091,0.8778409090909091,0.8778409090909091,0.0,0.12215909090909091,0.8778409090909091,0.41143865445205435,0.1464950069785118,0.6609482773694543,0.7624128357438016,0.84375,0.9091619318181817,,4.0,3.0
LSTM,scratch,9551,ocnoisy,two_hole,clean,test,chain_r+chain_s,,320,0.75,0.0,0.25,0.75,0.75,0.0,0.25,0.75,0.75,0.0,0.25,0.75,0.26745427581481634,0.15679556876420975,0.5110994826855,0.7340039062499999,0.7,0.79375,,4.0,5.0
LSTM,scratch,9551,ocnoisy,two_hole,clean,test,chain_r+chain_s,,348,0.7327586206896551,0.0,0.2672413793103448,0.7327586206896551,0.7327586206896551,0.0,0.2672413793103448,0.7327586206896551,0.7327586206896551,0.0,0.2672413793103448,0.7327586206896551,0.3546800920846819,0.20911908894777298,0.6357339341404243,0.7515523847271766,0.6839080459770115,0.7788074712643678,,4.0,6.0
LSTM,scratch,9551,ocnoisy,two_hole,clean,test,chain_r+chain_s,,325,0.9323076923076923,0.0,0.06769230769230769,0.9323076923076923,0.9323076923076923,0.0,0.06769230769230769,0.9323076923076923,0.9323076923076923,0.0,0.06769230769230769,0.9323076923076923,0.6323702484140029,0.4848075360059738,0.6126154095421068,0.9235124260355029,0.9046153846153846,0.96,,5.0,1.0
LSTM,scratch,9551,ocnoisy,two_hole,clean,test,chain_r+chain_s,,362,0.8922651933701657,0.0,0.10773480662983426,0.8922651933701657,0.8922651933701657,0.0,0.10773480662983426,0.8922651933701657,0.8922651933701657,0.0,0.10773480662983426,0.8922651933701657,0.5138084400259988,0.35423576831817627,0.5791520845278663,0.8591618082476116,0.8591160220994475,0.919889502762431,,5.0,2.0
LSTM,scratch,9551,ocnoisy,two_hole,clean,test,chain_r+chain_s,,305,0.8163934426229508,0.0,0.18360655737704917,0.8163934426229508,0.8163934426229508,0.0,0.18360655737704917,0.8163934426229508,0.8163934426229508,0.0,0.18360655737704917,0.8163934426229508,0.4199861714830164,0.20490819215774536,0.5821939486632475,0.817285675893577,0.7770491803278688,0.8622950819672132,,5.0,3.0
LSTM,scratch,9551,ocnoisy,two_hole,clean,test,chain_r+chain_s,,334,0.5868263473053892,0.0,0.41317365269461076,0.5868263473053892,0.5868263473053892,0.0,0.41317365269461076,0.5868263473053892,0.5868263473053892,0.0,0.41317365269461076,0.5868263473053892,0.31398643896786754,0.04462796449661255,0.6539147433087263,0.6411846964753127,0.5359281437125748,0.6377245508982036,,5.0,4.0
LSTM,scratch,9551,ocnoisy,two_hole,clean,test,chain_r+chain_s,,333,0.6636636636636637,0.0,0.33633633633633636,0.6636636636636637,0.6636636636636637,0.0,0.33633633633633636,0.6636636636636637,0.6636636636636637,0.0,0.33633633633633636,0.6636636636636637,0.20758732643213357,0.08435405790805817,0.534748012871458,0.6521386251115981,0.6096096096096096,0.7117117117117117,,5.0,6.0
LSTM,scratch,9551,ocnoisy,two_hole,clean,test,chain_r+chain_s,,322,0.9503105590062112,0.0,0.049689440993788817,0.9503105590062112,0.9503105590062112,0.0,0.049689440993788817,0.9503105590062112,0.9503105590062112,0.0,0.049689440993788817,0.9503105590062112,0.6346655456083161,0.46138790249824524,0.5741971945305362,0.9469542070136183,0.9254658385093167,0.9720496894409938,,6.0,1.0
LSTM,scratch,9551,ocnoisy,two_hole,clean,test,chain_r+chain_s,,351,0.9316239316239316,0.0,0.06837606837606838,0.9316239316239316,0.9316239316239316,0.0,0.06837606837606838,0.9316239316239316,0.9316239316239316,0.0,0.06837606837606838,0.9316239316239316,0.6855262778593264,0.5201662629842758,0.6613501468991295,0.9507633866608226,0.9031339031339032,0.9572649572649573,,6.0,2.0
LSTM,scratch,9551,ocnoisy,two_hole,clean,test,chain_r+chain_s,,327,0.8807339449541285,0.0,0.11926605504587157,0.8807339449541285,0.8807339449541285,0.0,0.11926605504587157,0.8807339449541285,0.8807339449541285,0.0,0.11926605504587157,0.8807339449541285,0.6548290749846613,0.38014717400074005,0.7102244746435306,0.9135033526919734,0.8440366972477065,0.9143730886850153,,6.0,3.0
LSTM,scratch,9551,ocnoisy,two_hole,clean,test,chain_r+chain_s,,299,0.68561872909699,0.0,0.31438127090301005,0.68561872909699,0.68561872909699,0.0,0.31438127090301005,0.68561872909699,0.68561872909699,0.0,0.31438127090301005,0.68561872909699,0.48216577108488434,0.2346189171075821,0.6855860799924951,0.8024518741401102,0.6287625418060201,0.7391304347826086,,6.0,4.0
LSTM,scratch,9551,ocnoisy,two_hole,clean,test,chain_r+chain_s,,333,0.5765765765765766,0.0,0.42342342342342343,0.5765765765765766,0.5765765765765766,0.0,0.42342342342342343,0.5765765765765766,0.5765765765765766,0.0,0.42342342342342343,0.5765765765765766,0.3669606964061926,0.0458785742521286,0.6856718772867878,0.679742805868932,0.5225225225225225,0.6306306306306306,,6.0,5.0
LSTM,scratch,9551,ocnoisy,two_hole,heldout,val,orientation,1.0,1030,0.6660194174757281,0.0,0.3339805825242718,0.6660194174757281,0.6660194174757281,0.0,0.3339805825242718,0.6660194174757281,0.6660194174757281,0.0,0.3339805825242718,0.6660194174757281,0.09378007549105338,0.0765010416507721,0.20842453459992194,0.6248392873974927,0.6378398058252428,0.6951456310679611,,,
LSTM,scratch,9551,ocnoisy,two_hole,heldout,val,orientation,2.0,970,0.7010309278350515,0.0,0.29896907216494845,0.7010309278350515,0.7010309278350515,0.0,0.29896907216494845,0.7010309278350515,0.7010309278350515,0.0,0.29896907216494845,0.7010309278350515,0.41418814395659975,0.17613545805215836,0.6826919984819342,0.7138410032947178,0.6742268041237114,0.7309278350515463,,,
LSTM,scratch,9551,ocnoisy,two_hole,heldout,val,kappa_gap,,613,0.6851549755301795,0.0,0.31484502446982054,0.6851549755301795,0.6851549755301795,0.0,0.31484502446982054,0.6851549755301795,0.6851549755301795,0.0,0.31484502446982054,0.6851549755301795,0.26824060690150175,0.10513168573379517,0.527377433497027,0.6679342894171686,0.6492659053833605,0.7210440456769984,1.0,,
LSTM,scratch,9551,ocnoisy,two_hole,heldout,val,kappa_gap,,557,0.6840215439856373,0.0,0.31597845601436264,0.6840215439856373,0.6840215439856373,0.0,0.31597845601436264,0.6840215439856373,0.6840215439856373,0.0,0.31597845601436264,0.6840215439856373,0.3120769783988247,0.1070864200592041,0.605865615133844,0.6930787851048674,0.644524236983842,0.7199281867145422,2.0,,
LSTM,scratch,9551,ocnoisy,two_hole,heldout,val,kappa_gap,,432,0.6875,0.0,0.3125,0.6875,0.6875,0.0,0.3125,0.6875,0.6875,0.0,0.3125,0.6875,0.2586135531223758,0.11860527098178864,0.5323549863973245,0.6884966563786008,0.6412037037037037,0.7314814814814815,3.0,,
LSTM,scratch,9551,ocnoisy,two_hole,heldout,val,kappa_gap,,251,0.6852589641434262,0.0,0.3147410358565737,0.6852589641434262,0.6852589641434262,0.0,0.3147410358565737,0.6852589641434262,0.6852589641434262,0.0,0.3147410358565737,0.6852589641434262,0.12011424110705159,0.10493999719619751,0.33975821598011663,0.631132839161283,0.6294820717131474,0.7450199203187251,4.0,,
LSTM,scratch,9551,ocnoisy,two_hole,heldout,val,kappa_gap,,147,0.6530612244897959,0.0,0.3469387755102041,0.6530612244897959,0.6530612244897959,0.0,0.3469387755102041,0.6530612244897959,0.6530612244897959,0.0,0.3469387755102041,0.6530612244897959,0.12399917638220755,0.09267503023147583,0.29519913527592334,0.6381600259151279,0.5714285714285714,0.7278911564625851,5.0,,
LSTM,scratch,9551,ocnoisy,two_hole,heldout,val,chain_r+chain_s,,78,0.5128205128205128,0.0,0.48717948717948717,0.5128205128205128,0.5128205128205128,0.0,0.48717948717948717,0.5128205128205128,0.5128205128205128,0.0,0.48717948717948717,0.5128205128205128,0.12714212158551583,0.011733591556549072,0.47059244738663353,0.5484878369493755,0.4099358974358974,0.6282051282051282,,1.0,2.0
LSTM,scratch,9551,ocnoisy,two_hole,heldout,val,chain_r+chain_s,,73,0.589041095890411,0.0,0.410958904109589,0.589041095890411,0.589041095890411,0.0,0.410958904109589,0.589041095890411,0.589041095890411,0.0,0.410958904109589,0.589041095890411,0.252526923401715,0.07687938213348389,0.5263682172895969,0.6323888159129293,0.4791095890410959,0.6986301369863014,,1.0,3.0
LSTM,scratch,9551,ocnoisy,two_hole,heldout,val,chain_r+chain_s,,59,0.5423728813559322,0.0,0.4576271186440678,0.5423728813559322,0.5423728813559322,0.0,0.4576271186440678,0.5423728813559322,0.5423728813559322,0.0,0.4576271186440678,0.5423728813559322,0.2852391504635245,0.07595139741897583,0.6054652705267571,0.642918701522551,0.423728813559322,0.6610169491525424,,1.0,4.0
LSTM,scratch,9551,ocnoisy,two_hole,heldout,val,chain_r+chain_s,,64,0.6875,0.0,0.3125,0.6875,0.6875,0.0,0.3125,0.6875,0.6875,0.0,0.3125,0.6875,0.25295056006871164,0.15493478626012802,0.5049119437576494,0.65625,0.577734375,0.796875,,1.0,5.0
LSTM,scratch,9551,ocnoisy,two_hole,heldout,val,chain_r+chain_s,,65,0.8,0.0,0.2,0.8,0.8,0.0,0.2,0.8,0.8,0.0,0.2,0.8,0.2703592066581433,0.19656914472579956,0.3552866179107658,0.7315976331360947,0.6923076923076923,0.8923076923076924,,1.0,6.0
LSTM,scratch,9551,ocnoisy,two_hole,heldout,val,chain_r+chain_s,,70,0.6571428571428571,0.0,0.34285714285714286,0.6571428571428571,0.6571428571428571,0.0,0.34285714285714286,0.6571428571428571,0.6571428571428571,0.0,0.34285714285714286,0.6571428571428571,0.18494661748409272,0.10610218346118927,0.6595253300129444,0.6281632653061224,0.5567857142857143,0.7714285714285715,,2.0,1.0
LSTM,scratch,9551,ocnoisy,two_hole,heldout,val,chain_r+chain_s,,75,0.5466666666666666,0.0,0.4533333333333333,0.5466666666666666,0.5466666666666666,0.0,0.4533333333333333,0.5466666666666666,0.5466666666666666,0.0,0.4533333333333333,0.5466666666666666,0.16728370130062103,0.01239556074142456,0.47136183156805767,0.5900444444444444,0.44,0.6533333333333333,,2.0,3.0
LSTM,scratch,9551,ocnoisy,two_hole,heldout,val,chain_r+chain_s,,70,0.6285714285714286,0.0,0.37142857142857144,0.6285714285714286,0.6285714285714286,0.0,0.37142857142857144,0.6285714285714286,0.6285714285714286,0.0,0.37142857142857144,0.6285714285714286,0.16949868564094817,0.03502925485372543,0.44768482517537966,0.6120408163265306,0.5142857142857142,0.7428571428571429,,2.0,4.0
LSTM,scratch,9551,ocnoisy,two_hole,heldout,val,chain_r+chain_s,,73,0.6712328767123288,0.0,0.3287671232876712,0.6712328767123288,0.6712328767123288,0.0,0.3287671232876712,0.6712328767123288,0.6712328767123288,0.0,0.3287671232876712,0.6712328767123288,0.20455425610281017,0.08344493806362152,0.4829717870491138,0.625820979545881,0.5616438356164384,0.7671232876712328,,2.0,5.0
LSTM,scratch,9551,ocnoisy,two_hole,heldout,val,chain_r+chain_s,,73,0.589041095890411,0.0,0.410958904109589,0.589041095890411,0.589041095890411,0.0,0.410958904109589,0.589041095890411,0.589041095890411,0.0,0.410958904109589,0.589041095890411,0.17538087212876097,0.05793142318725586,0.4665323874911842,0.5774066428973541,0.4794520547945205,0.6986301369863014,,2.0,6.0
LSTM,scratch,9551,ocnoisy,two_hole,heldout,val,chain_r+chain_s,,73,0.7397260273972602,0.0,0.2602739726027397,0.7397260273972602,0.7397260273972602,0.0,0.2602739726027397,0.7397260273972602,0.7397260273972602,0.0,0.2602739726027397,0.7397260273972602,0.2060916785099735,0.11667023599147797,0.45115590286926727,0.6642897354100206,0.6438356164383562,0.8356164383561644,,3.0,1.0
LSTM,scratch,9551,ocnoisy,two_hole,heldout,val,chain_r+chain_s,,64,0.6875,0.0,0.3125,0.6875,0.6875,0.0,0.3125,0.6875,0.6875,0.0,0.3125,0.6875,0.2463020021095872,0.12124605476856232,0.5306916587185053,0.68017578125,0.578125,0.796875,,3.0,2.0
LSTM,scratch,9551,ocnoisy,two_hole,heldout,val,chain_r+chain_s,,67,0.5223880597014925,0.0,0.47761194029850745,0.5223880597014925,0.5223880597014925,0.0,0.47761194029850745,0.5223880597014925,0.5223880597014925,0.0,0.47761194029850745,0.5223880597014925,0.0958703865311039,0.009392887353897095,0.5035189370542543,0.5573624415237247,0.40298507462686567,0.6417910447761194,,3.0,4.0
LSTM,scratch,9551,ocnoisy,two_hole,heldout,val,chain_r+chain_s,,71,0.5915492957746479,0.0,0.4084507042253521,0.5915492957746479,0.5915492957746479,0.0,0.4084507042253521,0.5915492957746479,0.5915492957746479,0.0,0.4084507042253521,0.5915492957746479,0.23740900843076304,0.037758827209472656,0.49766610240366455,0.6421344971235866,0.4788732394366197,0.704225352112676,,3.0,5.0
LSTM,scratch,9551,ocnoisy,two_hole,heldout,val,chain_r+chain_s,,62,0.6774193548387096,0.0,0.3225806451612903,0.6774193548387096,0.6774193548387096,0.0,0.3225806451612903,0.6774193548387096,0.6774193548387096,0.0,0.3225806451612903,0.6774193548387096,0.24390795514468225,0.07825767993927002,0.5023321917185499,0.6748178980228928,0.5645161290322581,0.7903225806451613,,3.0,6.0
LSTM,scratch,9551,ocnoisy,two_hole,heldout,val,chain_r+chain_s,,67,0.8208955223880597,0.0,0.1791044776119403,0.8208955223880597,0.8208955223880597,0.0,0.1791044776119403,0.8208955223880597,0.8208955223880597,0.0,0.1791044776119403,0.8208955223880597,0.37580552941827633,0.3171272575855255,0.5174499043920079,0.8215638226776565,0.7164179104477612,0.9104477611940298,,4.0,1.0
LSTM,scratch,9551,ocnoisy,two_hole,heldout,val,chain_r+chain_s,,62,0.7419354838709677,0.0,0.25806451612903225,0.7419354838709677,0.7419354838709677,0.0,0.25806451612903225,0.7419354838709677,0.7419354838709677,0.0,0.25806451612903225,0.7419354838709677,0.37317787663590524,0.1628516986966133,0.7068773738151543,0.7531217481789801,0.6290322580645161,0.8387096774193549,,4.0,2.0
LSTM,scratch,9551,ocnoisy,two_hole,heldout,val,chain_r+chain_s,,58,0.7931034482758621,0.0,0.20689655172413793,0.7931034482758621,0.7931034482758621,0.0,0.20689655172413793,0.7931034482758621,0.7931034482758621,0.0,0.20689655172413793,0.7931034482758621,0.2876882278199854,0.1451842114329338,0.48907940743778977,0.7110582639714625,0.6896551724137931,0.896551724137931,,4.0,3.0
LSTM,scratch,9551,ocnoisy,two_hole,heldout,val,chain_r+chain_s,,72,0.6666666666666666,0.0,0.3333333333333333,0.6666666666666666,0.6666666666666666,0.0,0.3333333333333333,0.6666666666666666,0.6666666666666666,0.0,0.3333333333333333,0.6666666666666666,0.14350630549920929,0.06376762688159943,0.35769736149532566,0.605516975308642,0.5690972222222223,0.7777777777777778,,4.0,5.0
LSTM,scratch,9551,ocnoisy,two_hole,heldout,val,chain_r+chain_s,,73,0.7123287671232876,0.0,0.2876712328767123,0.7123287671232876,0.7123287671232876,0.0,0.2876712328767123,0.7123287671232876,0.7123287671232876,0.0,0.2876712328767123,0.7123287671232876,0.20114184997669637,0.11610594391822815,0.45729819722430026,0.659223118784012,0.6027397260273972,0.8082191780821918,,4.0,6.0
LSTM,scratch,9551,ocnoisy,two_hole,heldout,val,chain_r+chain_s,,63,0.8095238095238095,0.0,0.19047619047619047,0.8095238095238095,0.8095238095238095,0.0,0.19047619047619047,0.8095238095238095,0.8095238095238095,0.0,0.19047619047619047,0.8095238095238095,0.37123028768433464,0.26182693243026733,0.5262251344937587,0.7923910304862685,0.7142857142857143,0.9047619047619048,,5.0,1.0
LSTM,scratch,9551,ocnoisy,two_hole,heldout,val,chain_r+chain_s,,57,0.8070175438596491,0.0,0.19298245614035087,0.8070175438596491,0.8070175438596491,0.0,0.19298245614035087,0.8070175438596491,0.8070175438596491,0.0,0.19298245614035087,0.8070175438596491,0.31505980486409707,0.19607830047607422,0.4725009213868891,0.7623884272083719,0.7017543859649122,0.8951754385964908,,5.0,2.0
LSTM,scratch,9551,ocnoisy,two_hole,heldout,val,chain_r+chain_s,,67,0.8059701492537313,0.0,0.19402985074626866,0.8059701492537313,0.8059701492537313,0.0,0.19402985074626866,0.8059701492537313,0.8059701492537313,0.0,0.19402985074626866,0.8059701492537313,0.2948126977504189,0.15059304237365723,0.4736551930710532,0.7400311873468479,0.7014925373134329,0.8955223880597015,,5.0,3.0
LSTM,scratch,9551,ocnoisy,two_hole,heldout,val,chain_r+chain_s,,65,0.5230769230769231,0.0,0.47692307692307695,0.5230769230769231,0.5230769230769231,0.0,0.47692307692307695,0.5230769230769231,0.5230769230769231,0.0,0.47692307692307695,0.5230769230769231,0.18859710532885332,0.0025343596935272217,0.5671776172335138,0.5846153846153846,0.4,0.6311538461538457,,5.0,4.0
LSTM,scratch,9551,ocnoisy,two_hole,heldout,val,chain_r+chain_s,,65,0.6461538461538462,0.0,0.35384615384615387,0.6461538461538462,0.6461538461538462,0.0,0.35384615384615387,0.6461538461538462,0.6461538461538462,0.0,0.35384615384615387,0.6461538461538462,0.04389452040195465,0.038645029067993164,0.290628588730478,0.5327810650887574,0.5230769230769231,0.7692307692307693,,5.0,6.0
LSTM,scratch,9551,ocnoisy,two_hole,heldout,val,chain_r+chain_s,,52,0.8269230769230769,0.0,0.17307692307692307,0.8269230769230769,0.8269230769230769,0.0,0.17307692307692307,0.8269230769230769,0.8269230769230769,0.0,0.17307692307692307,0.8269230769230769,0.5000277442427782,0.2260437235236168,0.702442432951468,0.8128698224852071,0.7115384615384616,0.9230769230769231,,6.0,1.0
LSTM,scratch,9551,ocnoisy,two_hole,heldout,val,chain_r+chain_s,,65,0.8769230769230769,0.0,0.12307692307692308,0.8769230769230769,0.8769230769230769,0.0,0.12307692307692308,0.8769230769230769,0.8769230769230769,0.0,0.12307692307692308,0.8769230769230769,0.45059097088300265,0.29711009562015533,0.5407904008149014,0.8307692307692308,0.7846153846153846,0.9538461538461539,,6.0,2.0
LSTM,scratch,9551,ocnoisy,two_hole,heldout,val,chain_r+chain_s,,79,0.8607594936708861,0.0,0.13924050632911392,0.8607594936708861,0.8607594936708861,0.0,0.13924050632911392,0.8607594936708861,0.8607594936708861,0.0,0.13924050632911392,0.8607594936708861,0.4103230884935282,0.18965816497802734,0.5721226264241148,0.7997115846819419,0.7848101265822784,0.9243670886075946,,6.0,3.0
LSTM,scratch,9551,ocnoisy,two_hole,heldout,val,chain_r+chain_s,,56,0.5892857142857143,0.0,0.4107142857142857,0.5892857142857143,0.5892857142857143,0.0,0.4107142857142857,0.5892857142857143,0.5892857142857143,0.0,0.4107142857142857,0.5892857142857143,0.22615555727056094,0.1348622962832451,0.5159916208901598,0.6846301020408163,0.44642857142857145,0.7142857142857143,,6.0,4.0
LSTM,scratch,9551,ocnoisy,two_hole,heldout,val,chain_r+chain_s,,62,0.6451612903225806,0.0,0.3548387096774194,0.6451612903225806,0.6451612903225806,0.0,0.3548387096774194,0.6451612903225806,0.6451612903225806,0.0,0.3548387096774194,0.6451612903225806,0.29859048837134916,0.08628891408443451,0.6050507957458948,0.6493236212278877,0.532258064516129,0.7580645161290323,,6.0,5.0
LSTM,scratch,9551,ocnoisy,two_hole,heldout,test,orientation,1.0,5051,0.6590774104137794,0.0,0.34092258958622057,0.6590774104137794,0.6590774104137794,0.0,0.34092258958622057,0.6590774104137794,0.6590774104137794,0.0,0.34092258958622057,0.6590774104137794,0.08277184243893486,0.0719568133354187,0.2048169548080626,0.6072778898552915,0.6467927143139972,0.6719461492773708,,,
LSTM,scratch,9551,ocnoisy,two_hole,heldout,test,orientation,2.0,4949,0.7068094564558497,0.0,0.2931905435441503,0.7068094564558497,0.7068094564558497,0.0,0.2931905435441503,0.7068094564558497,0.7068094564558497,0.0,0.2931905435441503,0.7068094564558497,0.41952610960251685,0.19158214330673218,0.6942692938960683,0.7209297207756742,0.6940745605172762,0.7193422913719943,,,
LSTM,scratch,9551,ocnoisy,two_hole,heldout,test,kappa_gap,,3321,0.6874435411020777,0.0,0.31255645889792233,0.6874435411020777,0.6874435411020777,0.0,0.31255645889792233,0.6874435411020777,0.6874435411020777,0.0,0.31255645889792233,0.6874435411020777,0.26797459744089736,0.10875284671783447,0.5489399943896752,0.6711054932155933,0.6717856067449564,0.703101475459199,1.0,,
LSTM,scratch,9551,ocnoisy,two_hole,heldout,test,kappa_gap,,2689,0.7069542580885088,0.0,0.29304574191149124,0.7069542580885088,0.7069542580885088,0.0,0.29304574191149124,0.7069542580885088,0.7069542580885088,0.0,0.29304574191149124,0.7069542580885088,0.3256685127912511,0.11884796619415283,0.597278682232449,0.7016841059141958,0.6891037560431387,0.7244514689475642,2.0,,
LSTM,scratch,9551,ocnoisy,two_hole,heldout,test,kappa_gap,,2008,0.6802788844621513,0.0,0.3197211155378486,0.6802788844621513,0.6802788844621513,0.0,0.3197211155378486,0.6802788844621513,0.6802788844621513,0.0,0.3197211155378486,0.6802788844621513,0.2614439347150376,0.11011888086795807,0.5579314591233941,0.6777285777209886,0.6583665338645418,0.6997011952191236,3.0,,
LSTM,scratch,9551,ocnoisy,two_hole,heldout,test,kappa_gap,,1313,0.6458492003046459,0.0,0.3541507996953541,0.6458492003046459,0.6458492003046459,0.0,0.3541507996953541,0.6458492003046459,0.6458492003046459,0.0,0.3541507996953541,0.6458492003046459,0.10686215007023692,0.0839080959558487,0.36659481617939027,0.6166677011013538,0.6222391469916222,0.670982482863671,4.0,,
LSTM,scratch,9551,ocnoisy,two_hole,heldout,test,kappa_gap,,669,0.6412556053811659,0.0,0.35874439461883406,0.6412556053811659,0.6412556053811659,0.0,0.35874439461883406,0.6412556053811659,0.6412556053811659,0.0,0.35874439461883406,0.6412556053811659,0.09470792172646487,0.07763168215751648,0.2983185690862586,0.6055107571928744,0.6038863976083707,0.6816143497757847,5.0,,
LSTM,scratch,9551,ocnoisy,two_hole,heldout,test,chain_r+chain_s,,352,0.5568181818181818,0.0,0.4431818181818182,0.5568181818181818,0.5568181818181818,0.0,0.4431818181818182,0.5568181818181818,0.5568181818181818,0.0,0.4431818181818182,0.5568181818181818,0.1663791589777578,0.03513596951961517,0.4627473812387929,0.5883103047520661,0.5056107954545455,0.605184659090909,,1.0,2.0
LSTM,scratch,9551,ocnoisy,two_hole,heldout,test,chain_r+chain_s,,326,0.6012269938650306,0.0,0.3987730061349693,0.6012269938650306,0.6012269938650306,0.0,0.3987730061349693,0.6012269938650306,0.6012269938650306,0.0,0.3987730061349693,0.6012269938650306,0.2364212989898547,0.06585748493671417,0.5476436272525114,0.6255316346117656,0.5460122699386503,0.6533742331288344,,1.0,3.0
LSTM,scratch,9551,ocnoisy,two_hole,heldout,test,chain_r+chain_s,,323,0.5944272445820433,0.0,0.4055727554179567,0.5944272445820433,0.5944272445820433,0.0,0.4055727554179567,0.5944272445820433,0.5944272445820433,0.0,0.4055727554179567,0.5944272445820433,0.21237923580887885,0.08732020854949951,0.5192548793612812,0.6124471623422059,0.541795665634675,0.6501547987616099,,1.0,4.0
LSTM,scratch,9551,ocnoisy,two_hole,heldout,test,chain_r+chain_s,,334,0.7065868263473054,0.0,0.2934131736526946,0.7065868263473054,0.7065868263473054,0.0,0.2934131736526946,0.7065868263473054,0.7065868263473054,0.0,0.2934131736526946,0.7065868263473054,0.2799154358531187,0.1470242664217949,0.5108700501180153,0.6775610455735236,0.6586077844311377,0.7544910179640718,,1.0,5.0
LSTM,scratch,9551,ocnoisy,two_hole,heldout,test,chain_r+chain_s,,339,0.7168141592920354,0.0,0.2831858407079646,0.7168141592920354,0.7168141592920354,0.0,0.2831858407079646,0.7168141592920354,0.7168141592920354,0.0,0.2831858407079646,0.7168141592920354,0.210942864461986,0.14245116710662842,0.4577459399287936,0.6419366347316853,0.6666666666666666,0.7669616519174042,,1.0,6.0
LSTM,scratch,9551,ocnoisy,two_hole,heldout,test,chain_r+chain_s,,353,0.6968838526912181,0.0,0.3031161473087819,0.6968838526912181,0.6968838526912181,0.0,0.3031161473087819,0.6968838526912181,0.6968838526912181,0.0,0.3031161473087819,0.6968838526912181,0.2670444790854333,0.10472196340560913,0.5652018359688025,0.6715245287258544,0.6487252124645893,0.7450424929178471,,2.0,1.0
LSTM,scratch,9551,ocnoisy,two_hole,heldout,test,chain_r+chain_s,,316,0.5949367088607594,0.0,0.4050632911392405,0.5949367088607594,0.5949367088607594,0.0,0.4050632911392405,0.5949367088607594,0.5949367088607594,0.0,0.4050632911392405,0.5949367088607594,0.14666502939277812,0.04722500592470169,0.4366803011631326,0.5807763178977728,0.5379746835443038,0.6456487341772151,,2.0,3.0
LSTM,scratch,9551,ocnoisy,two_hole,heldout,test,chain_r+chain_s,,325,0.6246153846153846,0.0,0.37538461538461537,0.6246153846153846,0.6246153846153846,0.0,0.37538461538461537,0.6246153846153846,0.6246153846153846,0.0,0.37538461538461537,0.6246153846153846,0.20973629515904646,0.06765300035476685,0.5156191917266285,0.6134248520710058,0.5723076923076923,0.676923076923077,,2.0,4.0
LSTM,scratch,9551,ocnoisy,two_hole,heldout,test,chain_r+chain_s,,297,0.696969696969697,0.0,0.30303030303030304,0.696969696969697,0.696969696969697,0.0,0.30303030303030304,0.696969696969697,0.696969696969697,0.0,0.30303030303030304,0.696969696969697,0.2679555966496869,0.1316552758216858,0.4923656792771777,0.6798625990545182,0.6430976430976431,0.7474747474747475,,2.0,5.0
LSTM,scratch,9551,ocnoisy,two_hole,heldout,test,chain_r+chain_s,,341,0.7214076246334311,0.0,0.2785923753665689,0.7214076246334311,0.7214076246334311,0.0,0.2785923753665689,0.7214076246334311,0.7214076246334311,0.0,0.2785923753665689,0.7214076246334311,0.23686772729119948,0.11124300956726074,0.4966066701196005,0.6531161582717727,0.6773460410557184,0.7653958944281525,,2.0,6.0
LSTM,scratch,9551,ocnoisy,two_hole,heldout,test,chain_r+chain_s,,345,0.7681159420289855,0.0,0.2318840579710145,0.7681159420289855,0.7681159420289855,0.0,0.2318840579710145,0.7681159420289855,0.7681159420289855,0.0,0.2318840579710145,0.7681159420289855,0.35795245814150656,0.20144423842430115,0.6170885213037259,0.7477504725897921,0.7216666666666667,0.8144927536231884,,3.0,1.0
LSTM,scratch,9551,ocnoisy,two_hole,heldout,test,chain_r+chain_s,,346,0.6329479768786127,0.0,0.3670520231213873,0.6329479768786127,0.6329479768786127,0.0,0.3670520231213873,0.6329479768786127,0.6329479768786127,0.0,0.3670520231213873,0.6329479768786127,0.1649124794828065,0.07107628136873245,0.5499103009297666,0.6167011928230145,0.5809248554913294,0.6820809248554913,,3.0,2.0
LSTM,scratch,9551,ocnoisy,two_hole,heldout,test,chain_r+chain_s,,346,0.4624277456647399,0.0,0.5375722543352601,0.4624277456647399,0.4624277456647399,0.0,0.5375722543352601,0.4624277456647399,0.4624277456647399,0.0,0.5375722543352601,0.4624277456647399,0.06246810204031839,-0.017905354499816895,0.4010436198139143,0.5248588325704167,0.41040462427745666,0.5173410404624278,,3.0,4.0
LSTM,scratch,9551,ocnoisy,two_hole,heldout,test,chain_r+chain_s,,336,0.6279761904761905,0.0,0.37202380952380953,0.6279761904761905,0.6279761904761905,0.0,0.37202380952380953,0.6279761904761905,0.6279761904761905,0.0,0.37202380952380953,0.6279761904761905,0.1923039025139241,0.061333537101745605,0.5060091661769683,0.6351819373582767,0.5744047619047619,0.6815476190476191,,3.0,5.0
LSTM,scratch,9551,ocnoisy,two_hole,heldout,test,chain_r+chain_s,,375,0.664,0.0,0.336,0.664,0.664,0.0,0.336,0.664,0.664,0.0,0.336,0.664,0.1936071227590243,0.09358417987823486,0.4421765901699626,0.6403128888888889,0.616,0.712,,3.0,6.0
LSTM,scratch,9551,ocnoisy,two_hole,heldout,test,chain_r+chain_s,,346,0.7890173410404624,0.0,0.21098265895953758,0.7890173410404624,0.7890173410404624,0.0,0.21098265895953758,0.7890173410404624,0.7890173410404624,0.0,0.21098265895953758,0.7890173410404624,0.3936758522439554,0.25282666087150574,0.6164442188419808,0.7795950415984496,0.7427745664739884,0.8294797687861272,,4.0,1.0
LSTM,scratch,9551,ocnoisy,two_hole,heldout,test,chain_r+chain_s,,303,0.7524752475247525,0.0,0.24752475247524752,0.7524752475247525,0.7524752475247525,0.0,0.24752475247524752,0.7524752475247525,0.7524752475247525,0.0,0.24752475247524752,0.7524752475247525,0.28137516862291706,0.1799381822347641,0.5551518352543922,0.7316929712773257,0.7029702970297029,0.7954620462046204,,4.0,2.0
LSTM,scratch,9551,ocnoisy,two_hole,heldout,test,chain_r+chain_s,,325,0.7538461538461538,0.0,0.24615384615384617,0.7538461538461538,0.7538461538461538,0.0,0.24615384615384617,0.7538461538461538,0.7538461538461538,0.0,0.24615384615384617,0.7538461538461538,0.22163782177063135,0.10378177464008331,0.5242169212521254,0.657543195266272,0.7076923076923077,0.8,,4.0,3.0
LSTM,scratch,9551,ocnoisy,two_hole,heldout,test,chain_r+chain_s,,345,0.6289855072463768,0.0,0.3710144927536232,0.6289855072463768,0.6289855072463768,0.0,0.3710144927536232,0.6289855072463768,0.6289855072463768,0.0,0.3710144927536232,0.6289855072463768,0.15427771975164828,0.04836532473564148,0.43237453704819506,0.6046796891409367,0.5797101449275363,0.6840579710144927,,4.0,5.0
LSTM,scratch,9551,ocnoisy,two_hole,heldout,test,chain_r+chain_s,,352,0.7017045454545454,0.0,0.29829545454545453,0.7017045454545454,0.7017045454545454,0.0,0.29829545454545453,0.7017045454545454,0.7017045454545454,0.0,0.29829545454545453,0.7017045454545454,0.23948329936882312,0.12913884967565536,0.47179265259875275,0.6671455320247935,0.65625,0.75,,4.0,6.0
LSTM,scratch,9551,ocnoisy,two_hole,heldout,test,chain_r+chain_s,,294,0.8503401360544217,0.0,0.14965986394557823,0.8503401360544217,0.8503401360544217,0.0,0.14965986394557823,0.8503401360544217,0.8503401360544217,0.0,0.14965986394557823,0.8503401360544217,0.4288901931980029,0.24163707345724106,0.5653975796666341,0.812543384700819,0.8095238095238095,0.8877551020408163,,5.0,1.0
LSTM,scratch,9551,ocnoisy,two_hole,heldout,test,chain_r+chain_s,,325,0.796923076923077,0.0,0.20307692307692307,0.796923076923077,0.796923076923077,0.0,0.20307692307692307,0.796923076923077,0.796923076923077,0.0,0.20307692307692307,0.796923076923077,0.4104962442012934,0.2283792346715927,0.581945881622082,0.7905893491124261,0.7538461538461538,0.8461538461538461,,5.0,2.0
LSTM,scratch,9551,ocnoisy,two_hole,heldout,test,chain_r+chain_s,,325,0.76,0.0,0.24,0.76,0.76,0.0,0.24,0.76,0.76,0.0,0.24,0.76,0.3587777512577864,0.14824379980564117,0.6059597102542376,0.7393136094674557,0.7169230769230769,0.8062307692307691,,5.0,3.0
LSTM,scratch,9551,ocnoisy,two_hole,heldout,test,chain_r+chain_s,,319,0.5893416927899686,0.0,0.4106583072100313,0.5893416927899686,0.5893416927899686,0.0,0.4106583072100313,0.5893416927899686,0.5893416927899686,0.0,0.4106583072100313,0.5893416927899686,0.1618690590219438,0.04191243648529053,0.5146342152207968,0.601232299210896,0.5360501567398119,0.6426332288401254,,5.0,4.0
LSTM,scratch,9551,ocnoisy,two_hole,heldout,test,chain_r+chain_s,,324,0.6111111111111112,0.0,0.3888888888888889,0.6111111111111112,0.6111111111111112,0.0,0.3888888888888889,0.6111111111111112,0.6111111111111112,0.0,0.3888888888888889,0.6111111111111112,0.11450854790063551,0.042034804821014404,0.38752117829574706,0.5785798658741046,0.5554783950617285,0.6604938271604939,,5.0,6.0
LSTM,scratch,9551,ocnoisy,two_hole,heldout,test,chain_r+chain_s,,295,0.823728813559322,0.0,0.17627118644067796,0.823728813559322,0.823728813559322,0.0,0.17627118644067796,0.823728813559322,0.823728813559322,0.0,0.17627118644067796,0.823728813559322,0.4561345288814124,0.2943577319383621,0.6695622642829407,0.814214306233841,0.7796610169491526,0.8677966101694915,,6.0,1.0
LSTM,scratch,9551,ocnoisy,two_hole,heldout,test,chain_r+chain_s,,351,0.8262108262108262,0.0,0.1737891737891738,0.8262108262108262,0.8262108262108262,0.0,0.1737891737891738,0.8262108262108262,0.8262108262108262,0.0,0.1737891737891738,0.8262108262108262,0.4055939862276414,0.2531399726867676,0.6001897045826958,0.7870268910154951,0.7834757834757835,0.8632478632478633,,6.0,2.0
LSTM,scratch,9551,ocnoisy,two_hole,heldout,test,chain_r+chain_s,,323,0.7770897832817337,0.0,0.22291021671826625,0.7770897832817337,0.7770897832817337,0.0,0.22291021671826625,0.7770897832817337,0.7770897832817337,0.0,0.22291021671826625,0.7770897832817337,0.3067917150701901,0.17779509723186493,0.5490544469454113,0.7465038484026494,0.7306501547987616,0.8204334365325078,,6.0,3.0
LSTM,scratch,9551,ocnoisy,two_hole,heldout,test,chain_r+chain_s,,365,0.6465753424657534,0.0,0.35342465753424657,0.6465753424657534,0.6465753424657534,0.0,0.35342465753424657,0.6465753424657534,0.6465753424657534,0.0,0.35342465753424657,0.6465753424657534,0.269355283493865,0.0992511659860611,0.5932576128844352,0.6756464627509853,0.5972602739726027,0.6931506849315069,,6.0,4.0
LSTM,scratch,9551,ocnoisy,two_hole,heldout,test,chain_r+chain_s,,354,0.559322033898305,0.0,0.4406779661016949,0.559322033898305,0.559322033898305,0.0,0.4406779661016949,0.559322033898305,0.559322033898305,0.0,0.4406779661016949,0.559322033898305,0.130959322686586,0.022275090217590332,0.5332183533071432,0.5718104631491588,0.5055790960451977,0.6101694915254238,,6.0,5.0
RNNTransformer,scratch,9551,ocdet,two_hole,clean,val,orientation,1.0,1052,1.0,0.0,0.0,1.0,1.0,0.0,0.0,1.0,1.0,0.0,0.0,1.0,20.58552619261745,20.964195609092712,2.6940410463442115,0.9999963856640981,1.0,1.0,,,
RNNTransformer,scratch,9551,ocdet,two_hole,clean,val,orientation,2.0,948,1.0,0.0,0.0,1.0,1.0,0.0,0.0,1.0,1.0,0.0,0.0,1.0,21.334595324675934,21.939011335372925,3.7776974085002224,0.9985879666720077,1.0,1.0,,,
RNNTransformer,scratch,9551,ocdet,two_hole,clean,val,kappa_gap,,673,1.0,0.0,0.0,1.0,1.0,0.0,0.0,1.0,1.0,0.0,0.0,1.0,21.374400369701203,21.69558548927307,3.183024204412419,0.9999955842968765,1.0,1.0,1.0,,
RNNTransformer,scratch,9551,ocdet,two_hole,clean,val,kappa_gap,,511,1.0,0.0,0.0,1.0,1.0,0.0,0.0,1.0,1.0,0.0,0.0,1.0,21.163275851312214,21.471817016601562,3.3037110219533,0.9996668211289019,1.0,1.0,2.0,,
RNNTransformer,scratch,9551,ocdet,two_hole,clean,val,kappa_gap,,418,1.0,0.0,0.0,1.0,1.0,0.0,0.0,1.0,1.0,0.0,0.0,1.0,20.858875989111844,21.21335017681122,3.0856628818453835,0.9994505620292576,1.0,1.0,3.0,,
RNNTransformer,scratch,9551,ocdet,two_hole,clean,val,kappa_gap,,262,1.0,0.0,0.0,1.0,1.0,0.0,0.0,1.0,1.0,0.0,0.0,1.0,20.39742755648175,20.902858018875122,3.5027084775990076,0.9980187634753219,1.0,1.0,4.0,,
RNNTransformer,scratch,9551,ocdet,two_hole,clean,val,kappa_gap,,136,1.0,0.0,0.0,1.0,1.0,0.0,0.0,1.0,1.0,0.0,0.0,1.0,19.25462007610237,19.690135955810547,3.0134718198532635,0.9945393598615917,1.0,1.0,5.0,,
RNNTransformer,scratch,9551,ocdet,two_hole,clean,val,chain_r+chain_s,,53,1.0,0.0,0.0,1.0,1.0,0.0,0.0,1.0,1.0,0.0,0.0,1.0,20.256914078064685,19.90850305557251,3.4044278322631136,1.0,1.0,1.0,,1.0,2.0
RNNTransformer,scratch,9551,ocdet,two_hole,clean,val,chain_r+chain_s,,82,1.0,0.0,0.0,1.0,1.0,0.0,0.0,1.0,1.0,0.0,0.0,1.0,21.810056441804257,21.85139286518097,3.453572261474865,1.0,1.0,1.0,,1.0,3.0
RNNTransformer,scratch,9551,ocdet,two_hole,clean,val,chain_r+chain_s,,58,1.0,0.0,0.0,1.0,1.0,0.0,0.0,1.0,1.0,0.0,0.0,1.0,21.64928905922791,21.676560759544373,3.8475605204616645,1.0,1.0,1.0,,1.0,4.0
RNNTransformer,scratch,9551,ocdet,two_hole,clean,val,chain_r+chain_s,,60,1.0,0.0,0.0,1.0,1.0,0.0,0.0,1.0,1.0,0.0,0.0,1.0,21.481199012200037,21.547858238220215,3.128704084087695,1.0,1.0,1.0,,1.0,5.0
RNNTransformer,scratch,9551,ocdet,two_hole,clean,val,chain_r+chain_s,,71,1.0,0.0,0.0,1.0,1.0,0.0,0.0,1.0,1.0,0.0,0.0,1.0,20.514558256511958,21.489675283432007,3.455860621036511,1.0,1.0,1.0,,1.0,6.0
RNNTransformer,scratch,9551,ocdet,two_hole,clean,val,chain_r+chain_s,,67,1.0,0.0,0.0,1.0,1.0,0.0,0.0,1.0,1.0,0.0,0.0,1.0,20.322762682366726,19.949730396270752,3.6597025623203723,1.0,1.0,1.0,,2.0,1.0
RNNTransformer,scratch,9551,ocdet,two_hole,clean,val,chain_r+chain_s,,49,1.0,0.0,0.0,1.0,1.0,0.0,0.0,1.0,1.0,0.0,0.0,1.0,20.636781162145187,20.87550926208496,2.4227491329747672,1.0,1.0,1.0,,2.0,3.0
RNNTransformer,scratch,9551,ocdet,two_hole,clean,val,chain_r+chain_s,,87,1.0,0.0,0.0,1.0,1.0,0.0,0.0,1.0,1.0,0.0,0.0,1.0,21.527194047796314,21.032069206237793,3.125456380382799,1.0,1.0,1.0,,2.0,4.0
RNNTransformer,scratch,9551,ocdet,two_hole,clean,val,chain_r+chain_s,,50,1.0,0.0,0.0,1.0,1.0,0.0,0.0,1.0,1.0,0.0,0.0,1.0,22.17411595106125,21.880298376083374,3.027661046602186,1.0,1.0,1.0,,2.0,5.0
RNNTransformer,scratch,9551,ocdet,two_hole,clean,val,chain_r+chain_s,,70,1.0,0.0,0.0,1.0,1.0,0.0,0.0,1.0,1.0,0.0,0.0,1.0,20.864168679714204,21.564775943756104,6.353924878079457,0.9957142857142858,1.0,1.0,,2.0,6.0
RNNTransformer,scratch,9551,ocdet,two_hole,clean,val,chain_r+chain_s,,67,1.0,0.0,0.0,1.0,1.0,0.0,0.0,1.0,1.0,0.0,0.0,1.0,22.85878557633998,23.43463373184204,4.124117688049313,1.0,1.0,1.0,,3.0,1.0
RNNTransformer,scratch,9551,ocdet,two_hole,clean,val,chain_r+chain_s,,67,1.0,0.0,0.0,1.0,1.0,0.0,0.0,1.0,1.0,0.0,0.0,1.0,21.084637487112587,21.05774164199829,2.595200056491735,1.0,1.0,1.0,,3.0,2.0
RNNTransformer,scratch,9551,ocdet,two_hole,clean,val,chain_r+chain_s,,57,1.0,0.0,0.0,1.0,1.0,0.0,0.0,1.0,1.0,0.0,0.0,1.0,21.784412533044815,22.026501655578613,2.97594502853654,1.0,1.0,1.0,,3.0,4.0
RNNTransformer,scratch,9551,ocdet,two_hole,clean,val,chain_r+chain_s,,69,1.0,0.0,0.0,1.0,1.0,0.0,0.0,1.0,1.0,0.0,0.0,1.0,21.592234209719777,22.73981761932373,3.5593877346500604,1.0,1.0,1.0,,3.0,5.0
RNNTransformer,scratch,9551,ocdet,two_hole,clean,val,chain_r+chain_s,,71,1.0,0.0,0.0,1.0,1.0,0.0,0.0,1.0,1.0,0.0,0.0,1.0,21.178912686630035,21.68488311767578,2.0917493234570737,1.0,1.0,1.0,,3.0,6.0
RNNTransformer,scratch,9551,ocdet,two_hole,clean,val,chain_r+chain_s,,63,1.0,0.0,0.0,1.0,1.0,0.0,0.0,1.0,1.0,0.0,0.0,1.0,22.14896719417875,22.46611261367798,1.9790587257696237,1.0,1.0,1.0,,4.0,1.0
RNNTransformer,scratch,9551,ocdet,two_hole,clean,val,chain_r+chain_s,,78,1.0,0.0,0.0,1.0,1.0,0.0,0.0,1.0,1.0,0.0,0.0,1.0,21.302464867249512,21.515151739120483,1.9927439425841567,1.0,1.0,1.0,,4.0,2.0
RNNTransformer,scratch,9551,ocdet,two_hole,clean,val,chain_r+chain_s,,55,1.0,0.0,0.0,1.0,1.0,0.0,0.0,1.0,1.0,0.0,0.0,1.0,20.231624214757574,21.5233211517334,4.02829398372934,1.0,1.0,1.0,,4.0,3.0
RNNTransformer,scratch,9551,ocdet,two_hole,clean,val,chain_r+chain_s,,60,1.0,0.0,0.0,1.0,1.0,0.0,0.0,1.0,1.0,0.0,0.0,1.0,19.27300771959126,19.999215841293335,4.9702963936759135,0.9997222222222222,1.0,1.0,,4.0,5.0
RNNTransformer,scratch,9551,ocdet,two_hole,clean,val,chain_r+chain_s,,63,1.0,0.0,0.0,1.0,1.0,0.0,0.0,1.0,1.0,0.0,0.0,1.0,20.012671285205418,19.46480131149292,1.4857065087354846,1.0,1.0,1.0,,4.0,6.0
RNNTransformer,scratch,9551,ocdet,two_hole,clean,val,chain_r+chain_s,,82,1.0,0.0,0.0,1.0,1.0,0.0,0.0,1.0,1.0,0.0,0.0,1.0,22.334508546968785,22.354825019836426,2.4730049134455045,1.0,1.0,1.0,,5.0,1.0
RNNTransformer,scratch,9551,ocdet,two_hole,clean,val,chain_r+chain_s,,70,1.0,0.0,0.0,1.0,1.0,0.0,0.0,1.0,1.0,0.0,0.0,1.0,21.290552748952592,21.695507168769836,1.939039566552075,1.0,1.0,1.0,,5.0,2.0
RNNTransformer,scratch,9551,ocdet,two_hole,clean,val,chain_r+chain_s,,74,1.0,0.0,0.0,1.0,1.0,0.0,0.0,1.0,1.0,0.0,0.0,1.0,22.162754902968537,22.3547180891037,1.832065351451541,1.0,1.0,1.0,,5.0,3.0
RNNTransformer,scratch,9551,ocdet,two_hole,clean,val,chain_r+chain_s,,76,1.0,0.0,0.0,1.0,1.0,0.0,0.0,1.0,1.0,0.0,0.0,1.0,21.396825737859075,22.31531322002411,3.1923019405623427,1.0,1.0,1.0,,5.0,4.0
RNNTransformer,scratch,9551,ocdet,two_hole,clean,val,chain_r+chain_s,,62,1.0,0.0,0.0,1.0,1.0,0.0,0.0,1.0,1.0,0.0,0.0,1.0,19.251366616256774,19.720669388771057,2.6541086495458197,1.0,1.0,1.0,,5.0,6.0
RNNTransformer,scratch,9551,ocdet,two_hole,clean,val,chain_r+chain_s,,69,1.0,0.0,0.0,1.0,1.0,0.0,0.0,1.0,1.0,0.0,0.0,1.0,20.111627630565476,20.108270168304443,1.0890482141134452,1.0,1.0,1.0,,6.0,1.0
RNNTransformer,scratch,9551,ocdet,two_hole,clean,val,chain_r+chain_s,,73,1.0,0.0,0.0,1.0,1.0,0.0,0.0,1.0,1.0,0.0,0.0,1.0,20.697053620668306,21.29470682144165,2.1689609568875716,1.0,1.0,1.0,,6.0,2.0
RNNTransformer,scratch,9551,ocdet,two_hole,clean,val,chain_r+chain_s,,57,1.0,0.0,0.0,1.0,1.0,0.0,0.0,1.0,1.0,0.0,0.0,1.0,19.899512535647343,20.92103338241577,2.5269989884125215,1.0,1.0,1.0,,6.0,3.0
RNNTransformer,scratch,9551,ocdet,two_hole,clean,val,chain_r+chain_s,,78,1.0,0.0,0.0,1.0,1.0,0.0,0.0,1.0,1.0,0.0,0.0,1.0,19.31099352775476,19.776808977127075,1.915213381872062,1.0,1.0,1.0,,6.0,4.0
RNNTransformer,scratch,9551,ocdet,two_hole,clean,val,chain_r+chain_s,,62,1.0,0.0,0.0,1.0,1.0,0.0,0.0,1.0,1.0,0.0,0.0,1.0,18.00190111514061,18.239737272262573,2.218987004033468,1.0,1.0,1.0,,6.0,5.0
RNNTransformer,scratch,9551,ocdet,two_hole,clean,test,orientation,1.0,5099,1.0,0.0,0.0,1.0,1.0,0.0,0.0,1.0,1.0,0.0,0.0,1.0,20.510613407427527,20.901756525039673,2.7832054957101278,0.9999866922058365,1.0,1.0,,,
RNNTransformer,scratch,9551,ocdet,two_hole,clean,test,orientation,2.0,4901,1.0,0.0,0.0,1.0,1.0,0.0,0.0,1.0,1.0,0.0,0.0,1.0,21.5221607684329,22.097179889678955,3.547654510623445,0.9998302234060973,1.0,1.0,,,
RNNTransformer,scratch,9551,ocdet,two_hole,clean,test,kappa_gap,,3399,1.0,0.0,0.0,1.0,1.0,0.0,0.0,1.0,1.0,0.0,0.0,1.0,21.337822410798346,21.749356985092163,3.3115095982517375,0.9998765710040014,1.0,1.0,1.0,,
RNNTransformer,scratch,9551,ocdet,two_hole,clean,test,kappa_gap,,2701,1.0,0.0,0.0,1.0,1.0,0.0,0.0,1.0,1.0,0.0,0.0,1.0,21.277306510232766,21.517549514770508,3.049077612746574,0.9998303040504559,1.0,1.0,2.0,,
RNNTransformer,scratch,9551,ocdet,two_hole,clean,test,kappa_gap,,1974,1.0,0.0,0.0,1.0,1.0,0.0,0.0,1.0,1.0,0.0,0.0,1.0,21.008706510987928,21.349761128425598,3.175764318725341,0.9999604791365769,1.0,1.0,3.0,,
RNNTransformer,scratch,9551,ocdet,two_hole,clean,test,kappa_gap,,1310,1.0,0.0,0.0,1.0,1.0,0.0,0.0,1.0,1.0,0.0,0.0,1.0,20.532672725538262,20.981235027313232,3.0186573571315276,1.0,1.0,1.0,4.0,,
RNNTransformer,scratch,9551,ocdet,two_hole,clean,test,kappa_gap,,616,1.0,0.0,0.0,1.0,1.0,0.0,0.0,1.0,1.0,0.0,0.0,1.0,18.989409917167254,19.618218660354614,3.156188809510965,1.0,1.0,1.0,5.0,,
RNNTransformer,scratch,9551,ocdet,two_hole,clean,test,chain_r+chain_s,,351,1.0,0.0,0.0,1.0,1.0,0.0,0.0,1.0,1.0,0.0,0.0,1.0,20.414153771352904,20.350064277648926,3.660691365239023,1.0,1.0,1.0,,1.0,2.0
RNNTransformer,scratch,9551,ocdet,two_hole,clean,test,chain_r+chain_s,,337,1.0,0.0,0.0,1.0,1.0,0.0,0.0,1.0,1.0,0.0,0.0,1.0,21.626626851252702,21.844438076019287,4.125741496720436,1.0,1.0,1.0,,1.0,3.0
RNNTransformer,scratch,9551,ocdet,two_hole,clean,test,chain_r+chain_s,,365,1.0,0.0,0.0,1.0,1.0,0.0,0.0,1.0,1.0,0.0,0.0,1.0,21.967746691507838,21.899578094482422,3.5019366307873403,1.0,1.0,1.0,,1.0,4.0
RNNTransformer,scratch,9551,ocdet,two_hole,clean,test,chain_r+chain_s,,329,1.0,0.0,0.0,1.0,1.0,0.0,0.0,1.0,1.0,0.0,0.0,1.0,21.876153389371275,21.992027759552002,3.5198490924168104,1.0,1.0,1.0,,1.0,5.0
RNNTransformer,scratch,9551,ocdet,two_hole,clean,test,chain_r+chain_s,,309,1.0,0.0,0.0,1.0,1.0,0.0,0.0,1.0,1.0,0.0,0.0,1.0,19.885294290808027,19.838961601257324,3.2497692101561384,1.0,1.0,1.0,,1.0,6.0
RNNTransformer,scratch,9551,ocdet,two_hole,clean,test,chain_r+chain_s,,362,1.0,0.0,0.0,1.0,1.0,0.0,0.0,1.0,1.0,0.0,0.0,1.0,21.09994784014001,20.439302921295166,3.2500688371755215,1.0,1.0,1.0,,2.0,1.0
RNNTransformer,scratch,9551,ocdet,two_hole,clean,test,chain_r+chain_s,,353,1.0,0.0,0.0,1.0,1.0,0.0,0.0,1.0,1.0,0.0,0.0,1.0,20.563965589736743,20.436386108398438,3.0897615996955254,1.0,1.0,1.0,,2.0,3.0
RNNTransformer,scratch,9551,ocdet,two_hole,clean,test,chain_r+chain_s,,363,1.0,0.0,0.0,1.0,1.0,0.0,0.0,1.0,1.0,0.0,0.0,1.0,21.88225635680942,21.302949905395508,3.167164651226501,1.0,1.0,1.0,,2.0,4.0
RNNTransformer,scratch,9551,ocdet,two_hole,clean,test,chain_r+chain_s,,346,1.0,0.0,0.0,1.0,1.0,0.0,0.0,1.0,1.0,0.0,0.0,1.0,21.70006429563368,21.24894094467163,2.8322352576430747,1.0,1.0,1.0,,2.0,5.0
RNNTransformer,scratch,9551,ocdet,two_hole,clean,test,chain_r+chain_s,,341,1.0,0.0,0.0,1.0,1.0,0.0,0.0,1.0,1.0,0.0,0.0,1.0,22.491744641946557,23.28182315826416,3.9614559237361076,0.9994238095647612,1.0,1.0,,2.0,6.0
RNNTransformer,scratch,9551,ocdet,two_hole,clean,test,chain_r+chain_s,,362,1.0,0.0,0.0,1.0,1.0,0.0,0.0,1.0,1.0,0.0,0.0,1.0,23.219894131058982,23.458916664123535,3.0417093639406283,1.0,1.0,1.0,,3.0,1.0
RNNTransformer,scratch,9551,ocdet,two_hole,clean,test,chain_r+chain_s,,319,1.0,0.0,0.0,1.0,1.0,0.0,0.0,1.0,1.0,0.0,0.0,1.0,21.24253085267301,21.395750522613525,2.818956282651142,1.0,1.0,1.0,,3.0,2.0
RNNTransformer,scratch,9551,ocdet,two_hole,clean,test,chain_r+chain_s,,308,1.0,0.0,0.0,1.0,1.0,0.0,0.0,1.0,1.0,0.0,0.0,1.0,21.424295231845086,22.271507740020752,3.6820848656863285,1.0,1.0,1.0,,3.0,4.0
RNNTransformer,scratch,9551,ocdet,two_hole,clean,test,chain_r+chain_s,,316,1.0,0.0,0.0,1.0,1.0,0.0,0.0,1.0,1.0,0.0,0.0,1.0,21.831191652654848,22.778562784194946,3.6177868814934144,1.0,1.0,1.0,,3.0,5.0
RNNTransformer,scratch,9551,ocdet,two_hole,clean,test,chain_r+chain_s,,312,1.0,0.0,0.0,1.0,1.0,0.0,0.0,1.0,1.0,0.0,0.0,1.0,21.480228651410496,22.180235147476196,2.8003137840967716,1.0,1.0,1.0,,3.0,6.0
RNNTransformer,scratch,9551,ocdet,two_hole,clean,test,chain_r+chain_s,,319,1.0,0.0,0.0,1.0,1.0,0.0,0.0,1.0,1.0,0.0,0.0,1.0,22.148113519420445,22.476672172546387,2.0177497031048564,1.0,1.0,1.0,,4.0,1.0
RNNTransformer,scratch,9551,ocdet,two_hole,clean,test,chain_r+chain_s,,297,1.0,0.0,0.0,1.0,1.0,0.0,0.0,1.0,1.0,0.0,0.0,1.0,21.360320622672134,21.753308296203613,2.0404393709689654,1.0,1.0,1.0,,4.0,2.0
RNNTransformer,scratch,9551,ocdet,two_hole,clean,test,chain_r+chain_s,,352,1.0,0.0,0.0,1.0,1.0,0.0,0.0,1.0,1.0,0.0,0.0,1.0,20.393799874698743,21.159422516822815,3.1983067397728195,1.0,1.0,1.0,,4.0,3.0
RNNTransformer,scratch,9551,ocdet,two_hole,clean,test,chain_r+chain_s,,320,1.0,0.0,0.0,1.0,1.0,0.0,0.0,1.0,1.0,0.0,0.0,1.0,19.863727507810108,20.2300546169281,4.447333216446039,0.99921875,1.0,1.0,,4.0,5.0
RNNTransformer,scratch,9551,ocdet,two_hole,clean,test,chain_r+chain_s,,348,1.0,0.0,0.0,1.0,1.0,0.0,0.0,1.0,1.0,0.0,0.0,1.0,19.825431459936603,19.627636909484863,2.0573810874868115,1.0,1.0,1.0,,4.0,6.0
RNNTransformer,scratch,9551,ocdet,two_hole,clean,test,chain_r+chain_s,,325,1.0,0.0,0.0,1.0,1.0,0.0,0.0,1.0,1.0,0.0,0.0,1.0,22.427435333178593,22.43915605545044,2.488282315138502,1.0,1.0,1.0,,5.0,1.0
RNNTransformer,scratch,9551,ocdet,two_hole,clean,test,chain_r+chain_s,,362,1.0,0.0,0.0,1.0,1.0,0.0,0.0,1.0,1.0,0.0,0.0,1.0,21.585954630243187,21.83730947971344,1.779499968706016,1.0,1.0,1.0,,5.0,2.0
RNNTransformer,scratch,9551,ocdet,two_hole,clean,test,chain_r+chain_s,,305,1.0,0.0,0.0,1.0,1.0,0.0,0.0,1.0,1.0,0.0,0.0,1.0,21.473859630647254,22.190731525421143,3.1530187668131724,1.0,1.0,1.0,,5.0,3.0
RNNTransformer,scratch,9551,ocdet,two_hole,clean,test,chain_r+chain_s,,334,1.0,0.0,0.0,1.0,1.0,0.0,0.0,1.0,1.0,0.0,0.0,1.0,21.205025267681318,22.13680934906006,3.4556931882058843,1.0,1.0,1.0,,5.0,4.0
RNNTransformer,scratch,9551,ocdet,two_hole,clean,test,chain_r+chain_s,,333,1.0,0.0,0.0,1.0,1.0,0.0,0.0,1.0,1.0,0.0,0.0,1.0,19.062731888559128,19.758652925491333,2.2518014776234403,1.0,1.0,1.0,,5.0,6.0
RNNTransformer,scratch,9551,ocdet,two_hole,clean,test,chain_r+chain_s,,322,1.0,0.0,0.0,1.0,1.0,0.0,0.0,1.0,1.0,0.0,0.0,1.0,20.022647234964076,20.163315057754517,1.628286675557339,1.0,1.0,1.0,,6.0,1.0
RNNTransformer,scratch,9551,ocdet,two_hole,clean,test,chain_r+chain_s,,351,1.0,0.0,0.0,1.0,1.0,0.0,0.0,1.0,1.0,0.0,0.0,1.0,20.277038787504885,20.88415241241455,2.5452434261656314,0.9999107150104302,1.0,1.0,,6.0,2.0
RNNTransformer,scratch,9551,ocdet,two_hole,clean,test,chain_r+chain_s,,327,1.0,0.0,0.0,1.0,1.0,0.0,0.0,1.0,1.0,0.0,0.0,1.0,20.215727944257427,21.003690242767334,2.302016090418718,1.0,1.0,1.0,,6.0,3.0
RNNTransformer,scratch,9551,ocdet,two_hole,clean,test,chain_r+chain_s,,299,1.0,0.0,0.0,1.0,1.0,0.0,0.0,1.0,1.0,0.0,0.0,1.0,19.283296770874074,19.55537748336792,1.7342583201190307,1.0,1.0,1.0,,6.0,4.0
RNNTransformer,scratch,9551,ocdet,two_hole,clean,test,chain_r+chain_s,,333,1.0,0.0,0.0,1.0,1.0,0.0,0.0,1.0,1.0,0.0,0.0,1.0,17.968013005213695,18.211429119110107,2.0627500574381434,1.0,1.0,1.0,,6.0,5.0
RNNTransformer,scratch,9551,ocdet,two_hole,heldout,val,orientation,1.0,1030,1.0,0.0,0.0,1.0,1.0,0.0,0.0,1.0,1.0,0.0,0.0,1.0,18.49424349923157,19.08377504348755,3.5441957939212183,0.999851069846357,1.0,1.0,,,
RNNTransformer,scratch,9551,ocdet,two_hole,heldout,val,orientation,2.0,970,0.9969072164948454,0.0,0.003092783505154639,0.9969072164948454,0.9969072164948454,0.0,0.003092783505154639,0.9969072164948454,0.9969072164948454,0.0,0.003092783505154639,0.9969072164948454,17.90740426260325,18.49113380908966,4.2936525744303085,0.9989786374747582,0.9927835051546392,1.0,,,
RNNTransformer,scratch,9551,ocdet,two_hole,heldout,val,kappa_gap,,613,0.99836867862969,0.0,0.0016313213703099511,0.99836867862969,0.99836867862969,0.0,0.0016313213703099511,0.99836867862969,0.99836867862969,0.0,0.0016313213703099511,0.99836867862969,18.023216301244098,18.49359703063965,4.16012918707472,0.9993666321596513,0.9951060358890701,1.0,1.0,,
RNNTransformer,scratch,9551,ocdet,two_hole,heldout,val,kappa_gap,,557,0.9982046678635548,0.0,0.0017953321364452424,0.9982046678635548,0.9982046678635548,0.0,0.0017953321364452424,0.9982046678635548,0.9982046678635548,0.0,0.0017953321364452424,0.9982046678635548,18.522298321783328,19.044577598571777,3.881230914159155,0.9990813830181564,0.9946140035906643,1.0,2.0,,
RNNTransformer,scratch,9551,ocdet,two_hole,heldout,val,kappa_gap,,432,0.9976851851851852,0.0,0.0023148148148148147,0.9976851851851852,0.9976851851851852,0.0,0.0023148148148148147,0.9976851851851852,0.9976851851851852,0.0,0.0023148148148148147,0.9976851851851852,18.416382888263023,19.109352350234985,3.9487339235097685,0.9996892146776406,0.9930555555555556,1.0,3.0,,
RNNTransformer,scratch,9551,ocdet,two_hole,heldout,val,kappa_gap,,251,1.0,0.0,0.0,1.0,1.0,0.0,0.0,1.0,1.0,0.0,0.0,1.0,18.16873464534482,18.96787929534912,3.49439018309134,1.0,1.0,1.0,4.0,,
RNNTransformer,scratch,9551,ocdet,two_hole,heldout,val,kappa_gap,,147,1.0,0.0,0.0,1.0,1.0,0.0,0.0,1.0,1.0,0.0,0.0,1.0,17.26443113827584,18.043210983276367,3.6571998836912285,0.9998148919431719,1.0,1.0,5.0,,
RNNTransformer,scratch,9551,ocdet,two_hole,heldout,val,chain_r+chain_s,,78,1.0,0.0,0.0,1.0,1.0,0.0,0.0,1.0,1.0,0.0,0.0,1.0,17.870349621925598,17.862534284591675,3.4606999184450697,0.9998356344510191,1.0,1.0,,1.0,2.0
RNNTransformer,scratch,9551,ocdet,two_hole,heldout,val,chain_r+chain_s,,73,1.0,0.0,0.0,1.0,1.0,0.0,0.0,1.0,1.0,0.0,0.0,1.0,18.855669927413334,18.697178840637207,2.872521114040745,1.0,1.0,1.0,,1.0,3.0
RNNTransformer,scratch,9551,ocdet,two_hole,heldout,val,chain_r+chain_s,,59,1.0,0.0,0.0,1.0,1.0,0.0,0.0,1.0,1.0,0.0,0.0,1.0,19.770845693046763,20.279794454574585,3.453077290076604,1.0,1.0,1.0,,1.0,4.0
RNNTransformer,scratch,9551,ocdet,two_hole,heldout,val,chain_r+chain_s,,64,1.0,0.0,0.0,1.0,1.0,0.0,0.0,1.0,1.0,0.0,0.0,1.0,19.077970986953005,19.70434534549713,4.088154592220305,1.0,1.0,1.0,,1.0,5.0
RNNTransformer,scratch,9551,ocdet,two_hole,heldout,val,chain_r+chain_s,,65,1.0,0.0,0.0,1.0,1.0,0.0,0.0,1.0,1.0,0.0,0.0,1.0,17.11040073633194,17.417192459106445,3.5498940958647083,1.0,1.0,1.0,,1.0,6.0
RNNTransformer,scratch,9551,ocdet,two_hole,heldout,val,chain_r+chain_s,,70,1.0,0.0,0.0,1.0,1.0,0.0,0.0,1.0,1.0,0.0,0.0,1.0,18.99270165179457,19.215944528579712,4.217355351948662,1.0,1.0,1.0,,2.0,1.0
RNNTransformer,scratch,9551,ocdet,two_hole,heldout,val,chain_r+chain_s,,75,1.0,0.0,0.0,1.0,1.0,0.0,0.0,1.0,1.0,0.0,0.0,1.0,18.1503559978803,18.922438621520996,4.071092575821297,1.0,1.0,1.0,,2.0,3.0
RNNTransformer,scratch,9551,ocdet,two_hole,heldout,val,chain_r+chain_s,,70,1.0,0.0,0.0,1.0,1.0,0.0,0.0,1.0,1.0,0.0,0.0,1.0,18.738549111144884,18.517850637435913,3.5056374154251233,1.0,1.0,1.0,,2.0,4.0
RNNTransformer,scratch,9551,ocdet,two_hole,heldout,val,chain_r+chain_s,,73,1.0,0.0,0.0,1.0,1.0,0.0,0.0,1.0,1.0,0.0,0.0,1.0,18.210893670990043,18.916728496551514,4.225692983960835,0.99981234753237,1.0,1.0,,2.0,5.0
RNNTransformer,scratch,9551,ocdet,two_hole,heldout,val,chain_r+chain_s,,73,0.9726027397260274,0.0,0.0273972602739726,0.9726027397260274,0.9726027397260274,0.0,0.0273972602739726,0.9726027397260274,0.9726027397260274,0.0,0.0273972602739726,0.9726027397260274,17.890936308119397,18.768239974975586,5.719543810364092,0.9900544192156128,0.9315068493150684,1.0,,2.0,6.0
RNNTransformer,scratch,9551,ocdet,two_hole,heldout,val,chain_r+chain_s,,73,1.0,0.0,0.0,1.0,1.0,0.0,0.0,1.0,1.0,0.0,0.0,1.0,19.856589892139173,20.526955366134644,3.947158352016911,1.0,1.0,1.0,,3.0,1.0
RNNTransformer,scratch,9551,ocdet,two_hole,heldout,val,chain_r+chain_s,,64,1.0,0.0,0.0,1.0,1.0,0.0,0.0,1.0,1.0,0.0,0.0,1.0,17.484622423537076,18.662306427955627,3.906299877880821,1.0,1.0,1.0,,3.0,2.0
RNNTransformer,scratch,9551,ocdet,two_hole,heldout,val,chain_r+chain_s,,67,1.0,0.0,0.0,1.0,1.0,0.0,0.0,1.0,1.0,0.0,0.0,1.0,18.29172951249934,19.296242713928223,4.288824872227732,1.0,1.0,1.0,,3.0,4.0
RNNTransformer,scratch,9551,ocdet,two_hole,heldout,val,chain_r+chain_s,,71,1.0,0.0,0.0,1.0,1.0,0.0,0.0,1.0,1.0,0.0,0.0,1.0,18.710662313750092,19.295645236968994,3.826943629825029,1.0,1.0,1.0,,3.0,5.0
RNNTransformer,scratch,9551,ocdet,two_hole,heldout,val,chain_r+chain_s,,62,1.0,0.0,0.0,1.0,1.0,0.0,0.0,1.0,1.0,0.0,0.0,1.0,17.23095220087036,18.32583725452423,4.358744904297888,0.9992195629552549,1.0,1.0,,3.0,6.0
RNNTransformer,scratch,9551,ocdet,two_hole,heldout,val,chain_r+chain_s,,67,1.0,0.0,0.0,1.0,1.0,0.0,0.0,1.0,1.0,0.0,0.0,1.0,19.492575615199645,19.6427743434906,3.040450096020731,1.0,1.0,1.0,,4.0,1.0
RNNTransformer,scratch,9551,ocdet,two_hole,heldout,val,chain_r+chain_s,,62,1.0,0.0,0.0,1.0,1.0,0.0,0.0,1.0,1.0,0.0,0.0,1.0,18.633900089129323,19.494279623031616,3.512755675815638,1.0,1.0,1.0,,4.0,2.0
RNNTransformer,scratch,9551,ocdet,two_hole,heldout,val,chain_r+chain_s,,58,1.0,0.0,0.0,1.0,1.0,0.0,0.0,1.0,1.0,0.0,0.0,1.0,19.071648073607477,19.28247857093811,2.916277143568036,1.0,1.0,1.0,,4.0,3.0
RNNTransformer,scratch,9551,ocdet,two_hole,heldout,val,chain_r+chain_s,,72,1.0,0.0,0.0,1.0,1.0,0.0,0.0,1.0,1.0,0.0,0.0,1.0,17.829771634605194,18.356075763702393,3.615126364960021,1.0,1.0,1.0,,4.0,5.0
RNNTransformer,scratch,9551,ocdet,two_hole,heldout,val,chain_r+chain_s,,73,1.0,0.0,0.0,1.0,1.0,0.0,0.0,1.0,1.0,0.0,0.0,1.0,17.274848693037686,17.87959575653076,3.7318026027459315,1.0,1.0,1.0,,4.0,6.0
RNNTransformer,scratch,9551,ocdet,two_hole,heldout,val,chain_r+chain_s,,63,1.0,0.0,0.0,1.0,1.0,0.0,0.0,1.0,1.0,0.0,0.0,1.0,19.367465979050078,20.076106309890747,3.6880043198236283,1.0,1.0,1.0,,5.0,1.0
RNNTransformer,scratch,9551,ocdet,two_hole,heldout,val,chain_r+chain_s,,57,1.0,0.0,0.0,1.0,1.0,0.0,0.0,1.0,1.0,0.0,0.0,1.0,18.964196514142188,20.032708168029785,4.100277315599248,1.0,1.0,1.0,,5.0,2.0
RNNTransformer,scratch,9551,ocdet,two_hole,heldout,val,chain_r+chain_s,,67,1.0,0.0,0.0,1.0,1.0,0.0,0.0,1.0,1.0,0.0,0.0,1.0,18.94353246244032,19.85023832321167,3.5516678911931576,1.0,1.0,1.0,,5.0,3.0
RNNTransformer,scratch,9551,ocdet,two_hole,heldout,val,chain_r+chain_s,,65,1.0,0.0,0.0,1.0,1.0,0.0,0.0,1.0,1.0,0.0,0.0,1.0,19.285034607006953,20.097084045410156,3.6397953943681696,1.0,1.0,1.0,,5.0,4.0
RNNTransformer,scratch,9551,ocdet,two_hole,heldout,val,chain_r+chain_s,,65,1.0,0.0,0.0,1.0,1.0,0.0,0.0,1.0,1.0,0.0,0.0,1.0,16.860919481057387,17.141395568847656,2.7579553403975803,1.0,1.0,1.0,,5.0,6.0
RNNTransformer,scratch,9551,ocdet,two_hole,heldout,val,chain_r+chain_s,,52,1.0,0.0,0.0,1.0,1.0,0.0,0.0,1.0,1.0,0.0,0.0,1.0,17.723502574058678,18.318279266357422,2.7387057542143065,1.0,1.0,1.0,,6.0,1.0
RNNTransformer,scratch,9551,ocdet,two_hole,heldout,val,chain_r+chain_s,,65,1.0,0.0,0.0,1.0,1.0,0.0,0.0,1.0,1.0,0.0,0.0,1.0,16.96950203363712,18.169888973236084,4.487067970994305,0.9976331360946745,1.0,1.0,,6.0,2.0
RNNTransformer,scratch,9551,ocdet,two_hole,heldout,val,chain_r+chain_s,,79,0.9873417721518988,0.0,0.012658227848101266,0.9873417721518988,0.9873417721518988,0.0,0.012658227848101266,0.9873417721518988,0.9873417721518988,0.0,0.012658227848101266,0.9873417721518988,17.511665300383598,18.780339241027832,3.998045209175954,0.9983976926774556,0.9620253164556962,1.0,,6.0,3.0
RNNTransformer,scratch,9551,ocdet,two_hole,heldout,val,chain_r+chain_s,,56,1.0,0.0,0.0,1.0,1.0,0.0,0.0,1.0,1.0,0.0,0.0,1.0,17.112834887446038,17.144609451293945,3.020838811566987,1.0,1.0,1.0,,6.0,4.0
RNNTransformer,scratch,9551,ocdet,two_hole,heldout,val,chain_r+chain_s,,62,1.0,0.0,0.0,1.0,1.0,0.0,0.0,1.0,1.0,0.0,0.0,1.0,14.87142258594113,15.38373351097107,3.4837766601099287,0.9994797086368367,1.0,1.0,,6.0,5.0
RNNTransformer,scratch,9551,ocdet,two_hole,heldout,test,orientation,1.0,5051,1.0,0.0,0.0,1.0,1.0,0.0,0.0,1.0,1.0,0.0,0.0,1.0,18.4325731037938,19.03138542175293,3.557014128940265,0.9997205694550705,1.0,1.0,,,
RNNTransformer,scratch,9551,ocdet,two_hole,heldout,test,orientation,2.0,4949,0.9991917559102849,0.0,0.0008082440897150939,0.9991917559102849,0.9991917559102849,0.0,0.0008082440897150939,0.9991917559102849,0.9991917559102849,0.0,0.0008082440897150939,0.9991917559102849,17.780959888139524,18.177898049354553,4.211373064915522,0.9990577970873734,0.9983835118205698,0.9997979389775712,,,
RNNTransformer,scratch,9551,ocdet,two_hole,heldout,test,kappa_gap,,3321,0.9996988858777477,0.0,0.00030111412225233364,0.9996988858777477,0.9996988858777477,0.0,0.00030111412225233364,0.9996988858777477,0.9996988858777477,0.0,0.00030111412225233364,0.9996988858777477,17.995578129926976,18.588733673095703,4.039978395282671,0.9995317815937034,0.999096657633243,1.0,1.0,,
RNNTransformer,scratch,9551,ocdet,two_hole,heldout,test,kappa_gap,,2689,1.0,0.0,0.0,1.0,1.0,0.0,0.0,1.0,1.0,0.0,0.0,1.0,18.445048926252,18.97494602203369,3.7500289903441,0.9994245387147422,1.0,1.0,2.0,,
RNNTransformer,scratch,9551,ocdet,two_hole,heldout,test,kappa_gap,,2008,0.999003984063745,0.0,0.00099601593625498,0.999003984063745,0.999003984063745,0.0,0.00099601593625498,0.999003984063745,0.999003984063745,0.0,0.00099601593625498,0.999003984063745,18.332834993463113,18.96403133869171,3.917075190013014,0.999342768368756,0.9975099601593626,1.0,3.0,,
RNNTransformer,scratch,9551,ocdet,two_hole,heldout,test,kappa_gap,,1313,0.9992383853769993,0.0,0.0007616146230007616,0.9992383853769993,0.9992383853769993,0.0,0.0007616146230007616,0.9992383853769993,0.9992383853769993,0.0,0.0007616146230007616,0.9992383853769993,17.992890178799765,18.62410306930542,3.8375201930950777,0.9992325848086596,0.9977151561309977,1.0,4.0,,
RNNTransformer,scratch,9551,ocdet,two_hole,heldout,test,kappa_gap,,669,1.0,0.0,0.0,1.0,1.0,0.0,0.0,1.0,1.0,0.0,0.0,1.0,16.893644588711282,17.53834581375122,3.6933195534104053,0.9997296457913,1.0,1.0,5.0,,
RNNTransformer,scratch,9551,ocdet,two_hole,heldout,test,chain_r+chain_s,,352,1.0,0.0,0.0,1.0,1.0,0.0,0.0,1.0,1.0,0.0,0.0,1.0,17.974411977116358,18.121968030929565,3.2958270626800723,1.0,1.0,1.0,,1.0,2.0
RNNTransformer,scratch,9551,ocdet,two_hole,heldout,test,chain_r+chain_s,,326,1.0,0.0,0.0,1.0,1.0,0.0,0.0,1.0,1.0,0.0,0.0,1.0,19.227955522255662,19.689898252487183,3.664690429321604,0.9987955888441415,1.0,1.0,,1.0,3.0
RNNTransformer,scratch,9551,ocdet,two_hole,heldout,test,chain_r+chain_s,,323,1.0,0.0,0.0,1.0,1.0,0.0,0.0,1.0,1.0,0.0,0.0,1.0,19.016649167465722,19.652358770370483,3.745944772686665,0.9998274688725091,1.0,1.0,,1.0,4.0
RNNTransformer,scratch,9551,ocdet,two_hole,heldout,test,chain_r+chain_s,,334,1.0,0.0,0.0,1.0,1.0,0.0,0.0,1.0,1.0,0.0,0.0,1.0,19.167741630806358,19.632484674453735,3.5391147178842925,0.9999820717845745,1.0,1.0,,1.0,5.0
RNNTransformer,scratch,9551,ocdet,two_hole,heldout,test,chain_r+chain_s,,339,1.0,0.0,0.0,1.0,1.0,0.0,0.0,1.0,1.0,0.0,0.0,1.0,17.94884620272832,18.47629165649414,3.5662830391545515,0.9997824592546184,1.0,1.0,,1.0,6.0
RNNTransformer,scratch,9551,ocdet,two_hole,heldout,test,chain_r+chain_s,,353,1.0,0.0,0.0,1.0,1.0,0.0,0.0,1.0,1.0,0.0,0.0,1.0,18.744967191820443,18.900289297103882,3.887157261115174,1.0,1.0,1.0,,2.0,1.0
RNNTransformer,scratch,9551,ocdet,two_hole,heldout,test,chain_r+chain_s,,316,1.0,0.0,0.0,1.0,1.0,0.0,0.0,1.0,1.0,0.0,0.0,1.0,18.38065916726578,18.697499632835388,3.77183526662321,0.9999198846338728,1.0,1.0,,2.0,3.0
RNNTransformer,scratch,9551,ocdet,two_hole,heldout,test,chain_r+chain_s,,325,1.0,0.0,0.0,1.0,1.0,0.0,0.0,1.0,1.0,0.0,0.0,1.0,19.062990847275806,19.395730018615723,3.731729409535554,0.9999431952662723,1.0,1.0,,2.0,4.0
RNNTransformer,scratch,9551,ocdet,two_hole,heldout,test,chain_r+chain_s,,297,1.0,0.0,0.0,1.0,1.0,0.0,0.0,1.0,1.0,0.0,0.0,1.0,18.700725603510033,19.479365348815918,3.836883165004878,0.9999773265766532,1.0,1.0,,2.0,5.0
RNNTransformer,scratch,9551,ocdet,two_hole,heldout,test,chain_r+chain_s,,341,0.9912023460410557,0.0,0.008797653958944282,0.9912023460410557,0.9912023460410557,0.0,0.008797653958944282,0.9912023460410557,0.9912023460410557,0.0,0.008797653958944282,0.9912023460410557,17.60074428844749,18.146177768707275,5.376022169096391,0.9929309173467722,0.9794721407624634,1.0,,2.0,6.0
RNNTransformer,scratch,9551,ocdet,two_hole,heldout,test,chain_r+chain_s,,345,1.0,0.0,0.0,1.0,1.0,0.0,0.0,1.0,1.0,0.0,0.0,1.0,19.937237144553144,20.441385984420776,3.653949226699825,0.9991766435622769,1.0,1.0,,3.0,1.0
RNNTransformer,scratch,9551,ocdet,two_hole,heldout,test,chain_r+chain_s,,346,1.0,0.0,0.0,1.0,1.0,0.0,0.0,1.0,1.0,0.0,0.0,1.0,17.65368010340571,18.59215223789215,3.8074711254424485,1.0,1.0,1.0,,3.0,2.0
RNNTransformer,scratch,9551,ocdet,two_hole,heldout,test,chain_r+chain_s,,346,1.0,0.0,0.0,1.0,1.0,0.0,0.0,1.0,1.0,0.0,0.0,1.0,18.335871907693974,19.398402094841003,4.296829174936574,0.9992315145845168,1.0,1.0,,3.0,4.0
RNNTransformer,scratch,9551,ocdet,two_hole,heldout,test,chain_r+chain_s,,336,1.0,0.0,0.0,1.0,1.0,0.0,0.0,1.0,1.0,0.0,0.0,1.0,18.381454395795508,19.198183298110962,3.952699144674984,0.999813988095238,1.0,1.0,,3.0,5.0
RNNTransformer,scratch,9551,ocdet,two_hole,heldout,test,chain_r+chain_s,,375,1.0,0.0,0.0,1.0,1.0,0.0,0.0,1.0,1.0,0.0,0.0,1.0,18.332028000752132,18.883682250976562,3.1181859833935293,1.0,1.0,1.0,,3.0,6.0
RNNTransformer,scratch,9551,ocdet,two_hole,heldout,test,chain_r+chain_s,,346,1.0,0.0,0.0,1.0,1.0,0.0,0.0,1.0,1.0,0.0,0.0,1.0,19.205614311329892,20.200244426727295,3.533648394344729,0.999883056567209,1.0,1.0,,4.0,1.0
RNNTransformer,scratch,9551,ocdet,two_hole,heldout,test,chain_r+chain_s,,303,1.0,0.0,0.0,1.0,1.0,0.0,0.0,1.0,1.0,0.0,0.0,1.0,18.294759390181046,18.612000942230225,3.852412397708071,0.9995207441536234,1.0,1.0,,4.0,2.0
RNNTransformer,scratch,9551,ocdet,two_hole,heldout,test,chain_r+chain_s,,325,1.0,0.0,0.0,1.0,1.0,0.0,0.0,1.0,1.0,0.0,0.0,1.0,18.316378727463576,19.020490169525146,4.212385379413627,0.9998674556213017,1.0,1.0,,4.0,3.0
RNNTransformer,scratch,9551,ocdet,two_hole,heldout,test,chain_r+chain_s,,345,1.0,0.0,0.0,1.0,1.0,0.0,0.0,1.0,1.0,0.0,0.0,1.0,17.90507541126099,18.316108226776123,4.025765501344874,0.9991934467548835,1.0,1.0,,4.0,5.0
RNNTransformer,scratch,9551,ocdet,two_hole,heldout,test,chain_r+chain_s,,352,1.0,0.0,0.0,1.0,1.0,0.0,0.0,1.0,1.0,0.0,0.0,1.0,17.262066387910057,17.56756031513214,3.4540994811674146,0.999959646177686,1.0,1.0,,4.0,6.0
RNNTransformer,scratch,9551,ocdet,two_hole,heldout,test,chain_r+chain_s,,294,0.9965986394557823,0.0,0.003401360544217687,0.9965986394557823,0.9965986394557823,0.0,0.003401360544217687,0.9965986394557823,0.9965986394557823,0.0,0.003401360544217687,0.9965986394557823,19.10131545055683,20.034411430358887,3.9591689165891957,0.9999421537322412,0.9897959183673469,1.0,,5.0,1.0
RNNTransformer,scratch,9551,ocdet,two_hole,heldout,test,chain_r+chain_s,,325,1.0,0.0,0.0,1.0,1.0,0.0,0.0,1.0,1.0,0.0,0.0,1.0,18.49857180148363,19.2409610748291,3.7780456254636863,0.9994698224852071,1.0,1.0,,5.0,2.0
RNNTransformer,scratch,9551,ocdet,two_hole,heldout,test,chain_r+chain_s,,325,1.0,0.0,0.0,1.0,1.0,0.0,0.0,1.0,1.0,0.0,0.0,1.0,18.526350449942626,19.63822364807129,4.313325521306484,0.9996023668639054,1.0,1.0,,5.0,3.0
RNNTransformer,scratch,9551,ocdet,two_hole,heldout,test,chain_r+chain_s,,319,1.0,0.0,0.0,1.0,1.0,0.0,0.0,1.0,1.0,0.0,0.0,1.0,18.190015439936733,18.984886646270752,4.228516092987814,0.9999410383152681,1.0,1.0,,5.0,4.0
RNNTransformer,scratch,9551,ocdet,two_hole,heldout,test,chain_r+chain_s,,324,1.0,0.0,0.0,1.0,1.0,0.0,0.0,1.0,1.0,0.0,0.0,1.0,16.16232154943785,16.873143434524536,3.636143665543639,0.9996951684194482,1.0,1.0,,5.0,6.0
RNNTransformer,scratch,9551,ocdet,two_hole,heldout,test,chain_r+chain_s,,295,1.0,0.0,0.0,1.0,1.0,0.0,0.0,1.0,1.0,0.0,0.0,1.0,17.40264923107826,18.096982717514038,3.0467229797138344,0.9999540361964953,1.0,1.0,,6.0,1.0
RNNTransformer,scratch,9551,ocdet,two_hole,heldout,test,chain_r+chain_s,,351,1.0,0.0,0.0,1.0,1.0,0.0,0.0,1.0,1.0,0.0,0.0,1.0,16.439150536777795,17.265762329101562,4.312817594722277,0.9988636455872923,1.0,1.0,,6.0,2.0
RNNTransformer,scratch,9551,ocdet,two_hole,heldout,test,chain_r+chain_s,,323,1.0,0.0,0.0,1.0,1.0,0.0,0.0,1.0,1.0,0.0,0.0,1.0,17.24467967962702,17.70257568359375,3.216415925219606,1.0,1.0,1.0,,6.0,3.0
RNNTransformer,scratch,9551,ocdet,two_hole,heldout,test,chain_r+chain_s,,365,1.0,0.0,0.0,1.0,1.0,0.0,0.0,1.0,1.0,0.0,0.0,1.0,16.885983394331312,17.373802661895752,2.971369218094716,1.0,1.0,1.0,,6.0,4.0
RNNTransformer,scratch,9551,ocdet,two_hole,heldout,test,chain_r+chain_s,,354,1.0,0.0,0.0,1.0,1.0,0.0,0.0,1.0,1.0,0.0,0.0,1.0,15.814140949377233,16.276350021362305,3.109116342794556,1.0,1.0,1.0,,6.0,5.0
RNNTransformer,scratch,9550,ocdet,two_hole,clean,val,orientation,1.0,1052,1.0,0.0,0.0,1.0,1.0,0.0,0.0,1.0,1.0,0.0,0.0,1.0,16.757706081317632,17.419216871261597,5.6046597791000226,0.9997180817996502,1.0,1.0,,,
RNNTransformer,scratch,9550,ocdet,two_hole,clean,val,orientation,2.0,948,1.0,0.0,0.0,1.0,1.0,0.0,0.0,1.0,1.0,0.0,0.0,1.0,16.935655919025468,17.414921402931213,4.722680356634974,0.999925448200965,1.0,1.0,,,
RNNTransformer,scratch,9550,ocdet,two_hole,clean,val,kappa_gap,,673,1.0,0.0,0.0,1.0,1.0,0.0,0.0,1.0,1.0,0.0,0.0,1.0,16.74363998276075,17.120729207992554,4.9373621290481315,0.9999271408984631,1.0,1.0,1.0,,
RNNTransformer,scratch,9550,ocdet,two_hole,clean,val,kappa_gap,,511,1.0,0.0,0.0,1.0,1.0,0.0,0.0,1.0,1.0,0.0,0.0,1.0,16.59724480266557,17.42004156112671,5.320019330402493,0.9995174650832372,1.0,1.0,2.0,,
RNNTransformer,scratch,9550,ocdet,two_hole,clean,val,kappa_gap,,418,1.0,0.0,0.0,1.0,1.0,0.0,0.0,1.0,1.0,0.0,0.0,1.0,17.501934031871233,18.426321983337402,5.414042557428795,0.9999198736292668,1.0,1.0,3.0,,
RNNTransformer,scratch,9550,ocdet,two_hole,clean,val,kappa_gap,,262,1.0,0.0,0.0,1.0,1.0,0.0,0.0,1.0,1.0,0.0,0.0,1.0,16.61408925136082,16.782908380031586,5.213663458558364,0.9997960491812831,1.0,1.0,4.0,,
RNNTransformer,scratch,9550,ocdet,two_hole,clean,val,kappa_gap,,136,1.0,0.0,0.0,1.0,1.0,0.0,0.0,1.0,1.0,0.0,0.0,1.0,16.659904390025666,17.15945988893509,5.23368136651681,0.9999459342560554,1.0,1.0,5.0,,
RNNTransformer,scratch,9550,ocdet,two_hole,clean,val,chain_r+chain_s,,53,1.0,0.0,0.0,1.0,1.0,0.0,0.0,1.0,1.0,0.0,0.0,1.0,11.736609117321247,12.549188375473022,3.0398895925287834,0.9992880028479886,1.0,1.0,,1.0,2.0
RNNTransformer,scratch,9550,ocdet,two_hole,clean,val,chain_r+chain_s,,82,1.0,0.0,0.0,1.0,1.0,0.0,0.0,1.0,1.0,0.0,0.0,1.0,20.675910812325593,21.626610159873962,3.374088954454029,0.9998512790005949,1.0,1.0,,1.0,3.0
RNNTransformer,scratch,9550,ocdet,two_hole,clean,val,chain_r+chain_s,,58,1.0,0.0,0.0,1.0,1.0,0.0,0.0,1.0,1.0,0.0,0.0,1.0,20.75413889874672,22.233823776245117,5.089889972804311,0.9994054696789536,1.0,1.0,,1.0,4.0
RNNTransformer,scratch,9550,ocdet,two_hole,clean,val,chain_r+chain_s,,60,1.0,0.0,0.0,1.0,1.0,0.0,0.0,1.0,1.0,0.0,0.0,1.0,19.565176428109407,20.73115074634552,3.592373018515523,1.0,1.0,1.0,,1.0,5.0
RNNTransformer,scratch,9550,ocdet,two_hole,clean,val,chain_r+chain_s,,71,1.0,0.0,0.0,1.0,1.0,0.0,0.0,1.0,1.0,0.0,0.0,1.0,18.385328409957214,18.332433462142944,3.9665182188903025,1.0,1.0,1.0,,1.0,6.0
RNNTransformer,scratch,9550,ocdet,two_hole,clean,val,chain_r+chain_s,,67,1.0,0.0,0.0,1.0,1.0,0.0,0.0,1.0,1.0,0.0,0.0,1.0,10.324513100643657,9.297692894935608,3.298664848758493,0.9991089329472043,1.0,1.0,,2.0,1.0
RNNTransformer,scratch,9550,ocdet,two_hole,clean,val,chain_r+chain_s,,49,1.0,0.0,0.0,1.0,1.0,0.0,0.0,1.0,1.0,0.0,0.0,1.0,10.458071123884649,9.094488322734833,3.7679022069398265,1.0,1.0,1.0,,2.0,3.0
RNNTransformer,scratch,9550,ocdet,two_hole,clean,val,chain_r+chain_s,,87,1.0,0.0,0.0,1.0,1.0,0.0,0.0,1.0,1.0,0.0,0.0,1.0,15.303795211787882,14.41522753238678,4.267302283917726,1.0,1.0,1.0,,2.0,4.0
RNNTransformer,scratch,9550,ocdet,two_hole,clean,val,chain_r+chain_s,,50,1.0,0.0,0.0,1.0,1.0,0.0,0.0,1.0,1.0,0.0,0.0,1.0,14.910109868049622,14.964657127857208,3.5960761906179277,1.0,1.0,1.0,,2.0,5.0
RNNTransformer,scratch,9550,ocdet,two_hole,clean,val,chain_r+chain_s,,70,1.0,0.0,0.0,1.0,1.0,0.0,0.0,1.0,1.0,0.0,0.0,1.0,13.995215242249625,12.538679003715515,3.228581472929983,1.0,1.0,1.0,,2.0,6.0
RNNTransformer,scratch,9550,ocdet,two_hole,clean,val,chain_r+chain_s,,67,1.0,0.0,0.0,1.0,1.0,0.0,0.0,1.0,1.0,0.0,0.0,1.0,15.180319549877252,13.713817119598389,4.968182564678319,0.9995544664736021,1.0,1.0,,3.0,1.0
RNNTransformer,scratch,9550,ocdet,two_hole,clean,val,chain_r+chain_s,,67,1.0,0.0,0.0,1.0,1.0,0.0,0.0,1.0,1.0,0.0,0.0,1.0,10.090504542437952,7.257595539093018,4.72944108194787,0.9930942303408332,1.0,1.0,,3.0,2.0
RNNTransformer,scratch,9550,ocdet,two_hole,clean,val,chain_r+chain_s,,57,1.0,0.0,0.0,1.0,1.0,0.0,0.0,1.0,1.0,0.0,0.0,1.0,14.479126743057318,13.954894065856934,3.5919947072066956,1.0,1.0,1.0,,3.0,4.0
RNNTransformer,scratch,9550,ocdet,two_hole,clean,val,chain_r+chain_s,,69,1.0,0.0,0.0,1.0,1.0,0.0,0.0,1.0,1.0,0.0,0.0,1.0,17.165397734097812,17.879968881607056,4.447418147927872,1.0,1.0,1.0,,3.0,5.0
RNNTransformer,scratch,9550,ocdet,two_hole,clean,val,chain_r+chain_s,,71,1.0,0.0,0.0,1.0,1.0,0.0,0.0,1.0,1.0,0.0,0.0,1.0,14.444546525327253,13.814778089523315,3.4909155087547177,1.0,1.0,1.0,,3.0,6.0
RNNTransformer,scratch,9550,ocdet,two_hole,clean,val,chain_r+chain_s,,63,1.0,0.0,0.0,1.0,1.0,0.0,0.0,1.0,1.0,0.0,0.0,1.0,21.21895443541663,22.34747838973999,3.4491277977364017,1.0,1.0,1.0,,4.0,1.0
RNNTransformer,scratch,9550,ocdet,two_hole,clean,val,chain_r+chain_s,,78,1.0,0.0,0.0,1.0,1.0,0.0,0.0,1.0,1.0,0.0,0.0,1.0,17.89270911155603,18.375756859779358,2.7686718967505177,1.0,1.0,1.0,,4.0,2.0
RNNTransformer,scratch,9550,ocdet,two_hole,clean,val,chain_r+chain_s,,55,1.0,0.0,0.0,1.0,1.0,0.0,0.0,1.0,1.0,0.0,0.0,1.0,18.388682083650068,19.115842819213867,4.35390315238842,1.0,1.0,1.0,,4.0,3.0
RNNTransformer,scratch,9550,ocdet,two_hole,clean,val,chain_r+chain_s,,60,1.0,0.0,0.0,1.0,1.0,0.0,0.0,1.0,1.0,0.0,0.0,1.0,14.55345508257548,14.538035273551941,2.1447106773471014,1.0,1.0,1.0,,4.0,5.0
RNNTransformer,scratch,9550,ocdet,two_hole,clean,val,chain_r+chain_s,,63,1.0,0.0,0.0,1.0,1.0,0.0,0.0,1.0,1.0,0.0,0.0,1.0,21.74287934530349,21.834951877593994,1.5337977097412894,1.0,1.0,1.0,,4.0,6.0
RNNTransformer,scratch,9550,ocdet,two_hole,clean,val,chain_r+chain_s,,82,1.0,0.0,0.0,1.0,1.0,0.0,0.0,1.0,1.0,0.0,0.0,1.0,20.745752809978114,22.017321944236755,3.868286516587339,1.0,1.0,1.0,,5.0,1.0
RNNTransformer,scratch,9550,ocdet,two_hole,clean,val,chain_r+chain_s,,70,1.0,0.0,0.0,1.0,1.0,0.0,0.0,1.0,1.0,0.0,0.0,1.0,19.172792960916247,19.673729062080383,3.0210971718501933,1.0,1.0,1.0,,5.0,2.0
RNNTransformer,scratch,9550,ocdet,two_hole,clean,val,chain_r+chain_s,,74,1.0,0.0,0.0,1.0,1.0,0.0,0.0,1.0,1.0,0.0,0.0,1.0,21.173211745313697,21.6405029296875,5.107817767152901,1.0,1.0,1.0,,5.0,3.0
RNNTransformer,scratch,9550,ocdet,two_hole,clean,val,chain_r+chain_s,,76,1.0,0.0,0.0,1.0,1.0,0.0,0.0,1.0,1.0,0.0,0.0,1.0,15.051877909977184,15.315524458885193,2.4986592054880488,0.9998268698060941,1.0,1.0,,5.0,4.0
RNNTransformer,scratch,9550,ocdet,two_hole,clean,val,chain_r+chain_s,,62,1.0,0.0,0.0,1.0,1.0,0.0,0.0,1.0,1.0,0.0,0.0,1.0,17.89571620379725,18.197850227355957,2.0702986155651817,1.0,1.0,1.0,,5.0,6.0
RNNTransformer,scratch,9550,ocdet,two_hole,clean,val,chain_r+chain_s,,69,1.0,0.0,0.0,1.0,1.0,0.0,0.0,1.0,1.0,0.0,0.0,1.0,19.10945963859558,22.73459815979004,5.744354182756963,1.0,1.0,1.0,,6.0,1.0
RNNTransformer,scratch,9550,ocdet,two_hole,clean,val,chain_r+chain_s,,73,1.0,0.0,0.0,1.0,1.0,0.0,0.0,1.0,1.0,0.0,0.0,1.0,14.171650358871238,9.820284605026245,6.531650377307376,1.0,1.0,1.0,,6.0,2.0
RNNTransformer,scratch,9550,ocdet,two_hole,clean,val,chain_r+chain_s,,57,1.0,0.0,0.0,1.0,1.0,0.0,0.0,1.0,1.0,0.0,0.0,1.0,17.218078360222933,14.752338171005249,4.851558168840014,1.0,1.0,1.0,,6.0,3.0
RNNTransformer,scratch,9550,ocdet,two_hole,clean,val,chain_r+chain_s,,78,1.0,0.0,0.0,1.0,1.0,0.0,0.0,1.0,1.0,0.0,0.0,1.0,19.845135337267166,22.601085424423218,4.926243403602758,1.0,1.0,1.0,,6.0,4.0
RNNTransformer,scratch,9550,ocdet,two_hole,clean,val,chain_r+chain_s,,62,1.0,0.0,0.0,1.0,1.0,0.0,0.0,1.0,1.0,0.0,0.0,1.0,15.510120689868927,17.217371582984924,3.513060877554327,1.0,1.0,1.0,,6.0,5.0
RNNTransformer,scratch,9550,ocdet,two_hole,clean,test,orientation,1.0,5099,0.9996077662286723,0.0,0.0003922337713277113,0.9996077662286723,0.9996077662286723,0.0,0.0003922337713277113,0.9996077662286723,0.9996077662286723,0.0,0.0003922337713277113,0.9996077662286723,16.634766254358535,17.125927448272705,5.513686356811223,0.9996319587215302,0.9990194155716807,1.0,,,
RNNTransformer,scratch,9550,ocdet,two_hole,clean,test,orientation,2.0,4901,1.0,0.0,0.0,1.0,1.0,0.0,0.0,1.0,1.0,0.0,0.0,1.0,16.955187380237863,17.5289363861084,4.734480203329313,0.9999273099723016,1.0,1.0,,,
RNNTransformer,scratch,9550,ocdet,two_hole,clean,test,kappa_gap,,3399,1.0,0.0,0.0,1.0,1.0,0.0,0.0,1.0,1.0,0.0,0.0,1.0,16.47059659355614,16.67243593931198,5.001462950918478,0.9997865526618986,1.0,1.0,1.0,,
RNNTransformer,scratch,9550,ocdet,two_hole,clean,test,kappa_gap,,2701,0.9996297667530544,0.0,0.00037023324694557573,0.9996297667530544,0.9996297667530544,0.0,0.00037023324694557573,0.9996297667530544,0.9996297667530544,0.0,0.00037023324694557573,0.9996297667530544,16.89939461694806,17.613786220550537,5.074919692735709,0.9998194753105415,0.9988893002591632,1.0,2.0,,
RNNTransformer,scratch,9550,ocdet,two_hole,clean,test,kappa_gap,,1974,1.0,0.0,0.0,1.0,1.0,0.0,0.0,1.0,1.0,0.0,0.0,1.0,16.972304054880336,17.74619972705841,5.22681009001168,0.9997831485091396,1.0,1.0,3.0,,
RNNTransformer,scratch,9550,ocdet,two_hole,clean,test,kappa_gap,,1310,1.0,0.0,0.0,1.0,1.0,0.0,0.0,1.0,1.0,0.0,0.0,1.0,17.255461592153285,18.50518262386322,5.311018614703292,0.9999195851057631,1.0,1.0,4.0,,
RNNTransformer,scratch,9550,ocdet,two_hole,clean,test,kappa_gap,,616,0.9983766233766234,0.0,0.0016233766233766235,0.9983766233766234,0.9983766233766234,0.0,0.0016233766233766235,0.9983766233766234,0.9983766233766234,0.0,0.0016233766233766235,0.9983766233766234,16.527988489596293,17.561903715133667,5.53739522595885,0.9996547689323664,0.9951298701298701,1.0,5.0,,
RNNTransformer,scratch,9550,ocdet,two_hole,clean,test,chain_r+chain_s,,351,1.0,0.0,0.0,1.0,1.0,0.0,0.0,1.0,1.0,0.0,0.0,1.0,11.174378590578707,11.59471309185028,3.2413700105014214,0.997759758443519,1.0,1.0,,1.0,2.0
RNNTransformer,scratch,9550,ocdet,two_hole,clean,test,chain_r+chain_s,,337,1.0,0.0,0.0,1.0,1.0,0.0,0.0,1.0,1.0,0.0,0.0,1.0,19.883654376784843,20.84974479675293,4.03056077645044,0.9999207530223917,1.0,1.0,,1.0,3.0
RNNTransformer,scratch,9550,ocdet,two_hole,clean,test,chain_r+chain_s,,365,1.0,0.0,0.0,1.0,1.0,0.0,0.0,1.0,1.0,0.0,0.0,1.0,21.280072089784767,22.144872188568115,4.512687105364515,0.9999399512103584,1.0,1.0,,1.0,4.0
RNNTransformer,scratch,9550,ocdet,two_hole,clean,test,chain_r+chain_s,,329,1.0,0.0,0.0,1.0,1.0,0.0,0.0,1.0,1.0,0.0,0.0,1.0,19.26219429773219,19.948577880859375,3.567366469463935,0.9999630454264097,1.0,1.0,,1.0,5.0
RNNTransformer,scratch,9550,ocdet,two_hole,clean,test,chain_r+chain_s,,309,1.0,0.0,0.0,1.0,1.0,0.0,0.0,1.0,1.0,0.0,0.0,1.0,19.22725292982407,20.378014087677002,3.7611620020809355,1.0,1.0,1.0,,1.0,6.0
RNNTransformer,scratch,9550,ocdet,two_hole,clean,test,chain_r+chain_s,,362,1.0,0.0,0.0,1.0,1.0,0.0,0.0,1.0,1.0,0.0,0.0,1.0,11.506598412414283,10.023866787552834,3.7053464059037555,0.9998092243826502,1.0,1.0,,2.0,1.0
RNNTransformer,scratch,9550,ocdet,two_hole,clean,test,chain_r+chain_s,,353,1.0,0.0,0.0,1.0,1.0,0.0,0.0,1.0,1.0,0.0,0.0,1.0,10.648065892773715,9.300425931811333,3.7612583388213796,0.998956736672311,1.0,1.0,,2.0,3.0
RNNTransformer,scratch,9550,ocdet,two_hole,clean,test,chain_r+chain_s,,363,0.9972451790633609,0.0,0.0027548209366391185,0.9972451790633609,0.9972451790633609,0.0,0.0027548209366391185,0.9972451790633609,0.9972451790633609,0.0,0.0027548209366391185,0.9972451790633609,15.691052290608404,15.297554016113281,4.3294124259569,0.9999165205776777,0.9917355371900827,1.0,,2.0,4.0
RNNTransformer,scratch,9550,ocdet,two_hole,clean,test,chain_r+chain_s,,346,1.0,0.0,0.0,1.0,1.0,0.0,0.0,1.0,1.0,0.0,0.0,1.0,15.714796120979193,15.091044843196869,3.2213150947131033,1.0,1.0,1.0,,2.0,5.0
RNNTransformer,scratch,9550,ocdet,two_hole,clean,test,chain_r+chain_s,,341,1.0,0.0,0.0,1.0,1.0,0.0,0.0,1.0,1.0,0.0,0.0,1.0,14.071612904673097,12.795267343521118,3.4025020451788666,1.0,1.0,1.0,,2.0,6.0
RNNTransformer,scratch,9550,ocdet,two_hole,clean,test,chain_r+chain_s,,362,1.0,0.0,0.0,1.0,1.0,0.0,0.0,1.0,1.0,0.0,0.0,1.0,15.860878521154598,14.273825287818909,4.7732985680587285,1.0,1.0,1.0,,3.0,1.0
RNNTransformer,scratch,9550,ocdet,two_hole,clean,test,chain_r+chain_s,,319,0.9968652037617555,0.0,0.003134796238244514,0.9968652037617555,0.9968652037617555,0.0,0.003134796238244514,0.9968652037617555,0.9968652037617555,0.0,0.003134796238244514,0.9968652037617555,10.474692528851353,8.442772388458252,4.460149763565748,0.9959414707009562,0.9905956112852664,1.0,,3.0,2.0
RNNTransformer,scratch,9550,ocdet,two_hole,clean,test,chain_r+chain_s,,308,1.0,0.0,0.0,1.0,1.0,0.0,0.0,1.0,1.0,0.0,0.0,1.0,14.563411888460834,14.045148849487305,3.675960533258974,0.9999156687468376,1.0,1.0,,3.0,4.0
RNNTransformer,scratch,9550,ocdet,two_hole,clean,test,chain_r+chain_s,,316,1.0,0.0,0.0,1.0,1.0,0.0,0.0,1.0,1.0,0.0,0.0,1.0,17.064166757785067,15.891176462173462,4.071413692425317,0.9999899855792341,1.0,1.0,,3.0,5.0
RNNTransformer,scratch,9550,ocdet,two_hole,clean,test,chain_r+chain_s,,312,1.0,0.0,0.0,1.0,1.0,0.0,0.0,1.0,1.0,0.0,0.0,1.0,15.343464873731136,15.966766595840454,3.598352335018266,1.0,1.0,1.0,,3.0,6.0
RNNTransformer,scratch,9550,ocdet,two_hole,clean,test,chain_r+chain_s,,319,1.0,0.0,0.0,1.0,1.0,0.0,0.0,1.0,1.0,0.0,0.0,1.0,21.279193252932316,22.219470500946045,3.4924825226493432,1.0,1.0,1.0,,4.0,1.0
RNNTransformer,scratch,9550,ocdet,two_hole,clean,test,chain_r+chain_s,,297,1.0,0.0,0.0,1.0,1.0,0.0,0.0,1.0,1.0,0.0,0.0,1.0,17.964185823846346,18.412790298461914,2.7209706779769314,0.9999773265766532,1.0,1.0,,4.0,2.0
RNNTransformer,scratch,9550,ocdet,two_hole,clean,test,chain_r+chain_s,,352,1.0,0.0,0.0,1.0,1.0,0.0,0.0,1.0,1.0,0.0,0.0,1.0,19.327301866628908,19.396357536315918,2.9724875436925555,1.0,1.0,1.0,,4.0,3.0
RNNTransformer,scratch,9550,ocdet,two_hole,clean,test,chain_r+chain_s,,320,1.0,0.0,0.0,1.0,1.0,0.0,0.0,1.0,1.0,0.0,0.0,1.0,14.759622284490614,14.801375985145569,1.9876357275892889,1.0,1.0,1.0,,4.0,5.0
RNNTransformer,scratch,9550,ocdet,two_hole,clean,test,chain_r+chain_s,,348,1.0,0.0,0.0,1.0,1.0,0.0,0.0,1.0,1.0,0.0,0.0,1.0,21.270703756389604,21.81671929359436,3.0757284074121074,1.0,1.0,1.0,,4.0,6.0
RNNTransformer,scratch,9550,ocdet,two_hole,clean,test,chain_r+chain_s,,325,1.0,0.0,0.0,1.0,1.0,0.0,0.0,1.0,1.0,0.0,0.0,1.0,21.01930245417815,21.991482496261597,3.657784053368208,1.0,1.0,1.0,,5.0,1.0
RNNTransformer,scratch,9550,ocdet,two_hole,clean,test,chain_r+chain_s,,362,1.0,0.0,0.0,1.0,1.0,0.0,0.0,1.0,1.0,0.0,0.0,1.0,18.8911924179417,19.843239784240723,4.117892826626795,0.999992368975306,1.0,1.0,,5.0,2.0
RNNTransformer,scratch,9550,ocdet,two_hole,clean,test,chain_r+chain_s,,305,1.0,0.0,0.0,1.0,1.0,0.0,0.0,1.0,1.0,0.0,0.0,1.0,21.058874944780694,21.20131540298462,5.007154669655613,0.9999892502015587,1.0,1.0,,5.0,3.0
RNNTransformer,scratch,9550,ocdet,two_hole,clean,test,chain_r+chain_s,,334,1.0,0.0,0.0,1.0,1.0,0.0,0.0,1.0,1.0,0.0,0.0,1.0,14.835314817146626,15.279942393302917,2.797505890031869,0.9994800817526623,1.0,1.0,,5.0,4.0
RNNTransformer,scratch,9550,ocdet,two_hole,clean,test,chain_r+chain_s,,333,1.0,0.0,0.0,1.0,1.0,0.0,0.0,1.0,1.0,0.0,0.0,1.0,17.650892625252407,18.336691856384277,2.4832435214275814,1.0,1.0,1.0,,5.0,6.0
RNNTransformer,scratch,9550,ocdet,two_hole,clean,test,chain_r+chain_s,,322,1.0,0.0,0.0,1.0,1.0,0.0,0.0,1.0,1.0,0.0,0.0,1.0,17.95060325094632,17.628670573234558,5.829542555076092,1.0,1.0,1.0,,6.0,1.0
RNNTransformer,scratch,9550,ocdet,two_hole,clean,test,chain_r+chain_s,,351,1.0,0.0,0.0,1.0,1.0,0.0,0.0,1.0,1.0,0.0,0.0,1.0,15.101307976449657,15.587688207626343,6.311484198962022,1.0,1.0,1.0,,6.0,2.0
RNNTransformer,scratch,9550,ocdet,two_hole,clean,test,chain_r+chain_s,,327,1.0,0.0,0.0,1.0,1.0,0.0,0.0,1.0,1.0,0.0,0.0,1.0,17.581867336133204,15.161938190460205,5.35192187077075,0.9999625920002994,1.0,1.0,,6.0,3.0
RNNTransformer,scratch,9550,ocdet,two_hole,clean,test,chain_r+chain_s,,299,1.0,0.0,0.0,1.0,1.0,0.0,0.0,1.0,1.0,0.0,0.0,1.0,19.468867144158054,18.763179302215576,4.863393046903663,1.0,1.0,1.0,,6.0,4.0
RNNTransformer,scratch,9550,ocdet,two_hole,clean,test,chain_r+chain_s,,333,1.0,0.0,0.0,1.0,1.0,0.0,0.0,1.0,1.0,0.0,0.0,1.0,15.065880589835995,15.459424018859863,4.070644174912977,0.9999729459188919,1.0,1.0,,6.0,5.0
RNNTransformer,scratch,9550,ocdet,two_hole,heldout,val,orientation,1.0,1030,0.996116504854369,0.0,0.003883495145631068,0.996116504854369,0.996116504854369,0.0,0.003883495145631068,0.996116504854369,0.996116504854369,0.0,0.003883495145631068,0.996116504854369,13.22815174308506,12.886419832706451,5.729963682169376,0.9953803374493355,0.9922330097087378,0.9990291262135922,,,
RNNTransformer,scratch,9550,ocdet,two_hole,heldout,val,orientation,2.0,970,1.0,0.0,0.0,1.0,1.0,0.0,0.0,1.0,1.0,0.0,0.0,1.0,13.712681852403989,14.28553032875061,4.983549928469134,0.998268678924434,1.0,1.0,,,
RNNTransformer,scratch,9550,ocdet,two_hole,heldout,val,kappa_gap,,613,0.99836867862969,0.0,0.0016313213703099511,0.99836867862969,0.99836867862969,0.0,0.0016313213703099511,0.99836867862969,0.99836867862969,0.0,0.0016313213703099511,0.99836867862969,12.913649981795867,13.002535104751587,5.2500680560292725,0.9956010208399309,0.9951060358890701,1.0,1.0,,
RNNTransformer,scratch,9550,ocdet,two_hole,heldout,val,kappa_gap,,557,0.9982046678635548,0.0,0.0017953321364452424,0.9982046678635548,0.9982046678635548,0.0,0.0017953321364452424,0.9982046678635548,0.9982046678635548,0.0,0.0017953321364452424,0.9982046678635548,13.883423328025122,14.38560700416565,5.300819356987501,0.9981530963838723,0.9946140035906643,1.0,2.0,,
RNNTransformer,scratch,9550,ocdet,two_hole,heldout,val,kappa_gap,,432,0.9976851851851852,0.0,0.0023148148148148147,0.9976851851851852,0.9976851851851852,0.0,0.0023148148148148147,0.9976851851851852,0.9976851851851852,0.0,0.0023148148148148147,0.9976851851851852,13.64359032166087,13.559040307998657,5.5239890749410145,0.998017403978052,0.9930555555555556,1.0,3.0,,
RNNTransformer,scratch,9550,ocdet,two_hole,heldout,val,kappa_gap,,251,1.0,0.0,0.0,1.0,1.0,0.0,0.0,1.0,1.0,0.0,0.0,1.0,13.705313865644523,13.844451785087585,5.459397652604822,0.99576197203219,1.0,1.0,4.0,,
RNNTransformer,scratch,9550,ocdet,two_hole,heldout,val,kappa_gap,,147,0.9931972789115646,0.0,0.006802721088435374,0.9931972789115646,0.9931972789115646,0.0,0.006802721088435374,0.9931972789115646,0.9931972789115646,0.0,0.006802721088435374,0.9931972789115646,13.218358234179263,13.406986594200134,5.529044182377052,0.9971771021333704,0.9795918367346939,1.0,5.0,,
RNNTransformer,scratch,9550,ocdet,two_hole,heldout,val,chain_r+chain_s,,78,1.0,0.0,0.0,1.0,1.0,0.0,0.0,1.0,1.0,0.0,0.0,1.0,10.216948166680641,11.050243854522705,3.3251760373657993,0.9866863905325445,1.0,1.0,,1.0,2.0
RNNTransformer,scratch,9550,ocdet,two_hole,heldout,val,chain_r+chain_s,,73,1.0,0.0,0.0,1.0,1.0,0.0,0.0,1.0,1.0,0.0,0.0,1.0,16.221391990576706,17.534168243408203,5.712685127823898,0.9971852129855507,1.0,1.0,,1.0,3.0
RNNTransformer,scratch,9550,ocdet,two_hole,heldout,val,chain_r+chain_s,,59,0.9830508474576272,0.0,0.01694915254237288,0.9830508474576272,0.9830508474576272,0.0,0.01694915254237288,0.9830508474576272,0.9830508474576272,0.0,0.01694915254237288,0.9830508474576272,17.46494199562881,18.016628742218018,5.180399937456043,0.9988509049123815,0.9491525423728814,1.0,,1.0,4.0
RNNTransformer,scratch,9550,ocdet,two_hole,heldout,val,chain_r+chain_s,,64,1.0,0.0,0.0,1.0,1.0,0.0,0.0,1.0,1.0,0.0,0.0,1.0,16.474228533217683,16.508475959300995,4.219612027627579,1.0,1.0,1.0,,1.0,5.0
RNNTransformer,scratch,9550,ocdet,two_hole,heldout,val,chain_r+chain_s,,65,1.0,0.0,0.0,1.0,1.0,0.0,0.0,1.0,1.0,0.0,0.0,1.0,15.6615732220503,15.992944478988647,4.7713897532861775,1.0,1.0,1.0,,1.0,6.0
RNNTransformer,scratch,9550,ocdet,two_hole,heldout,val,chain_r+chain_s,,70,1.0,0.0,0.0,1.0,1.0,0.0,0.0,1.0,1.0,0.0,0.0,1.0,10.580304221596037,10.001534640789032,4.247297065337913,0.9977551020408164,1.0,1.0,,2.0,1.0
RNNTransformer,scratch,9550,ocdet,two_hole,heldout,val,chain_r+chain_s,,75,1.0,0.0,0.0,1.0,1.0,0.0,0.0,1.0,1.0,0.0,0.0,1.0,7.809361465970675,6.7998687624931335,4.266132620261338,0.9868444444444444,1.0,1.0,,2.0,3.0
RNNTransformer,scratch,9550,ocdet,two_hole,heldout,val,chain_r+chain_s,,70,0.9857142857142858,0.0,0.014285714285714285,0.9857142857142858,0.9857142857142858,0.0,0.014285714285714285,0.9857142857142858,0.9857142857142858,0.0,0.014285714285714285,0.9857142857142858,11.790292750298978,12.181218981742859,5.092129617463542,0.9957142857142858,0.9571428571428572,1.0,,2.0,4.0
RNNTransformer,scratch,9550,ocdet,two_hole,heldout,val,chain_r+chain_s,,73,1.0,0.0,0.0,1.0,1.0,0.0,0.0,1.0,1.0,0.0,0.0,1.0,12.482123360241928,12.869688510894775,4.581433571008566,0.9928692062300619,1.0,1.0,,2.0,5.0
RNNTransformer,scratch,9550,ocdet,two_hole,heldout,val,chain_r+chain_s,,73,1.0,0.0,0.0,1.0,1.0,0.0,0.0,1.0,1.0,0.0,0.0,1.0,10.85697646684026,10.79258131980896,4.395304923568343,0.9908050290861324,1.0,1.0,,2.0,6.0
RNNTransformer,scratch,9550,ocdet,two_hole,heldout,val,chain_r+chain_s,,73,1.0,0.0,0.0,1.0,1.0,0.0,0.0,1.0,1.0,0.0,0.0,1.0,11.978422220439127,10.83203113079071,4.9615782794691965,0.9988740851942203,1.0,1.0,,3.0,1.0
RNNTransformer,scratch,9550,ocdet,two_hole,heldout,val,chain_r+chain_s,,64,0.96875,0.0,0.03125,0.96875,0.96875,0.0,0.03125,0.96875,0.96875,0.0,0.03125,0.96875,7.966622638516128,6.489111006259918,5.460711188296031,0.96484375,0.921875,1.0,,3.0,2.0
RNNTransformer,scratch,9550,ocdet,two_hole,heldout,val,chain_r+chain_s,,67,1.0,0.0,0.0,1.0,1.0,0.0,0.0,1.0,1.0,0.0,0.0,1.0,12.585748460088203,12.685072422027588,4.732775120026993,0.996658498552016,1.0,1.0,,3.0,4.0
RNNTransformer,scratch,9550,ocdet,two_hole,heldout,val,chain_r+chain_s,,71,1.0,0.0,0.0,1.0,1.0,0.0,0.0,1.0,1.0,0.0,0.0,1.0,14.384902534770294,14.484848737716675,5.3678903349550575,0.998611386629637,1.0,1.0,,3.0,5.0
RNNTransformer,scratch,9550,ocdet,two_hole,heldout,val,chain_r+chain_s,,62,1.0,0.0,0.0,1.0,1.0,0.0,0.0,1.0,1.0,0.0,0.0,1.0,12.873278596228168,12.89638614654541,4.885569550869355,0.995057232049948,1.0,1.0,,3.0,6.0
RNNTransformer,scratch,9550,ocdet,two_hole,heldout,val,chain_r+chain_s,,67,1.0,0.0,0.0,1.0,1.0,0.0,0.0,1.0,1.0,0.0,0.0,1.0,16.74894739109189,19.087632179260254,5.530195731521465,0.9991089329472043,1.0,1.0,,4.0,1.0
RNNTransformer,scratch,9550,ocdet,two_hole,heldout,val,chain_r+chain_s,,62,1.0,0.0,0.0,1.0,1.0,0.0,0.0,1.0,1.0,0.0,0.0,1.0,16.072060104820036,17.739431619644165,4.445059627738681,0.9979188345473465,1.0,1.0,,4.0,2.0
RNNTransformer,scratch,9550,ocdet,two_hole,heldout,val,chain_r+chain_s,,58,1.0,0.0,0.0,1.0,1.0,0.0,0.0,1.0,1.0,0.0,0.0,1.0,16.310203189993725,17.653841137886047,4.670628688086318,1.0,1.0,1.0,,4.0,3.0
RNNTransformer,scratch,9550,ocdet,two_hole,heldout,val,chain_r+chain_s,,72,1.0,0.0,0.0,1.0,1.0,0.0,0.0,1.0,1.0,0.0,0.0,1.0,12.360445531292093,12.962677836418152,3.014155007322368,0.9976851851851852,1.0,1.0,,4.0,5.0
RNNTransformer,scratch,9550,ocdet,two_hole,heldout,val,chain_r+chain_s,,73,1.0,0.0,0.0,1.0,1.0,0.0,0.0,1.0,1.0,0.0,0.0,1.0,15.457423987862182,18.2688946723938,6.061698307782919,0.9966222555826609,1.0,1.0,,4.0,6.0
RNNTransformer,scratch,9550,ocdet,two_hole,heldout,val,chain_r+chain_s,,63,1.0,0.0,0.0,1.0,1.0,0.0,0.0,1.0,1.0,0.0,0.0,1.0,14.36696124029538,13.862018704414368,4.560096409912123,1.0,1.0,1.0,,5.0,1.0
RNNTransformer,scratch,9550,ocdet,two_hole,heldout,val,chain_r+chain_s,,57,1.0,0.0,0.0,1.0,1.0,0.0,0.0,1.0,1.0,0.0,0.0,1.0,13.98297384695003,14.44961953163147,4.375361710987337,0.9990766389658357,1.0,1.0,,5.0,2.0
RNNTransformer,scratch,9550,ocdet,two_hole,heldout,val,chain_r+chain_s,,67,1.0,0.0,0.0,1.0,1.0,0.0,0.0,1.0,1.0,0.0,0.0,1.0,14.459128887573286,14.89333963394165,5.5246835752567645,0.9993316997104031,1.0,1.0,,5.0,3.0
RNNTransformer,scratch,9550,ocdet,two_hole,heldout,val,chain_r+chain_s,,65,1.0,0.0,0.0,1.0,1.0,0.0,0.0,1.0,1.0,0.0,0.0,1.0,12.597822575385754,12.583237648010254,2.6482709044303845,0.9988165680473373,1.0,1.0,,5.0,4.0
RNNTransformer,scratch,9550,ocdet,two_hole,heldout,val,chain_r+chain_s,,65,1.0,0.0,0.0,1.0,1.0,0.0,0.0,1.0,1.0,0.0,0.0,1.0,13.878607721053637,14.473884582519531,3.435818136574346,0.9992899408284023,1.0,1.0,,5.0,6.0
RNNTransformer,scratch,9550,ocdet,two_hole,heldout,val,chain_r+chain_s,,52,1.0,0.0,0.0,1.0,1.0,0.0,0.0,1.0,1.0,0.0,0.0,1.0,14.058006137609482,13.227890014648438,5.5642732547191915,0.9996301775147929,1.0,1.0,,6.0,1.0
RNNTransformer,scratch,9550,ocdet,two_hole,heldout,val,chain_r+chain_s,,65,1.0,0.0,0.0,1.0,1.0,0.0,0.0,1.0,1.0,0.0,0.0,1.0,12.492744625073213,10.54294741153717,5.333325428988597,0.9985798816568048,1.0,1.0,,6.0,2.0
RNNTransformer,scratch,9550,ocdet,two_hole,heldout,val,chain_r+chain_s,,79,1.0,0.0,0.0,1.0,1.0,0.0,0.0,1.0,1.0,0.0,0.0,1.0,15.044709312199037,13.826500177383423,5.9236836853965675,0.9998397692677456,1.0,1.0,,6.0,3.0
RNNTransformer,scratch,9550,ocdet,two_hole,heldout,val,chain_r+chain_s,,56,1.0,0.0,0.0,1.0,1.0,0.0,0.0,1.0,1.0,0.0,0.0,1.0,16.265455012076668,15.663140058517456,5.468973372076145,1.0,1.0,1.0,,6.0,4.0
RNNTransformer,scratch,9550,ocdet,two_hole,heldout,val,chain_r+chain_s,,62,1.0,0.0,0.0,1.0,1.0,0.0,0.0,1.0,1.0,0.0,0.0,1.0,13.269731873466123,12.199690461158752,3.8479677325848805,1.0,1.0,1.0,,6.0,5.0
RNNTransformer,scratch,9550,ocdet,two_hole,heldout,test,orientation,1.0,5051,0.9978222134230845,0.0,0.002177786576915462,0.9978222134230845,0.9978222134230845,0.0,0.002177786576915462,0.9978222134230845,0.9978222134230845,0.0,0.002177786576915462,0.9978222134230845,13.069182752736888,12.611722469329834,5.660044547869668,0.9959356162862423,0.9964313997228271,0.9990100970104929,,,
RNNTransformer,scratch,9550,ocdet,two_hole,heldout,test,orientation,2.0,4949,0.9995958779551425,0.0,0.00040412204485754696,0.9995958779551425,0.9995958779551425,0.0,0.00040412204485754696,0.9995958779551425,0.9995958779551425,0.0,0.00040412204485754696,0.9995958779551425,13.702643001529996,13.838648080825806,5.039109371678231,0.9981060402690592,0.9989896948878562,1.0,,,
RNNTransformer,scratch,9550,ocdet,two_hole,heldout,test,kappa_gap,,3321,0.9978922011442337,0.0,0.0021077988557663355,0.9978922011442337,0.9978922011442337,0.0,0.0021077988557663355,0.9978922011442337,0.9978922011442337,0.0,0.0021077988557663355,0.9978922011442337,13.229890329602323,13.07029139995575,5.296477257034739,0.996163673704722,0.9960855164107196,0.9993977717554954,1.0,,
RNNTransformer,scratch,9550,ocdet,two_hole,heldout,test,kappa_gap,,2689,0.999256229081443,0.0,0.0007437709185570844,0.999256229081443,0.999256229081443,0.0,0.0007437709185570844,0.999256229081443,0.999256229081443,0.0,0.0007437709185570844,0.999256229081443,13.588586457414491,13.51571786403656,5.327869155058004,0.997927730858375,0.9981405727036073,1.0,2.0,,
RNNTransformer,scratch,9550,ocdet,two_hole,heldout,test,kappa_gap,,2008,0.9985059760956175,0.0,0.00149402390438247,0.9985059760956175,0.9985059760956175,0.0,0.00149402390438247,0.9985059760956175,0.9985059760956175,0.0,0.00149402390438247,0.9985059760956175,13.423948185741011,13.27807629108429,5.459865819135619,0.9973373438516848,0.9965139442231076,1.0,3.0,,
RNNTransformer,scratch,9550,ocdet,two_hole,heldout,test,kappa_gap,,1313,0.9992383853769993,0.0,0.0007616146230007616,0.9992383853769993,0.9992383853769993,0.0,0.0007616146230007616,0.9992383853769993,0.9992383853769993,0.0,0.0007616146230007616,0.9992383853769993,13.627449119796939,13.694032192230225,5.47629210205196,0.9981594796658176,0.9976961157654227,1.0,4.0,,
RNNTransformer,scratch,9550,ocdet,two_hole,heldout,test,kappa_gap,,669,1.0,0.0,0.0,1.0,1.0,0.0,0.0,1.0,1.0,0.0,0.0,1.0,12.70929578294134,12.713841795921326,5.354383715632826,0.9970417440304227,1.0,1.0,5.0,,
RNNTransformer,scratch,9550,ocdet,two_hole,heldout,test,chain_r+chain_s,,352,0.9943181818181818,0.0,0.005681818181818182,0.9943181818181818,0.9943181818181818,0.0,0.005681818181818182,0.9943181818181818,0.9943181818181818,0.0,0.005681818181818182,0.9943181818181818,10.112820807505738,10.661295592784882,3.2356319487379226,0.9886928589876033,0.9857954545454546,1.0,,1.0,2.0
RNNTransformer,scratch,9550,ocdet,two_hole,heldout,test,chain_r+chain_s,,326,0.9969325153374233,0.0,0.003067484662576687,0.9969325153374233,0.9969325153374233,0.0,0.003067484662576687,0.9969325153374233,0.9969325153374233,0.0,0.003067484662576687,0.9969325153374233,15.18139270779911,15.874298930168152,5.674297797318248,0.9962079867514773,0.99079754601227,1.0,,1.0,3.0
RNNTransformer,scratch,9550,ocdet,two_hole,heldout,test,chain_r+chain_s,,323,1.0,0.0,0.0,1.0,1.0,0.0,0.0,1.0,1.0,0.0,0.0,1.0,16.87093375111143,17.873965978622437,5.307194947200219,0.9977762654678948,1.0,1.0,,1.0,4.0
RNNTransformer,scratch,9550,ocdet,two_hole,heldout,test,chain_r+chain_s,,334,0.9970059880239521,0.0,0.0029940119760479044,0.9970059880239521,0.9970059880239521,0.0,0.0029940119760479044,0.9970059880239521,0.9970059880239521,0.0,0.0029940119760479044,0.9970059880239521,15.843429545888643,16.178449869155884,4.663953504629422,0.9987808813510702,0.9910179640718563,1.0,,1.0,5.0
RNNTransformer,scratch,9550,ocdet,two_hole,heldout,test,chain_r+chain_s,,339,0.9970501474926253,0.0,0.0029498525073746312,0.9970501474926253,0.9970501474926253,0.0,0.0029498525073746312,0.9970501474926253,0.9970501474926253,0.0,0.0029498525073746312,0.9970501474926253,15.63743124919831,15.935524463653564,4.853257563502799,0.9991559419079193,0.9911504424778761,1.0,,1.0,6.0
RNNTransformer,scratch,9550,ocdet,two_hole,heldout,test,chain_r+chain_s,,353,1.0,0.0,0.0,1.0,1.0,0.0,0.0,1.0,1.0,0.0,0.0,1.0,10.070945064634845,9.60560953617096,3.559988552278231,0.9979455737547047,1.0,1.0,,2.0,1.0
RNNTransformer,scratch,9550,ocdet,two_hole,heldout,test,chain_r+chain_s,,316,1.0,0.0,0.0,1.0,1.0,0.0,0.0,1.0,1.0,0.0,0.0,1.0,7.700166501151987,7.398096188902855,3.9040664370246194,0.9803116487742349,1.0,1.0,,2.0,3.0
RNNTransformer,scratch,9550,ocdet,two_hole,heldout,test,chain_r+chain_s,,325,0.9907692307692307,0.0,0.009230769230769232,0.9907692307692307,0.9907692307692307,0.0,0.009230769230769232,0.9907692307692307,0.9907692307692307,0.0,0.009230769230769232,0.9907692307692307,12.037965101828942,11.398491382598877,4.837336683304954,0.9971881656804734,0.9784615384615385,1.0,,2.0,4.0
RNNTransformer,scratch,9550,ocdet,two_hole,heldout,test,chain_r+chain_s,,297,1.0,0.0,0.0,1.0,1.0,0.0,0.0,1.0,1.0,0.0,0.0,1.0,12.17005107890476,12.22251558303833,4.002896571234174,0.9996598986497977,1.0,1.0,,2.0,5.0
RNNTransformer,scratch,9550,ocdet,two_hole,heldout,test,chain_r+chain_s,,341,1.0,0.0,0.0,1.0,1.0,0.0,0.0,1.0,1.0,0.0,0.0,1.0,10.463347521782621,10.233006596565247,4.053737382682325,0.9983144279804956,1.0,1.0,,2.0,6.0
RNNTransformer,scratch,9550,ocdet,two_hole,heldout,test,chain_r+chain_s,,345,1.0,0.0,0.0,1.0,1.0,0.0,0.0,1.0,1.0,0.0,0.0,1.0,13.506539754072826,13.012932062149048,5.783768156186466,0.9973030875866415,1.0,1.0,,3.0,1.0
RNNTransformer,scratch,9550,ocdet,two_hole,heldout,test,chain_r+chain_s,,346,0.9913294797687862,0.0,0.008670520231213872,0.9913294797687862,0.9913294797687862,0.0,0.008670520231213872,0.9913294797687862,0.9913294797687862,0.0,0.008670520231213872,0.9913294797687862,8.350282851111338,7.041181564331055,5.208815773073592,0.971783220288015,0.9797687861271677,1.0,,3.0,2.0
RNNTransformer,scratch,9550,ocdet,two_hole,heldout,test,chain_r+chain_s,,346,1.0,0.0,0.0,1.0,1.0,0.0,0.0,1.0,1.0,0.0,0.0,1.0,12.235212692075727,12.025474682450294,4.903866915743199,0.9983293795315581,1.0,1.0,,3.0,4.0
RNNTransformer,scratch,9550,ocdet,two_hole,heldout,test,chain_r+chain_s,,336,1.0,0.0,0.0,1.0,1.0,0.0,0.0,1.0,1.0,0.0,0.0,1.0,14.483222273400141,14.548791766166687,5.202329419327655,0.9991496598639455,1.0,1.0,,3.0,5.0
RNNTransformer,scratch,9550,ocdet,two_hole,heldout,test,chain_r+chain_s,,375,1.0,0.0,0.0,1.0,1.0,0.0,0.0,1.0,1.0,0.0,0.0,1.0,12.806500645120938,12.409966707229614,4.424947481989311,0.9983075555555555,1.0,1.0,,3.0,6.0
RNNTransformer,scratch,9550,ocdet,two_hole,heldout,test,chain_r+chain_s,,346,1.0,0.0,0.0,1.0,1.0,0.0,0.0,1.0,1.0,0.0,0.0,1.0,16.486093256256485,18.848095297813416,5.609458417694086,0.9976778375488656,1.0,1.0,,4.0,1.0
RNNTransformer,scratch,9550,ocdet,two_hole,heldout,test,chain_r+chain_s,,303,1.0,0.0,0.0,1.0,1.0,0.0,0.0,1.0,1.0,0.0,0.0,1.0,14.250496435086719,15.789809226989746,5.054326288441362,0.9968521604635711,1.0,1.0,,4.0,2.0
RNNTransformer,scratch,9550,ocdet,two_hole,heldout,test,chain_r+chain_s,,325,0.9969230769230769,0.0,0.003076923076923077,0.9969230769230769,0.9969230769230769,0.0,0.003076923076923077,0.9969230769230769,0.9969230769230769,0.0,0.003076923076923077,0.9969230769230769,15.133284321748294,16.882885694503784,5.421621476120587,0.9988828402366864,0.9907692307692307,1.0,,4.0,3.0
RNNTransformer,scratch,9550,ocdet,two_hole,heldout,test,chain_r+chain_s,,345,1.0,0.0,0.0,1.0,1.0,0.0,0.0,1.0,1.0,0.0,0.0,1.0,12.14430996136389,12.406242609024048,2.703280670701605,1.0,1.0,1.0,,4.0,5.0
RNNTransformer,scratch,9550,ocdet,two_hole,heldout,test,chain_r+chain_s,,352,1.0,0.0,0.0,1.0,1.0,0.0,0.0,1.0,1.0,0.0,0.0,1.0,16.712910407815468,18.5634868144989,5.231821118213225,0.9998466554752066,1.0,1.0,,4.0,6.0
RNNTransformer,scratch,9550,ocdet,two_hole,heldout,test,chain_r+chain_s,,294,1.0,0.0,0.0,1.0,1.0,0.0,0.0,1.0,1.0,0.0,0.0,1.0,15.108891227618367,14.979022145271301,5.029240577633359,0.9987158128557545,1.0,1.0,,5.0,1.0
RNNTransformer,scratch,9550,ocdet,two_hole,heldout,test,chain_r+chain_s,,325,1.0,0.0,0.0,1.0,1.0,0.0,0.0,1.0,1.0,0.0,0.0,1.0,13.511115168516453,14.110016822814941,5.306547826628457,0.9965065088757397,1.0,1.0,,5.0,2.0
RNNTransformer,scratch,9550,ocdet,two_hole,heldout,test,chain_r+chain_s,,325,0.9969230769230769,0.0,0.003076923076923077,0.9969230769230769,0.9969230769230769,0.0,0.003076923076923077,0.9969230769230769,0.9969230769230769,0.0,0.003076923076923077,0.9969230769230769,15.241492080505077,15.87493896484375,6.034444460981326,0.995701775147929,0.9906923076923076,1.0,,5.0,3.0
RNNTransformer,scratch,9550,ocdet,two_hole,heldout,test,chain_r+chain_s,,319,1.0,0.0,0.0,1.0,1.0,0.0,0.0,1.0,1.0,0.0,0.0,1.0,11.69023824756422,12.25517201423645,3.3198068325137,0.9938483308929748,1.0,1.0,,5.0,4.0
RNNTransformer,scratch,9550,ocdet,two_hole,heldout,test,chain_r+chain_s,,324,1.0,0.0,0.0,1.0,1.0,0.0,0.0,1.0,1.0,0.0,0.0,1.0,13.52777742985406,13.943491339683533,3.668631966454125,0.9993236549306508,1.0,1.0,,5.0,6.0
RNNTransformer,scratch,9550,ocdet,two_hole,heldout,test,chain_r+chain_s,,295,1.0,0.0,0.0,1.0,1.0,0.0,0.0,1.0,1.0,0.0,0.0,1.0,13.941882030640619,12.571600675582886,5.626270118654863,0.999253088193048,1.0,1.0,,6.0,1.0
RNNTransformer,scratch,9550,ocdet,two_hole,heldout,test,chain_r+chain_s,,351,1.0,0.0,0.0,1.0,1.0,0.0,0.0,1.0,1.0,0.0,0.0,1.0,12.406327515331089,10.891168713569641,5.718452760919855,0.998806827866657,1.0,1.0,,6.0,2.0
RNNTransformer,scratch,9550,ocdet,two_hole,heldout,test,chain_r+chain_s,,323,1.0,0.0,0.0,1.0,1.0,0.0,0.0,1.0,1.0,0.0,0.0,1.0,14.439468615887336,13.895821809768677,5.39450049366856,0.9986485061679878,1.0,1.0,,6.0,3.0
RNNTransformer,scratch,9550,ocdet,two_hole,heldout,test,chain_r+chain_s,,365,1.0,0.0,0.0,1.0,1.0,0.0,0.0,1.0,1.0,0.0,0.0,1.0,16.071051331538044,15.377529621124268,4.975589271533595,0.9995196096828673,1.0,1.0,,6.0,4.0
RNNTransformer,scratch,9550,ocdet,two_hole,heldout,test,chain_r+chain_s,,354,1.0,0.0,0.0,1.0,1.0,0.0,0.0,1.0,1.0,0.0,0.0,1.0,13.650554862946777,12.954925775527954,3.9433613525039464,0.9998882824220371,1.0,1.0,,6.0,5.0
RNNTransformer,scratch,9552,ocdet,two_hole,clean,val,orientation,1.0,1052,1.0,0.0,0.0,1.0,1.0,0.0,0.0,1.0,1.0,0.0,0.0,1.0,22.082512478751376,22.40102982521057,2.9516260970236416,1.0,1.0,1.0,,,
RNNTransformer,scratch,9552,ocdet,two_hole,clean,val,orientation,2.0,948,1.0,0.0,0.0,1.0,1.0,0.0,0.0,1.0,1.0,0.0,0.0,1.0,22.855877456392793,23.145013570785522,3.73707166272213,1.0,1.0,1.0,,,
RNNTransformer,scratch,9552,ocdet,two_hole,clean,val,kappa_gap,,673,1.0,0.0,0.0,1.0,1.0,0.0,0.0,1.0,1.0,0.0,0.0,1.0,22.684272389532374,22.944015502929688,3.4549013790477576,1.0,1.0,1.0,1.0,,
RNNTransformer,scratch,9552,ocdet,two_hole,clean,val,kappa_gap,,511,1.0,0.0,0.0,1.0,1.0,0.0,0.0,1.0,1.0,0.0,0.0,1.0,22.293176785607162,22.439703464508057,3.4696622476223893,1.0,1.0,1.0,2.0,,
RNNTransformer,scratch,9552,ocdet,two_hole,clean,val,kappa_gap,,418,1.0,0.0,0.0,1.0,1.0,0.0,0.0,1.0,1.0,0.0,0.0,1.0,22.490952700198267,22.79880928993225,3.258509144005622,1.0,1.0,1.0,3.0,,
RNNTransformer,scratch,9552,ocdet,two_hole,clean,val,kappa_gap,,262,1.0,0.0,0.0,1.0,1.0,0.0,0.0,1.0,1.0,0.0,0.0,1.0,22.256014972697688,22.271696090698242,3.2177702422142813,1.0,1.0,1.0,4.0,,
RNNTransformer,scratch,9552,ocdet,two_hole,clean,val,kappa_gap,,136,1.0,0.0,0.0,1.0,1.0,0.0,0.0,1.0,1.0,0.0,0.0,1.0,22.11435403806322,22.22546672821045,3.081696324780644,1.0,1.0,1.0,5.0,,
RNNTransformer,scratch,9552,ocdet,two_hole,clean,val,chain_r+chain_s,,53,1.0,0.0,0.0,1.0,1.0,0.0,0.0,1.0,1.0,0.0,0.0,1.0,19.280769341396837,18.9646954536438,1.916221403694212,1.0,1.0,1.0,,1.0,2.0
RNNTransformer,scratch,9552,ocdet,two_hole,clean,val,chain_r+chain_s,,82,1.0,0.0,0.0,1.0,1.0,0.0,0.0,1.0,1.0,0.0,0.0,1.0,24.00488059695174,24.106062173843384,1.6182731272326765,1.0,1.0,1.0,,1.0,3.0
RNNTransformer,scratch,9552,ocdet,two_hole,clean,val,chain_r+chain_s,,58,1.0,0.0,0.0,1.0,1.0,0.0,0.0,1.0,1.0,0.0,0.0,1.0,21.68220314075207,21.690494775772095,1.864121029399315,1.0,1.0,1.0,,1.0,4.0
RNNTransformer,scratch,9552,ocdet,two_hole,clean,val,chain_r+chain_s,,60,1.0,0.0,0.0,1.0,1.0,0.0,0.0,1.0,1.0,0.0,0.0,1.0,21.082415942351023,21.229435443878174,2.4068985409344936,1.0,1.0,1.0,,1.0,5.0
RNNTransformer,scratch,9552,ocdet,two_hole,clean,val,chain_r+chain_s,,71,1.0,0.0,0.0,1.0,1.0,0.0,0.0,1.0,1.0,0.0,0.0,1.0,23.637706414074966,23.81586980819702,1.9057286431470324,1.0,1.0,1.0,,1.0,6.0
RNNTransformer,scratch,9552,ocdet,two_hole,clean,val,chain_r+chain_s,,67,1.0,0.0,0.0,1.0,1.0,0.0,0.0,1.0,1.0,0.0,0.0,1.0,18.85373655006067,18.982943534851074,1.8493725946294786,1.0,1.0,1.0,,2.0,1.0
RNNTransformer,scratch,9552,ocdet,two_hole,clean,val,chain_r+chain_s,,49,1.0,0.0,0.0,1.0,1.0,0.0,0.0,1.0,1.0,0.0,0.0,1.0,23.743127939652425,24.28304100036621,3.2368529489028974,1.0,1.0,1.0,,2.0,3.0
RNNTransformer,scratch,9552,ocdet,two_hole,clean,val,chain_r+chain_s,,87,1.0,0.0,0.0,1.0,1.0,0.0,0.0,1.0,1.0,0.0,0.0,1.0,21.36742606930349,21.720866203308105,2.2740245172976965,1.0,1.0,1.0,,2.0,4.0
RNNTransformer,scratch,9552,ocdet,two_hole,clean,val,chain_r+chain_s,,50,1.0,0.0,0.0,1.0,1.0,0.0,0.0,1.0,1.0,0.0,0.0,1.0,21.77731833934784,22.09596061706543,3.0046383575882323,1.0,1.0,1.0,,2.0,5.0
RNNTransformer,scratch,9552,ocdet,two_hole,clean,val,chain_r+chain_s,,70,1.0,0.0,0.0,1.0,1.0,0.0,0.0,1.0,1.0,0.0,0.0,1.0,23.89980340855462,24.64313507080078,3.160254303896924,1.0,1.0,1.0,,2.0,6.0
RNNTransformer,scratch,9552,ocdet,two_hole,clean,val,chain_r+chain_s,,67,1.0,0.0,0.0,1.0,1.0,0.0,0.0,1.0,1.0,0.0,0.0,1.0,21.732023379473542,22.04609775543213,3.7769896905341227,1.0,1.0,1.0,,3.0,1.0
RNNTransformer,scratch,9552,ocdet,two_hole,clean,val,chain_r+chain_s,,67,1.0,0.0,0.0,1.0,1.0,0.0,0.0,1.0,1.0,0.0,0.0,1.0,24.06303062367795,23.365621089935303,2.8604349991525377,1.0,1.0,1.0,,3.0,2.0
RNNTransformer,scratch,9552,ocdet,two_hole,clean,val,chain_r+chain_s,,57,1.0,0.0,0.0,1.0,1.0,0.0,0.0,1.0,1.0,0.0,0.0,1.0,22.278658406776294,22.481459617614746,2.855618295282952,1.0,1.0,1.0,,3.0,4.0
RNNTransformer,scratch,9552,ocdet,two_hole,clean,val,chain_r+chain_s,,69,1.0,0.0,0.0,1.0,1.0,0.0,0.0,1.0,1.0,0.0,0.0,1.0,24.230886158735856,23.615554809570312,3.374088608734758,1.0,1.0,1.0,,3.0,5.0
RNNTransformer,scratch,9552,ocdet,two_hole,clean,val,chain_r+chain_s,,71,1.0,0.0,0.0,1.0,1.0,0.0,0.0,1.0,1.0,0.0,0.0,1.0,26.07286009318392,25.085888385772705,3.3008035562387463,1.0,1.0,1.0,,3.0,6.0
RNNTransformer,scratch,9552,ocdet,two_hole,clean,val,chain_r+chain_s,,63,1.0,0.0,0.0,1.0,1.0,0.0,0.0,1.0,1.0,0.0,0.0,1.0,22.354735164415267,22.289042472839355,3.2703288777301096,1.0,1.0,1.0,,4.0,1.0
RNNTransformer,scratch,9552,ocdet,two_hole,clean,val,chain_r+chain_s,,78,1.0,0.0,0.0,1.0,1.0,0.0,0.0,1.0,1.0,0.0,0.0,1.0,20.273357634360973,19.98314392566681,2.4240313246731846,1.0,1.0,1.0,,4.0,2.0
RNNTransformer,scratch,9552,ocdet,two_hole,clean,val,chain_r+chain_s,,55,1.0,0.0,0.0,1.0,1.0,0.0,0.0,1.0,1.0,0.0,0.0,1.0,22.843817073648626,23.27095365524292,2.169451885430437,1.0,1.0,1.0,,4.0,3.0
RNNTransformer,scratch,9552,ocdet,two_hole,clean,val,chain_r+chain_s,,60,1.0,0.0,0.0,1.0,1.0,0.0,0.0,1.0,1.0,0.0,0.0,1.0,16.5493916730086,16.835305094718933,1.8661446671836182,1.0,1.0,1.0,,4.0,5.0
RNNTransformer,scratch,9552,ocdet,two_hole,clean,val,chain_r+chain_s,,63,1.0,0.0,0.0,1.0,1.0,0.0,0.0,1.0,1.0,0.0,0.0,1.0,25.701411383492605,25.909810066223145,2.7278883815418453,1.0,1.0,1.0,,4.0,6.0
RNNTransformer,scratch,9552,ocdet,two_hole,clean,val,chain_r+chain_s,,82,1.0,0.0,0.0,1.0,1.0,0.0,0.0,1.0,1.0,0.0,0.0,1.0,23.7337462029806,23.729370594024658,2.2261270346162485,1.0,1.0,1.0,,5.0,1.0
RNNTransformer,scratch,9552,ocdet,two_hole,clean,val,chain_r+chain_s,,70,1.0,0.0,0.0,1.0,1.0,0.0,0.0,1.0,1.0,0.0,0.0,1.0,22.11972587789808,21.5995614528656,2.196814889739629,1.0,1.0,1.0,,5.0,2.0
RNNTransformer,scratch,9552,ocdet,two_hole,clean,val,chain_r+chain_s,,74,1.0,0.0,0.0,1.0,1.0,0.0,0.0,1.0,1.0,0.0,0.0,1.0,22.840541076015782,21.961851000785828,2.876963748968977,1.0,1.0,1.0,,5.0,3.0
RNNTransformer,scratch,9552,ocdet,two_hole,clean,val,chain_r+chain_s,,76,1.0,0.0,0.0,1.0,1.0,0.0,0.0,1.0,1.0,0.0,0.0,1.0,19.601154222300178,20.8593647480011,4.679767307520227,1.0,1.0,1.0,,5.0,4.0
RNNTransformer,scratch,9552,ocdet,two_hole,clean,val,chain_r+chain_s,,62,1.0,0.0,0.0,1.0,1.0,0.0,0.0,1.0,1.0,0.0,0.0,1.0,23.895087957382202,23.95278549194336,2.0567506769972437,1.0,1.0,1.0,,5.0,6.0
RNNTransformer,scratch,9552,ocdet,two_hole,clean,val,chain_r+chain_s,,69,1.0,0.0,0.0,1.0,1.0,0.0,0.0,1.0,1.0,0.0,0.0,1.0,23.879267105157826,24.872230052947998,2.924389400774832,1.0,1.0,1.0,,6.0,1.0
RNNTransformer,scratch,9552,ocdet,two_hole,clean,val,chain_r+chain_s,,73,1.0,0.0,0.0,1.0,1.0,0.0,0.0,1.0,1.0,0.0,0.0,1.0,21.981268882751465,22.1081862449646,1.2431728226286707,1.0,1.0,1.0,,6.0,2.0
RNNTransformer,scratch,9552,ocdet,two_hole,clean,val,chain_r+chain_s,,57,1.0,0.0,0.0,1.0,1.0,0.0,0.0,1.0,1.0,0.0,0.0,1.0,24.627354964875337,24.346773147583008,1.8185588877850831,1.0,1.0,1.0,,6.0,3.0
RNNTransformer,scratch,9552,ocdet,two_hole,clean,val,chain_r+chain_s,,78,1.0,0.0,0.0,1.0,1.0,0.0,0.0,1.0,1.0,0.0,0.0,1.0,21.171630908281376,22.47721815109253,2.9553431734622353,1.0,1.0,1.0,,6.0,4.0
RNNTransformer,scratch,9552,ocdet,two_hole,clean,val,chain_r+chain_s,,62,1.0,0.0,0.0,1.0,1.0,0.0,0.0,1.0,1.0,0.0,0.0,1.0,23.819412802496263,23.84957480430603,2.6253551862293394,1.0,1.0,1.0,,6.0,5.0
RNNTransformer,scratch,9552,ocdet,two_hole,clean,test,orientation,1.0,5099,1.0,0.0,0.0,1.0,1.0,0.0,0.0,1.0,1.0,0.0,0.0,1.0,22.0678509015164,22.372207164764404,2.9761311148046845,1.0,1.0,1.0,,,
RNNTransformer,scratch,9552,ocdet,two_hole,clean,test,orientation,2.0,4901,1.0,0.0,0.0,1.0,1.0,0.0,0.0,1.0,1.0,0.0,0.0,1.0,22.819600773762804,23.15758466720581,3.696573195793812,1.0,1.0,1.0,,,
RNNTransformer,scratch,9552,ocdet,two_hole,clean,test,kappa_gap,,3399,1.0,0.0,0.0,1.0,1.0,0.0,0.0,1.0,1.0,0.0,0.0,1.0,22.60424768207055,22.842119693756104,3.4295187914382614,1.0,1.0,1.0,1.0,,
RNNTransformer,scratch,9552,ocdet,two_hole,clean,test,kappa_gap,,2701,1.0,0.0,0.0,1.0,1.0,0.0,0.0,1.0,1.0,0.0,0.0,1.0,22.478628967507642,22.731693744659424,3.403010206756765,1.0,1.0,1.0,2.0,,
RNNTransformer,scratch,9552,ocdet,two_hole,clean,test,kappa_gap,,1974,1.0,0.0,0.0,1.0,1.0,0.0,0.0,1.0,1.0,0.0,0.0,1.0,22.39832251964339,22.580352067947388,3.3735717950725244,1.0,1.0,1.0,3.0,,
RNNTransformer,scratch,9552,ocdet,two_hole,clean,test,kappa_gap,,1310,1.0,0.0,0.0,1.0,1.0,0.0,0.0,1.0,1.0,0.0,0.0,1.0,22.3074913080867,22.608160495758057,3.1891874948806973,1.0,1.0,1.0,4.0,,
RNNTransformer,scratch,9552,ocdet,two_hole,clean,test,kappa_gap,,616,1.0,0.0,0.0,1.0,1.0,0.0,0.0,1.0,1.0,0.0,0.0,1.0,21.71934766084101,22.019575834274292,3.1359726316087877,0.9999973646483387,1.0,1.0,5.0,,
RNNTransformer,scratch,9552,ocdet,two_hole,clean,test,chain_r+chain_s,,351,1.0,0.0,0.0,1.0,1.0,0.0,0.0,1.0,1.0,0.0,0.0,1.0,19.186945855108082,18.831002235412598,1.9772131085482934,1.0,1.0,1.0,,1.0,2.0
RNNTransformer,scratch,9552,ocdet,two_hole,clean,test,chain_r+chain_s,,337,1.0,0.0,0.0,1.0,1.0,0.0,0.0,1.0,1.0,0.0,0.0,1.0,23.732695402660426,23.900776386260986,1.6184369829849863,1.0,1.0,1.0,,1.0,3.0
RNNTransformer,scratch,9552,ocdet,two_hole,clean,test,chain_r+chain_s,,365,1.0,0.0,0.0,1.0,1.0,0.0,0.0,1.0,1.0,0.0,0.0,1.0,21.909074370828392,21.62422227859497,1.9295195315619214,1.0,1.0,1.0,,1.0,4.0
RNNTransformer,scratch,9552,ocdet,two_hole,clean,test,chain_r+chain_s,,329,1.0,0.0,0.0,1.0,1.0,0.0,0.0,1.0,1.0,0.0,0.0,1.0,21.057865719664786,20.92685556411743,2.157613332041096,1.0,1.0,1.0,,1.0,5.0
RNNTransformer,scratch,9552,ocdet,two_hole,clean,test,chain_r+chain_s,,309,1.0,0.0,0.0,1.0,1.0,0.0,0.0,1.0,1.0,0.0,0.0,1.0,23.727552511159654,24.028549671173096,1.783219250760134,1.0,1.0,1.0,,1.0,6.0
RNNTransformer,scratch,9552,ocdet,two_hole,clean,test,chain_r+chain_s,,362,1.0,0.0,0.0,1.0,1.0,0.0,0.0,1.0,1.0,0.0,0.0,1.0,18.879720489376158,19.038402199745178,1.8763241049879877,1.0,1.0,1.0,,2.0,1.0
RNNTransformer,scratch,9552,ocdet,two_hole,clean,test,chain_r+chain_s,,353,1.0,0.0,0.0,1.0,1.0,0.0,0.0,1.0,1.0,0.0,0.0,1.0,23.63475665087065,24.20272970199585,3.5299068164378826,1.0,1.0,1.0,,2.0,3.0
RNNTransformer,scratch,9552,ocdet,two_hole,clean,test,chain_r+chain_s,,363,1.0,0.0,0.0,1.0,1.0,0.0,0.0,1.0,1.0,0.0,0.0,1.0,21.14336524554849,21.520123958587646,2.206478553766238,1.0,1.0,1.0,,2.0,4.0
RNNTransformer,scratch,9552,ocdet,two_hole,clean,test,chain_r+chain_s,,346,1.0,0.0,0.0,1.0,1.0,0.0,0.0,1.0,1.0,0.0,0.0,1.0,21.549608137910766,21.591643571853638,2.9450212269959906,1.0,1.0,1.0,,2.0,5.0
RNNTransformer,scratch,9552,ocdet,two_hole,clean,test,chain_r+chain_s,,341,1.0,0.0,0.0,1.0,1.0,0.0,0.0,1.0,1.0,0.0,0.0,1.0,24.507344886354687,24.775471687316895,2.7460368201004663,1.0,1.0,1.0,,2.0,6.0
RNNTransformer,scratch,9552,ocdet,two_hole,clean,test,chain_r+chain_s,,362,1.0,0.0,0.0,1.0,1.0,0.0,0.0,1.0,1.0,0.0,0.0,1.0,21.877433860458392,22.213694095611572,2.9136150619216763,1.0,1.0,1.0,,3.0,1.0
RNNTransformer,scratch,9552,ocdet,two_hole,clean,test,chain_r+chain_s,,319,1.0,0.0,0.0,1.0,1.0,0.0,0.0,1.0,1.0,0.0,0.0,1.0,24.068827369510192,23.56137704849243,3.0247979934103997,1.0,1.0,1.0,,3.0,2.0
RNNTransformer,scratch,9552,ocdet,two_hole,clean,test,chain_r+chain_s,,308,1.0,0.0,0.0,1.0,1.0,0.0,0.0,1.0,1.0,0.0,0.0,1.0,21.872894162650812,21.29117751121521,3.7029115740807015,1.0,1.0,1.0,,3.0,4.0
RNNTransformer,scratch,9552,ocdet,two_hole,clean,test,chain_r+chain_s,,316,1.0,0.0,0.0,1.0,1.0,0.0,0.0,1.0,1.0,0.0,0.0,1.0,23.84679226332073,23.363697052001953,3.224273771316746,1.0,1.0,1.0,,3.0,5.0
RNNTransformer,scratch,9552,ocdet,two_hole,clean,test,chain_r+chain_s,,312,1.0,0.0,0.0,1.0,1.0,0.0,0.0,1.0,1.0,0.0,0.0,1.0,26.153278055863503,25.63354778289795,3.267321835745046,1.0,1.0,1.0,,3.0,6.0
RNNTransformer,scratch,9552,ocdet,two_hole,clean,test,chain_r+chain_s,,319,1.0,0.0,0.0,1.0,1.0,0.0,0.0,1.0,1.0,0.0,0.0,1.0,22.288750811430354,21.50013256072998,3.705090357418467,1.0,1.0,1.0,,4.0,1.0
RNNTransformer,scratch,9552,ocdet,two_hole,clean,test,chain_r+chain_s,,297,1.0,0.0,0.0,1.0,1.0,0.0,0.0,1.0,1.0,0.0,0.0,1.0,20.50229581839308,20.397192239761353,2.04059849134822,1.0,1.0,1.0,,4.0,2.0
RNNTransformer,scratch,9552,ocdet,two_hole,clean,test,chain_r+chain_s,,352,1.0,0.0,0.0,1.0,1.0,0.0,0.0,1.0,1.0,0.0,0.0,1.0,23.310071357949212,23.638845443725586,2.067127949857534,1.0,1.0,1.0,,4.0,3.0
RNNTransformer,scratch,9552,ocdet,two_hole,clean,test,chain_r+chain_s,,320,1.0,0.0,0.0,1.0,1.0,0.0,0.0,1.0,1.0,0.0,0.0,1.0,16.484983780654147,17.019871830940247,2.228130066946633,1.0,1.0,1.0,,4.0,5.0
RNNTransformer,scratch,9552,ocdet,two_hole,clean,test,chain_r+chain_s,,348,1.0,0.0,0.0,1.0,1.0,0.0,0.0,1.0,1.0,0.0,0.0,1.0,25.524918933024352,25.385021924972534,2.94873749980138,1.0,1.0,1.0,,4.0,6.0
RNNTransformer,scratch,9552,ocdet,two_hole,clean,test,chain_r+chain_s,,325,1.0,0.0,0.0,1.0,1.0,0.0,0.0,1.0,1.0,0.0,0.0,1.0,24.392584502146793,24.258573055267334,2.0114854327196157,1.0,1.0,1.0,,5.0,1.0
RNNTransformer,scratch,9552,ocdet,two_hole,clean,test,chain_r+chain_s,,362,1.0,0.0,0.0,1.0,1.0,0.0,0.0,1.0,1.0,0.0,0.0,1.0,21.86703228719985,21.482419967651367,2.3995336707319823,1.0,1.0,1.0,,5.0,2.0
RNNTransformer,scratch,9552,ocdet,two_hole,clean,test,chain_r+chain_s,,305,1.0,0.0,0.0,1.0,1.0,0.0,0.0,1.0,1.0,0.0,0.0,1.0,23.206048949820097,22.83811664581299,2.793644587066628,1.0,1.0,1.0,,5.0,3.0
RNNTransformer,scratch,9552,ocdet,two_hole,clean,test,chain_r+chain_s,,334,1.0,0.0,0.0,1.0,1.0,0.0,0.0,1.0,1.0,0.0,0.0,1.0,19.896786809993717,21.73029661178589,4.489769983331496,1.0,1.0,1.0,,5.0,4.0
RNNTransformer,scratch,9552,ocdet,two_hole,clean,test,chain_r+chain_s,,333,1.0,0.0,0.0,1.0,1.0,0.0,0.0,1.0,1.0,0.0,0.0,1.0,23.940906382895804,23.93223285675049,1.8781542958073532,1.0,1.0,1.0,,5.0,6.0
RNNTransformer,scratch,9552,ocdet,two_hole,clean,test,chain_r+chain_s,,322,1.0,0.0,0.0,1.0,1.0,0.0,0.0,1.0,1.0,0.0,0.0,1.0,23.53934343483137,24.647355318069458,3.2146722809915356,1.0,1.0,1.0,,6.0,1.0
RNNTransformer,scratch,9552,ocdet,two_hole,clean,test,chain_r+chain_s,,351,1.0,0.0,0.0,1.0,1.0,0.0,0.0,1.0,1.0,0.0,0.0,1.0,22.035541408761613,22.163049697875977,1.0705196258074066,1.0,1.0,1.0,,6.0,2.0
RNNTransformer,scratch,9552,ocdet,two_hole,clean,test,chain_r+chain_s,,327,1.0,0.0,0.0,1.0,1.0,0.0,0.0,1.0,1.0,0.0,0.0,1.0,24.414976541420007,24.214484214782715,2.0787662231979485,1.0,1.0,1.0,,6.0,3.0
RNNTransformer,scratch,9552,ocdet,two_hole,clean,test,chain_r+chain_s,,299,1.0,0.0,0.0,1.0,1.0,0.0,0.0,1.0,1.0,0.0,0.0,1.0,20.91867608310387,21.169363975524902,2.9127809976807577,1.0,1.0,1.0,,6.0,4.0
RNNTransformer,scratch,9552,ocdet,two_hole,clean,test,chain_r+chain_s,,333,1.0,0.0,0.0,1.0,1.0,0.0,0.0,1.0,1.0,0.0,0.0,1.0,24.09630539740349,23.81373119354248,2.2644054470824444,1.0,1.0,1.0,,6.0,5.0
RNNTransformer,scratch,9552,ocdet,two_hole,heldout,val,orientation,1.0,1030,0.9990291262135922,0.0,0.000970873786407767,0.9990291262135922,0.9990291262135922,0.0,0.000970873786407767,0.9990291262135922,0.9990291262135922,0.0,0.000970873786407767,0.9990291262135922,18.94008167645017,19.528058767318726,4.121073433061655,0.9993467810349703,0.9970873786407767,1.0,,,
RNNTransformer,scratch,9552,ocdet,two_hole,heldout,val,orientation,2.0,970,1.0,0.0,0.0,1.0,1.0,0.0,0.0,1.0,1.0,0.0,0.0,1.0,19.57109310630056,19.74986469745636,4.626802473475162,0.9999202890849187,1.0,1.0,,,
RNNTransformer,scratch,9552,ocdet,two_hole,heldout,val,kappa_gap,,613,0.99836867862969,0.0,0.0016313213703099511,0.99836867862969,0.99836867862969,0.0,0.0016313213703099511,0.99836867862969,0.99836867862969,0.0,0.0016313213703099511,0.99836867862969,18.830453204291874,19.294447898864746,4.6743161035475165,0.999733879058677,0.9951060358890701,1.0,1.0,,
RNNTransformer,scratch,9552,ocdet,two_hole,heldout,val,kappa_gap,,557,1.0,0.0,0.0,1.0,1.0,0.0,0.0,1.0,1.0,0.0,0.0,1.0,19.45510416380272,19.79561710357666,4.346584381647925,0.9999419820853572,1.0,1.0,2.0,,
RNNTransformer,scratch,9552,ocdet,two_hole,heldout,val,kappa_gap,,432,1.0,0.0,0.0,1.0,1.0,0.0,0.0,1.0,1.0,0.0,0.0,1.0,19.478876853154766,19.776025533676147,4.4181312773565224,0.9986550497256516,1.0,1.0,3.0,,
RNNTransformer,scratch,9552,ocdet,two_hole,heldout,val,kappa_gap,,251,1.0,0.0,0.0,1.0,1.0,0.0,0.0,1.0,1.0,0.0,0.0,1.0,19.420918787380614,19.623001098632812,3.995057749017433,0.9999841272360757,1.0,1.0,4.0,,
RNNTransformer,scratch,9552,ocdet,two_hole,heldout,val,kappa_gap,,147,1.0,0.0,0.0,1.0,1.0,0.0,0.0,1.0,1.0,0.0,0.0,1.0,19.205157756399945,19.679076671600342,3.6324656018686436,1.0,1.0,1.0,5.0,,
RNNTransformer,scratch,9552,ocdet,two_hole,heldout,val,chain_r+chain_s,,78,1.0,0.0,0.0,1.0,1.0,0.0,0.0,1.0,1.0,0.0,0.0,1.0,15.504492476964609,16.013126492500305,3.6897106589069475,1.0,1.0,1.0,,1.0,2.0
RNNTransformer,scratch,9552,ocdet,two_hole,heldout,val,chain_r+chain_s,,73,1.0,0.0,0.0,1.0,1.0,0.0,0.0,1.0,1.0,0.0,0.0,1.0,19.675699776778483,20.377313137054443,3.8394750555486143,1.0,1.0,1.0,,1.0,3.0
RNNTransformer,scratch,9552,ocdet,two_hole,heldout,val,chain_r+chain_s,,59,1.0,0.0,0.0,1.0,1.0,0.0,0.0,1.0,1.0,0.0,0.0,1.0,18.17692791329602,18.341918468475342,3.4507217976529496,1.0,1.0,1.0,,1.0,4.0
RNNTransformer,scratch,9552,ocdet,two_hole,heldout,val,chain_r+chain_s,,64,1.0,0.0,0.0,1.0,1.0,0.0,0.0,1.0,1.0,0.0,0.0,1.0,18.47194405994378,19.161254405975342,3.698873164843804,1.0,1.0,1.0,,1.0,5.0
RNNTransformer,scratch,9552,ocdet,two_hole,heldout,val,chain_r+chain_s,,65,1.0,0.0,0.0,1.0,1.0,0.0,0.0,1.0,1.0,0.0,0.0,1.0,19.525121013017802,20.005049228668213,4.223121153943823,1.0,1.0,1.0,,1.0,6.0
RNNTransformer,scratch,9552,ocdet,two_hole,heldout,val,chain_r+chain_s,,70,1.0,0.0,0.0,1.0,1.0,0.0,0.0,1.0,1.0,0.0,0.0,1.0,17.536119839123316,17.722448706626892,3.5229300654318676,1.0,1.0,1.0,,2.0,1.0
RNNTransformer,scratch,9552,ocdet,two_hole,heldout,val,chain_r+chain_s,,75,1.0,0.0,0.0,1.0,1.0,0.0,0.0,1.0,1.0,0.0,0.0,1.0,20.99955716451009,21.653121948242188,4.2801907413132145,1.0,1.0,1.0,,2.0,3.0
RNNTransformer,scratch,9552,ocdet,two_hole,heldout,val,chain_r+chain_s,,70,1.0,0.0,0.0,1.0,1.0,0.0,0.0,1.0,1.0,0.0,0.0,1.0,17.90606927360807,18.864648580551147,3.969740068941217,0.9989795918367348,1.0,1.0,,2.0,4.0
RNNTransformer,scratch,9552,ocdet,two_hole,heldout,val,chain_r+chain_s,,73,1.0,0.0,0.0,1.0,1.0,0.0,0.0,1.0,1.0,0.0,0.0,1.0,18.40313042189977,19.709170818328857,4.774015747183018,1.0,1.0,1.0,,2.0,5.0
RNNTransformer,scratch,9552,ocdet,two_hole,heldout,val,chain_r+chain_s,,73,1.0,0.0,0.0,1.0,1.0,0.0,0.0,1.0,1.0,0.0,0.0,1.0,21.31239978826209,22.263535022735596,4.602544318085463,1.0,1.0,1.0,,2.0,6.0
RNNTransformer,scratch,9552,ocdet,two_hole,heldout,val,chain_r+chain_s,,73,1.0,0.0,0.0,1.0,1.0,0.0,0.0,1.0,1.0,0.0,0.0,1.0,19.552298225360374,20.212796211242676,4.227940351844172,1.0,1.0,1.0,,3.0,1.0
RNNTransformer,scratch,9552,ocdet,two_hole,heldout,val,chain_r+chain_s,,64,1.0,0.0,0.0,1.0,1.0,0.0,0.0,1.0,1.0,0.0,0.0,1.0,19.557912527117878,20.01699686050415,4.830530417467248,1.0,1.0,1.0,,3.0,2.0
RNNTransformer,scratch,9552,ocdet,two_hole,heldout,val,chain_r+chain_s,,67,1.0,0.0,0.0,1.0,1.0,0.0,0.0,1.0,1.0,0.0,0.0,1.0,19.481576529901417,18.989423751831055,4.120358648030978,1.0,1.0,1.0,,3.0,4.0
RNNTransformer,scratch,9552,ocdet,two_hole,heldout,val,chain_r+chain_s,,71,1.0,0.0,0.0,1.0,1.0,0.0,0.0,1.0,1.0,0.0,0.0,1.0,19.597630431114787,19.73450517654419,4.531475731575374,0.995834159888911,1.0,1.0,,3.0,5.0
RNNTransformer,scratch,9552,ocdet,two_hole,heldout,val,chain_r+chain_s,,62,1.0,0.0,0.0,1.0,1.0,0.0,0.0,1.0,1.0,0.0,0.0,1.0,21.157529316121533,20.761717915534973,5.425819172991769,1.0,1.0,1.0,,3.0,6.0
RNNTransformer,scratch,9552,ocdet,two_hole,heldout,val,chain_r+chain_s,,67,1.0,0.0,0.0,1.0,1.0,0.0,0.0,1.0,1.0,0.0,0.0,1.0,19.698833443335634,19.623001098632812,4.165672804959828,1.0,1.0,1.0,,4.0,1.0
RNNTransformer,scratch,9552,ocdet,two_hole,heldout,val,chain_r+chain_s,,62,1.0,0.0,0.0,1.0,1.0,0.0,0.0,1.0,1.0,0.0,0.0,1.0,18.117462793184863,19.096450805664062,3.798576273112885,1.0,1.0,1.0,,4.0,2.0
RNNTransformer,scratch,9552,ocdet,two_hole,heldout,val,chain_r+chain_s,,58,1.0,0.0,0.0,1.0,1.0,0.0,0.0,1.0,1.0,0.0,0.0,1.0,20.867404834977513,21.080524682998657,2.6881319575633205,1.0,1.0,1.0,,4.0,3.0
RNNTransformer,scratch,9552,ocdet,two_hole,heldout,val,chain_r+chain_s,,72,1.0,0.0,0.0,1.0,1.0,0.0,0.0,1.0,1.0,0.0,0.0,1.0,14.39263342672752,14.444838881492615,2.991922072769727,0.9992283950617284,1.0,1.0,,4.0,5.0
RNNTransformer,scratch,9552,ocdet,two_hole,heldout,val,chain_r+chain_s,,73,1.0,0.0,0.0,1.0,1.0,0.0,0.0,1.0,1.0,0.0,0.0,1.0,21.196259703742314,21.08782434463501,4.395177674344193,1.0,1.0,1.0,,4.0,6.0
RNNTransformer,scratch,9552,ocdet,two_hole,heldout,val,chain_r+chain_s,,63,1.0,0.0,0.0,1.0,1.0,0.0,0.0,1.0,1.0,0.0,0.0,1.0,21.01888386219267,21.72390604019165,3.373615791682966,1.0,1.0,1.0,,5.0,1.0
RNNTransformer,scratch,9552,ocdet,two_hole,heldout,val,chain_r+chain_s,,57,1.0,0.0,0.0,1.0,1.0,0.0,0.0,1.0,1.0,0.0,0.0,1.0,18.622289572368587,19.428510189056396,4.0642409319977615,1.0,1.0,1.0,,5.0,2.0
RNNTransformer,scratch,9552,ocdet,two_hole,heldout,val,chain_r+chain_s,,67,1.0,0.0,0.0,1.0,1.0,0.0,0.0,1.0,1.0,0.0,0.0,1.0,20.26934934596517,20.865022659301758,4.392495276542691,1.0,1.0,1.0,,5.0,3.0
RNNTransformer,scratch,9552,ocdet,two_hole,heldout,val,chain_r+chain_s,,65,1.0,0.0,0.0,1.0,1.0,0.0,0.0,1.0,1.0,0.0,0.0,1.0,16.921936984245594,15.54776668548584,4.7189802338590985,1.0,1.0,1.0,,5.0,4.0
RNNTransformer,scratch,9552,ocdet,two_hole,heldout,val,chain_r+chain_s,,65,0.9846153846153847,0.0,0.015384615384615385,0.9846153846153847,0.9846153846153847,0.0,0.015384615384615385,0.9846153846153847,0.9846153846153847,0.0,0.015384615384615385,0.9846153846153847,19.254140068934515,19.70380735397339,4.631669280027166,0.9985798816568048,0.9538461538461539,1.0,,5.0,6.0
RNNTransformer,scratch,9552,ocdet,two_hole,heldout,val,chain_r+chain_s,,52,1.0,0.0,0.0,1.0,1.0,0.0,0.0,1.0,1.0,0.0,0.0,1.0,21.084872633218765,21.632705688476562,3.488157969425819,1.0,1.0,1.0,,6.0,1.0
RNNTransformer,scratch,9552,ocdet,two_hole,heldout,val,chain_r+chain_s,,65,1.0,0.0,0.0,1.0,1.0,0.0,0.0,1.0,1.0,0.0,0.0,1.0,18.899298530358536,19.60569190979004,3.0127478241799404,1.0,1.0,1.0,,6.0,2.0
RNNTransformer,scratch,9552,ocdet,two_hole,heldout,val,chain_r+chain_s,,79,1.0,0.0,0.0,1.0,1.0,0.0,0.0,1.0,1.0,0.0,0.0,1.0,21.64761063418811,22.21621084213257,3.296328518997797,1.0,1.0,1.0,,6.0,3.0
RNNTransformer,scratch,9552,ocdet,two_hole,heldout,val,chain_r+chain_s,,56,1.0,0.0,0.0,1.0,1.0,0.0,0.0,1.0,1.0,0.0,0.0,1.0,18.839161374739238,18.833780765533447,3.1114362759281673,1.0,1.0,1.0,,6.0,4.0
RNNTransformer,scratch,9552,ocdet,two_hole,heldout,val,chain_r+chain_s,,62,1.0,0.0,0.0,1.0,1.0,0.0,0.0,1.0,1.0,0.0,0.0,1.0,20.289767103810465,19.72714591026306,3.788020437766952,1.0,1.0,1.0,,6.0,5.0
RNNTransformer,scratch,9552,ocdet,two_hole,heldout,test,orientation,1.0,5051,1.0,0.0,0.0,1.0,1.0,0.0,0.0,1.0,1.0,0.0,0.0,1.0,19.116537032172104,19.583435535430908,3.955219841173853,0.9999840862952389,1.0,1.0,,,
RNNTransformer,scratch,9552,ocdet,two_hole,heldout,test,orientation,2.0,4949,1.0,0.0,0.0,1.0,1.0,0.0,0.0,1.0,1.0,0.0,0.0,1.0,19.439677583158716,19.722939491271973,4.558123443715856,0.9998987449311731,1.0,1.0,,,
RNNTransformer,scratch,9552,ocdet,two_hole,heldout,test,kappa_gap,,3321,1.0,0.0,0.0,1.0,1.0,0.0,0.0,1.0,1.0,0.0,0.0,1.0,19.14417020964653,19.611955642700195,4.336990053603159,0.9999442381255088,1.0,1.0,1.0,,
RNNTransformer,scratch,9552,ocdet,two_hole,heldout,test,kappa_gap,,2689,1.0,0.0,0.0,1.0,1.0,0.0,0.0,1.0,1.0,0.0,0.0,1.0,19.39273676665222,19.74793577194214,4.28514277685466,0.9999731700338044,1.0,1.0,2.0,,
RNNTransformer,scratch,9552,ocdet,two_hole,heldout,test,kappa_gap,,2008,1.0,0.0,0.0,1.0,1.0,0.0,0.0,1.0,1.0,0.0,0.0,1.0,19.363285766662177,19.711463689804077,4.21424613783007,0.9998998031777273,1.0,1.0,3.0,,
RNNTransformer,scratch,9552,ocdet,two_hole,heldout,test,kappa_gap,,1313,1.0,0.0,0.0,1.0,1.0,0.0,0.0,1.0,1.0,0.0,0.0,1.0,19.334529798219698,19.69110345840454,4.198788444881582,0.9999373538619314,1.0,1.0,4.0,,
RNNTransformer,scratch,9552,ocdet,two_hole,heldout,test,kappa_gap,,669,1.0,0.0,0.0,1.0,1.0,0.0,0.0,1.0,1.0,0.0,0.0,1.0,19.091209315799276,19.4885573387146,4.111819825933736,0.99999329700309,1.0,1.0,5.0,,
RNNTransformer,scratch,9552,ocdet,two_hole,heldout,test,chain_r+chain_s,,352,1.0,0.0,0.0,1.0,1.0,0.0,0.0,1.0,1.0,0.0,0.0,1.0,15.82746402093802,16.227086424827576,3.19995030473552,0.9999838584710744,1.0,1.0,,1.0,2.0
RNNTransformer,scratch,9552,ocdet,two_hole,heldout,test,chain_r+chain_s,,326,1.0,0.0,0.0,1.0,1.0,0.0,0.0,1.0,1.0,0.0,0.0,1.0,19.529447737098472,20.318660974502563,4.036249547562355,1.0,1.0,1.0,,1.0,3.0
RNNTransformer,scratch,9552,ocdet,two_hole,heldout,test,chain_r+chain_s,,323,1.0,0.0,0.0,1.0,1.0,0.0,0.0,1.0,1.0,0.0,0.0,1.0,18.40419182956403,19.08372449874878,3.635078528054552,0.9999233194988929,1.0,1.0,,1.0,4.0
RNNTransformer,scratch,9552,ocdet,two_hole,heldout,test,chain_r+chain_s,,334,1.0,0.0,0.0,1.0,1.0,0.0,0.0,1.0,1.0,0.0,0.0,1.0,18.04122000749775,18.361032843589783,3.2238520233578756,0.9999910358922873,1.0,1.0,,1.0,5.0
RNNTransformer,scratch,9552,ocdet,two_hole,heldout,test,chain_r+chain_s,,339,1.0,0.0,0.0,1.0,1.0,0.0,0.0,1.0,1.0,0.0,0.0,1.0,19.83891112148586,20.361987590789795,3.5937662973912694,1.0,1.0,1.0,,1.0,6.0
RNNTransformer,scratch,9552,ocdet,two_hole,heldout,test,chain_r+chain_s,,353,1.0,0.0,0.0,1.0,1.0,0.0,0.0,1.0,1.0,0.0,0.0,1.0,17.098877711606768,17.535317182540894,3.5434673555383633,1.0,1.0,1.0,,2.0,1.0
RNNTransformer,scratch,9552,ocdet,two_hole,heldout,test,chain_r+chain_s,,316,1.0,0.0,0.0,1.0,1.0,0.0,0.0,1.0,1.0,0.0,0.0,1.0,20.698717688033476,21.3445405960083,4.443926569725562,1.0,1.0,1.0,,2.0,3.0
RNNTransformer,scratch,9552,ocdet,two_hole,heldout,test,chain_r+chain_s,,325,1.0,0.0,0.0,1.0,1.0,0.0,0.0,1.0,1.0,0.0,0.0,1.0,18.736590185532204,19.44754934310913,3.587938114206037,1.0,1.0,1.0,,2.0,4.0
RNNTransformer,scratch,9552,ocdet,two_hole,heldout,test,chain_r+chain_s,,297,1.0,0.0,0.0,1.0,1.0,0.0,0.0,1.0,1.0,0.0,0.0,1.0,19.174240618843825,19.332407474517822,4.049665824957121,0.9999546531533063,1.0,1.0,,2.0,5.0
RNNTransformer,scratch,9552,ocdet,two_hole,heldout,test,chain_r+chain_s,,341,1.0,0.0,0.0,1.0,1.0,0.0,0.0,1.0,1.0,0.0,0.0,1.0,21.070997348716183,21.668617248535156,3.905459465402933,1.0,1.0,1.0,,2.0,6.0
RNNTransformer,scratch,9552,ocdet,two_hole,heldout,test,chain_r+chain_s,,345,1.0,0.0,0.0,1.0,1.0,0.0,0.0,1.0,1.0,0.0,0.0,1.0,19.100453223827955,19.481221914291382,3.888470009459738,0.9999075824406638,1.0,1.0,,3.0,1.0
RNNTransformer,scratch,9552,ocdet,two_hole,heldout,test,chain_r+chain_s,,346,1.0,0.0,0.0,1.0,1.0,0.0,0.0,1.0,1.0,0.0,0.0,1.0,19.137096481171646,19.786805629730225,4.763559355090619,0.9997661131344182,1.0,1.0,,3.0,2.0
RNNTransformer,scratch,9552,ocdet,two_hole,heldout,test,chain_r+chain_s,,346,1.0,0.0,0.0,1.0,1.0,0.0,0.0,1.0,1.0,0.0,0.0,1.0,19.243441500760227,19.078593134880066,4.368931598506165,0.9999331751812623,1.0,1.0,,3.0,4.0
RNNTransformer,scratch,9552,ocdet,two_hole,heldout,test,chain_r+chain_s,,336,1.0,0.0,0.0,1.0,1.0,0.0,0.0,1.0,1.0,0.0,0.0,1.0,20.575055555218743,20.593345880508423,4.562444485439231,0.9999822845804989,1.0,1.0,,3.0,5.0
RNNTransformer,scratch,9552,ocdet,two_hole,heldout,test,chain_r+chain_s,,375,1.0,0.0,0.0,1.0,1.0,0.0,0.0,1.0,1.0,0.0,0.0,1.0,21.575423672835033,22.216363430023193,4.690155181846816,1.0,1.0,1.0,,3.0,6.0
RNNTransformer,scratch,9552,ocdet,two_hole,heldout,test,chain_r+chain_s,,346,1.0,0.0,0.0,1.0,1.0,0.0,0.0,1.0,1.0,0.0,0.0,1.0,19.008707820723167,19.258692979812622,4.4967467718549905,0.9999916468976577,1.0,1.0,,4.0,1.0
RNNTransformer,scratch,9552,ocdet,two_hole,heldout,test,chain_r+chain_s,,303,1.0,0.0,0.0,1.0,1.0,0.0,0.0,1.0,1.0,0.0,0.0,1.0,17.780036518921946,18.543278217315674,3.560229062495919,1.0,1.0,1.0,,4.0,2.0
RNNTransformer,scratch,9552,ocdet,two_hole,heldout,test,chain_r+chain_s,,325,1.0,0.0,0.0,1.0,1.0,0.0,0.0,1.0,1.0,0.0,0.0,1.0,20.41570829162231,21.11008310317993,3.6716947553541672,1.0,1.0,1.0,,4.0,3.0
RNNTransformer,scratch,9552,ocdet,two_hole,heldout,test,chain_r+chain_s,,345,1.0,0.0,0.0,1.0,1.0,0.0,0.0,1.0,1.0,0.0,0.0,1.0,14.814996045525524,15.28151798248291,2.667429364012217,1.0,1.0,1.0,,4.0,5.0
RNNTransformer,scratch,9552,ocdet,two_hole,heldout,test,chain_r+chain_s,,352,1.0,0.0,0.0,1.0,1.0,0.0,0.0,1.0,1.0,0.0,0.0,1.0,20.830507702532817,21.02645516395569,4.813362072320968,0.9999919292355373,1.0,1.0,,4.0,6.0
RNNTransformer,scratch,9552,ocdet,two_hole,heldout,test,chain_r+chain_s,,294,1.0,0.0,0.0,1.0,1.0,0.0,0.0,1.0,1.0,0.0,0.0,1.0,20.810395286957018,21.749709725379944,4.295810149572246,0.9998264611967236,1.0,1.0,,5.0,1.0
RNNTransformer,scratch,9552,ocdet,two_hole,heldout,test,chain_r+chain_s,,325,1.0,0.0,0.0,1.0,1.0,0.0,0.0,1.0,1.0,0.0,0.0,1.0,18.56812196447299,19.238125801086426,3.8232987701666286,0.9999810650887574,1.0,1.0,,5.0,2.0
RNNTransformer,scratch,9552,ocdet,two_hole,heldout,test,chain_r+chain_s,,325,1.0,0.0,0.0,1.0,1.0,0.0,0.0,1.0,1.0,0.0,0.0,1.0,20.527325305663624,20.969411849975586,4.0187440466130155,1.0,1.0,1.0,,5.0,3.0
RNNTransformer,scratch,9552,ocdet,two_hole,heldout,test,chain_r+chain_s,,319,1.0,0.0,0.0,1.0,1.0,0.0,0.0,1.0,1.0,0.0,0.0,1.0,17.28378325032777,16.204821825027466,4.918220429918503,0.9986537081986222,1.0,1.0,,5.0,4.0
RNNTransformer,scratch,9552,ocdet,two_hole,heldout,test,chain_r+chain_s,,324,1.0,0.0,0.0,1.0,1.0,0.0,0.0,1.0,1.0,0.0,0.0,1.0,19.794954670225213,20.759361624717712,4.025767531821775,0.9999904740131077,1.0,1.0,,5.0,6.0
RNNTransformer,scratch,9552,ocdet,two_hole,heldout,test,chain_r+chain_s,,295,1.0,0.0,0.0,1.0,1.0,0.0,0.0,1.0,1.0,0.0,0.0,1.0,20.945348807108605,21.085471153259277,3.784845996262736,1.0,1.0,1.0,,6.0,1.0
RNNTransformer,scratch,9552,ocdet,two_hole,heldout,test,chain_r+chain_s,,351,1.0,0.0,0.0,1.0,1.0,0.0,0.0,1.0,1.0,0.0,0.0,1.0,18.78939397488734,19.44775629043579,3.483611810390109,0.999935065462131,1.0,1.0,,6.0,2.0
RNNTransformer,scratch,9552,ocdet,two_hole,heldout,test,chain_r+chain_s,,323,1.0,0.0,0.0,1.0,1.0,0.0,0.0,1.0,1.0,0.0,0.0,1.0,21.715719974631497,22.032245635986328,3.457687702002751,1.0,1.0,1.0,,6.0,3.0
RNNTransformer,scratch,9552,ocdet,two_hole,heldout,test,chain_r+chain_s,,365,1.0,0.0,0.0,1.0,1.0,0.0,0.0,1.0,1.0,0.0,0.0,1.0,18.58541277059137,18.560765981674194,3.1511750295037957,0.9999699756051793,1.0,1.0,,6.0,4.0
RNNTransformer,scratch,9552,ocdet,two_hole,heldout,test,chain_r+chain_s,,354,1.0,0.0,0.0,1.0,1.0,0.0,0.0,1.0,1.0,0.0,0.0,1.0,20.749942376536165,20.98047947883606,3.587573285068121,1.0,1.0,1.0,,6.0,5.0
LSTM,scratch,9552,ocnoisy,two_hole,clean,val,orientation,1.0,1052,0.5361216730038023,0.0,0.46387832699619774,0.5361216730038023,0.5361216730038023,0.0,0.46387832699619774,0.5361216730038023,0.5361216730038023,0.0,0.46387832699619774,0.5361216730038023,0.021166796665001278,0.00811813771724701,0.11792570611476333,0.5455487646199887,0.5057034220532319,0.5665399239543726,,,
LSTM,scratch,9552,ocnoisy,two_hole,clean,val,orientation,2.0,948,0.8238396624472574,0.0,0.17616033755274263,0.8238396624472574,0.8238396624472574,0.0,0.17616033755274263,0.8238396624472574,0.8238396624472574,0.0,0.17616033755274263,0.8238396624472574,1.006541309005852,1.4693605601787567,0.8029513064475488,0.8314472840890884,0.8006329113924051,0.8460179324894515,,,
LSTM,scratch,9552,ocnoisy,two_hole,clean,val,kappa_gap,,673,0.7221396731054978,0.0,0.27786032689450224,0.7221396731054978,0.7221396731054978,0.0,0.27786032689450224,0.7221396731054978,0.7221396731054978,0.0,0.27786032689450224,0.7221396731054978,0.5506814895599061,0.12469127774238586,0.7362517016125567,0.7145446637331679,0.687964338781575,0.7533803863298663,1.0,,
LSTM,scratch,9552,ocnoisy,two_hole,clean,val,kappa_gap,,511,0.6634050880626223,0.0,0.33659491193737767,0.6634050880626223,0.6634050880626223,0.0,0.33659491193737767,0.6634050880626223,0.6634050880626223,0.0,0.33659491193737767,0.6634050880626223,0.5508537583213496,0.09101229906082153,0.7753766554457786,0.6911278679232999,0.6203522504892368,0.7045009784735812,2.0,,
LSTM,scratch,9552,ocnoisy,two_hole,clean,val,kappa_gap,,418,0.65311004784689,0.0,0.34688995215311,0.65311004784689,0.65311004784689,0.0,0.34688995215311,0.65311004784689,0.65311004784689,0.0,0.34688995215311,0.65311004784689,0.5334205830639059,0.06372308731079102,0.8035289514487498,0.700808131681967,0.6076555023923444,0.6985645933014354,3.0,,
LSTM,scratch,9552,ocnoisy,two_hole,clean,val,kappa_gap,,262,0.6717557251908397,0.0,0.3282442748091603,0.6717557251908397,0.6717557251908397,0.0,0.3282442748091603,0.6717557251908397,0.6717557251908397,0.0,0.3282442748091603,0.6717557251908397,0.37701366853167995,0.07860502600669861,0.6958071871102898,0.7274051628692966,0.6183206106870229,0.7290076335877863,4.0,,
LSTM,scratch,9552,ocnoisy,two_hole,clean,val,kappa_gap,,136,0.5220588235294118,0.0,0.47794117647058826,0.5220588235294118,0.5220588235294118,0.0,0.47794117647058826,0.5220588235294118,0.5220588235294118,0.0,0.47794117647058826,0.5220588235294118,0.01931127336095361,0.007749706506729126,0.13866506230330097,0.5365484429065743,0.4409926470588235,0.6029411764705882,5.0,,
LSTM,scratch,9552,ocnoisy,two_hole,clean,val,chain_r+chain_s,,53,0.41509433962264153,0.0,0.5849056603773585,0.41509433962264153,0.41509433962264153,0.0,0.5849056603773585,0.41509433962264153,0.41509433962264153,0.0,0.5849056603773585,0.41509433962264153,0.2046729106948061,-0.010573089122772217,0.493337276077021,0.48344606621573516,0.2830188679245283,0.5471698113207547,,1.0,2.0
LSTM,scratch,9552,ocnoisy,two_hole,clean,val,chain_r+chain_s,,82,0.5121951219512195,0.0,0.4878048780487805,0.5121951219512195,0.5121951219512195,0.0,0.4878048780487805,0.5121951219512195,0.5121951219512195,0.0,0.4878048780487805,0.5121951219512195,0.4612663575425381,0.006370604038238525,0.7522560538711833,0.5404521118381915,0.4024390243902439,0.6219512195121951,,1.0,3.0
LSTM,scratch,9552,ocnoisy,two_hole,clean,val,chain_r+chain_s,,58,0.3793103448275862,0.0,0.6206896551724138,0.3793103448275862,0.3793103448275862,0.0,0.6206896551724138,0.3793103448275862,0.3793103448275862,0.0,0.6206896551724138,0.3793103448275862,0.3854414191225479,-0.030966967344284058,0.7493631838041165,0.487217598097503,0.25862068965517243,0.5,,1.0,4.0
LSTM,scratch,9552,ocnoisy,two_hole,clean,val,chain_r+chain_s,,60,0.5666666666666667,0.0,0.43333333333333335,0.5666666666666667,0.5666666666666667,0.0,0.43333333333333335,0.5666666666666667,0.5666666666666667,0.0,0.43333333333333335,0.5666666666666667,0.37993871768315635,0.025279313325881958,0.6720615469717205,0.5338888888888889,0.43333333333333335,0.6837499999999996,,1.0,5.0
LSTM,scratch,9552,ocnoisy,two_hole,clean,val,chain_r+chain_s,,71,0.4084507042253521,0.0,0.5915492957746479,0.4084507042253521,0.4084507042253521,0.0,0.5915492957746479,0.4084507042253521,0.4084507042253521,0.0,0.5915492957746479,0.4084507042253521,0.29926336273341114,-0.04982846975326538,0.6321627937723812,0.4528863320769688,0.29577464788732394,0.5352112676056338,,1.0,6.0
LSTM,scratch,9552,ocnoisy,two_hole,clean,val,chain_r+chain_s,,67,0.7164179104477612,0.0,0.2835820895522388,0.7164179104477612,0.7164179104477612,0.0,0.2835820895522388,0.7164179104477612,0.7164179104477612,0.0,0.2835820895522388,0.7164179104477612,0.42013049348076775,0.03255432844161987,0.7263370700921823,0.6729783916239697,0.6119402985074627,0.8208955223880597,,2.0,1.0
LSTM,scratch,9552,ocnoisy,two_hole,clean,val,chain_r+chain_s,,49,0.5918367346938775,0.0,0.40816326530612246,0.5918367346938775,0.5918367346938775,0.0,0.40816326530612246,0.5918367346938775,0.5918367346938775,0.0,0.40816326530612246,0.5918367346938775,0.3012337000394354,0.005854547023773193,0.5741034005706452,0.5635152019991669,0.4489795918367347,0.7142857142857143,,2.0,3.0
LSTM,scratch,9552,ocnoisy,two_hole,clean,val,chain_r+chain_s,,87,0.4482758620689655,0.0,0.5517241379310345,0.4482758620689655,0.4482758620689655,0.0,0.5517241379310345,0.4482758620689655,0.4482758620689655,0.0,0.5517241379310345,0.4482758620689655,0.4089974665093696,-0.011238276958465576,0.7018490138816209,0.531245871317215,0.3448275862068966,0.5517241379310345,,2.0,4.0
LSTM,scratch,9552,ocnoisy,two_hole,clean,val,chain_r+chain_s,,50,0.54,0.0,0.46,0.54,0.54,0.0,0.46,0.54,0.54,0.0,0.46,0.54,0.6009616431593895,0.15572631359100342,0.7947814656708596,0.6056,0.4,0.68,,2.0,5.0
LSTM,scratch,9552,ocnoisy,two_hole,clean,val,chain_r+chain_s,,70,0.4714285714285714,0.0,0.5285714285714286,0.4714285714285714,0.4714285714285714,0.0,0.5285714285714286,0.4714285714285714,0.4714285714285714,0.0,0.5285714285714286,0.4714285714285714,0.43227878979274204,-0.023673683404922485,0.7279405273094589,0.5479591836734694,0.34285714285714286,0.5714285714285714,,2.0,6.0
LSTM,scratch,9552,ocnoisy,two_hole,clean,val,chain_r+chain_s,,67,0.7611940298507462,0.0,0.23880597014925373,0.7611940298507462,0.7611940298507462,0.0,0.23880597014925373,0.7611940298507462,0.7611940298507462,0.0,0.23880597014925373,0.7611940298507462,0.6248196906118251,0.0906980037689209,0.7840997921610448,0.787926041434618,0.6567164179104478,0.8507462686567164,,3.0,1.0
LSTM,scratch,9552,ocnoisy,two_hole,clean,val,chain_r+chain_s,,67,0.7014925373134329,0.0,0.29850746268656714,0.7014925373134329,0.7014925373134329,0.0,0.29850746268656714,0.7014925373134329,0.7014925373134329,0.0,0.29850746268656714,0.7014925373134329,0.5238393522910217,0.03470814228057861,0.7674880504393046,0.700824237023836,0.582089552238806,0.8208955223880597,,3.0,2.0
LSTM,scratch,9552,ocnoisy,two_hole,clean,val,chain_r+chain_s,,57,0.5087719298245614,0.0,0.49122807017543857,0.5087719298245614,0.5087719298245614,0.0,0.49122807017543857,0.5087719298245614,0.5087719298245614,0.0,0.49122807017543857,0.5087719298245614,0.36314948373719264,0.00037160515785217285,0.6200784521569241,0.5527854724530625,0.38596491228070173,0.631578947368421,,3.0,4.0
LSTM,scratch,9552,ocnoisy,two_hole,clean,val,chain_r+chain_s,,69,0.5942028985507246,0.0,0.4057971014492754,0.5942028985507246,0.5942028985507246,0.0,0.4057971014492754,0.5942028985507246,0.5942028985507246,0.0,0.4057971014492754,0.5942028985507246,0.5558690957833028,0.15925860404968262,0.7438949936631857,0.6311699222852342,0.4782608695652174,0.7101449275362319,,3.0,5.0
LSTM,scratch,9552,ocnoisy,two_hole,clean,val,chain_r+chain_s,,71,0.49295774647887325,0.0,0.5070422535211268,0.49295774647887325,0.49295774647887325,0.0,0.5070422535211268,0.49295774647887325,0.49295774647887325,0.0,0.5070422535211268,0.49295774647887325,0.3998894777516244,-0.04511690139770508,0.7381132137975869,0.5266812140448324,0.38028169014084506,0.6056338028169014,,3.0,6.0
LSTM,scratch,9552,ocnoisy,two_hole,clean,val,chain_r+chain_s,,63,0.9523809523809523,0.0,0.047619047619047616,0.9523809523809523,0.9523809523809523,0.0,0.047619047619047616,0.9523809523809523,0.9523809523809523,0.0,0.047619047619047616,0.9523809523809523,0.613308120341528,0.1842041313648224,0.7357529842628191,0.9410430839002267,0.8888888888888888,1.0,,4.0,1.0
LSTM,scratch,9552,ocnoisy,two_hole,clean,val,chain_r+chain_s,,78,0.8846153846153846,0.0,0.11538461538461539,0.8846153846153846,0.8846153846153846,0.0,0.11538461538461539,0.8846153846153846,0.8846153846153846,0.0,0.11538461538461539,0.8846153846153846,0.5358249533634919,0.07440976798534393,0.7612012214070505,0.846646942800789,0.8076923076923077,0.9487179487179487,,4.0,2.0
LSTM,scratch,9552,ocnoisy,two_hole,clean,val,chain_r+chain_s,,55,0.6909090909090909,0.0,0.3090909090909091,0.6909090909090909,0.6909090909090909,0.0,0.3090909090909091,0.6909090909090909,0.6909090909090909,0.0,0.3090909090909091,0.6909090909090909,0.4837669963186437,0.02412635087966919,0.7871974022878829,0.6866115702479338,0.5636363636363636,0.8004545454545451,,4.0,3.0
LSTM,scratch,9552,ocnoisy,two_hole,clean,val,chain_r+chain_s,,60,0.5833333333333334,0.0,0.4166666666666667,0.5833333333333334,0.5833333333333334,0.0,0.4166666666666667,0.5833333333333334,0.5833333333333334,0.0,0.4166666666666667,0.5833333333333334,0.336578207463026,0.01780499517917633,0.5604153791599948,0.5905555555555555,0.45,0.7004166666666662,,4.0,5.0
LSTM,scratch,9552,ocnoisy,two_hole,clean,val,chain_r+chain_s,,63,0.2857142857142857,0.0,0.7142857142857143,0.2857142857142857,0.2857142857142857,0.0,0.7142857142857143,0.2857142857142857,0.2857142857142857,0.0,0.7142857142857143,0.2857142857142857,0.24416388618567633,-0.09026816487312317,0.6644094429520602,0.40791131267321745,0.1746031746031746,0.3968253968253968,,4.0,6.0
LSTM,scratch,9552,ocnoisy,two_hole,clean,val,chain_r+chain_s,,82,0.9146341463414634,0.0,0.08536585365853659,0.9146341463414634,0.9146341463414634,0.0,0.08536585365853659,0.9146341463414634,0.9146341463414634,0.0,0.08536585365853659,0.9146341463414634,0.5676375685668573,0.09279786050319672,0.7537641779022438,0.8755205234979179,0.8533536585365854,0.9634146341463414,,5.0,1.0
LSTM,scratch,9552,ocnoisy,two_hole,clean,val,chain_r+chain_s,,70,0.8571428571428571,0.0,0.14285714285714285,0.8571428571428571,0.8571428571428571,0.0,0.14285714285714285,0.8571428571428571,0.8571428571428571,0.0,0.14285714285714285,0.8571428571428571,0.5444993491683687,0.12325352430343628,0.770387373378828,0.889795918367347,0.7714285714285715,0.9285714285714286,,5.0,2.0
LSTM,scratch,9552,ocnoisy,two_hole,clean,val,chain_r+chain_s,,74,0.7702702702702703,0.0,0.22972972972972974,0.7702702702702703,0.7702702702702703,0.0,0.22972972972972974,0.7702702702702703,0.7702702702702703,0.0,0.22972972972972974,0.7702702702702703,0.47245383101540644,0.05329391360282898,0.7898709763733133,0.7892622352081812,0.6756756756756757,0.8648648648648649,,5.0,3.0
LSTM,scratch,9552,ocnoisy,two_hole,clean,val,chain_r+chain_s,,76,0.6052631578947368,0.0,0.39473684210526316,0.6052631578947368,0.6052631578947368,0.0,0.39473684210526316,0.6052631578947368,0.6052631578947368,0.0,0.39473684210526316,0.6052631578947368,0.487312645896485,0.03335846960544586,0.7867561303016636,0.7027354570637119,0.4868421052631579,0.7105263157894737,,5.0,4.0
LSTM,scratch,9552,ocnoisy,two_hole,clean,val,chain_r+chain_s,,62,0.4838709677419355,0.0,0.5161290322580645,0.4838709677419355,0.4838709677419355,0.0,0.5161290322580645,0.4838709677419355,0.4838709677419355,0.0,0.5161290322580645,0.4838709677419355,0.3622285644373586,-0.04433727264404297,0.6073438842689887,0.5442247658688866,0.3709677419354839,0.6129032258064516,,5.0,6.0
LSTM,scratch,9552,ocnoisy,two_hole,clean,val,chain_r+chain_s,,69,0.9710144927536232,0.0,0.028985507246376812,0.9710144927536232,0.9710144927536232,0.0,0.028985507246376812,0.9710144927536232,0.9710144927536232,0.0,0.028985507246376812,0.9710144927536232,0.6881584987260293,0.24085292220115662,0.7637368383962442,0.9693341734929637,0.927536231884058,1.0,,6.0,1.0
LSTM,scratch,9552,ocnoisy,two_hole,clean,val,chain_r+chain_s,,73,0.9726027397260274,0.0,0.0273972602739726,0.9726027397260274,0.9726027397260274,0.0,0.0273972602739726,0.9726027397260274,0.9726027397260274,0.0,0.0273972602739726,0.9726027397260274,0.8477157442128822,0.27677369117736816,0.8252454512444327,0.9572152373803715,0.9315068493150684,1.0,,6.0,2.0
LSTM,scratch,9552,ocnoisy,two_hole,clean,val,chain_r+chain_s,,57,0.9649122807017544,0.0,0.03508771929824561,0.9649122807017544,0.9649122807017544,0.0,0.03508771929824561,0.9649122807017544,0.9649122807017544,0.0,0.03508771929824561,0.9649122807017544,0.7127625006332732,0.2040674090385437,0.8016525890326656,0.9445983379501385,0.9122807017543859,1.0,,6.0,3.0
LSTM,scratch,9552,ocnoisy,two_hole,clean,val,chain_r+chain_s,,78,1.0,0.0,0.0,1.0,1.0,0.0,0.0,1.0,1.0,0.0,0.0,1.0,0.6640674456571921,0.15801775455474854,0.8015051726856468,0.930473372781065,1.0,1.0,,6.0,4.0
LSTM,scratch,9552,ocnoisy,two_hole,clean,val,chain_r+chain_s,,62,0.9354838709677419,0.0,0.06451612903225806,0.9354838709677419,0.9354838709677419,0.0,0.06451612903225806,0.9354838709677419,0.9354838709677419,0.0,0.06451612903225806,0.9354838709677419,0.5591373104722269,0.13688808679580688,0.7902245371461941,0.9112903225806452,0.8548387096774194,0.9838709677419355,,6.0,5.0
LSTM,scratch,9552,ocnoisy,two_hole,clean,test,orientation,1.0,5099,0.5375563836046283,0.0,0.4624436163953716,0.5375563836046283,0.5375563836046283,0.0,0.4624436163953716,0.5375563836046283,0.5375563836046283,0.0,0.4624436163953716,0.5375563836046283,0.02040451886046515,0.007131397724151611,0.11522145438440336,0.5410824490541293,0.5238232986860168,0.5507060207883899,,,
LSTM,scratch,9552,ocnoisy,two_hole,clean,test,orientation,2.0,4901,0.833299326668027,0.0,0.16670067333197305,0.833299326668027,0.833299326668027,0.0,0.16670067333197305,0.833299326668027,0.833299326668027,0.0,0.16670067333197305,0.833299326668027,1.0071454257034471,1.476881206035614,0.7984210287160259,0.82942033949407,0.8230922260763109,0.843506427259743,,,
LSTM,scratch,9552,ocnoisy,two_hole,clean,test,kappa_gap,,3399,0.7025595763459841,0.0,0.2974404236540159,0.7025595763459841,0.7025595763459841,0.0,0.2974404236540159,0.7025595763459841,0.7025595763459841,0.0,0.2974404236540159,0.7025595763459841,0.5116850806224272,0.1078093945980072,0.717203085208741,0.6941178466470028,0.6875551632833187,0.7184539570461901,1.0,,
LSTM,scratch,9552,ocnoisy,two_hole,clean,test,kappa_gap,,2701,0.6971492039985191,0.0,0.30285079600148096,0.6971492039985191,0.6971492039985191,0.0,0.30285079600148096,0.6971492039985191,0.6971492039985191,0.0,0.30285079600148096,0.6971492039985191,0.6146200694328589,0.10768043994903564,0.7979319530427695,0.7125757720514609,0.6801184746390225,0.7141799333580156,2.0,,
LSTM,scratch,9552,ocnoisy,two_hole,clean,test,kappa_gap,,1974,0.6717325227963525,0.0,0.3282674772036474,0.6717325227963525,0.6717325227963525,0.0,0.3282674772036474,0.6717325227963525,0.6717325227963525,0.0,0.3282674772036474,0.6717325227963525,0.5563690742475887,0.07255427539348602,0.8085998996368428,0.7072635754165859,0.648936170212766,0.6919959473150963,3.0,,
LSTM,scratch,9552,ocnoisy,two_hole,clean,test,kappa_gap,,1310,0.6732824427480916,0.0,0.3267175572519084,0.6732824427480916,0.6732824427480916,0.0,0.3267175572519084,0.6732824427480916,0.6732824427480916,0.0,0.3267175572519084,0.6732824427480916,0.4021975344715228,0.0805089920759201,0.7104268912137215,0.7218871277897558,0.6473282442748092,0.6984732824427481,4.0,,
LSTM,scratch,9552,ocnoisy,two_hole,clean,test,kappa_gap,,616,0.5616883116883117,0.0,0.4383116883116883,0.5616883116883117,0.5616883116883117,0.0,0.4383116883116883,0.5616883116883117,0.5616883116883117,0.0,0.4383116883116883,0.5616883116883117,0.02533223010696374,0.016742020845413208,0.13867563629561314,0.5460053339517625,0.5227272727272727,0.6022727272727273,5.0,,
LSTM,scratch,9552,ocnoisy,two_hole,clean,test,chain_r+chain_s,,351,0.6068376068376068,0.0,0.39316239316239315,0.6068376068376068,0.6068376068376068,0.0,0.39316239316239315,0.6068376068376068,0.6068376068376068,0.0,0.39316239316239315,0.6068376068376068,0.3442806227084918,0.008378028869628906,0.595509373069767,0.5823897533299243,0.5583333333333333,0.6609686609686609,,1.0,2.0
LSTM,scratch,9552,ocnoisy,two_hole,clean,test,chain_r+chain_s,,337,0.5489614243323442,0.0,0.45103857566765576,0.5489614243323442,0.5489614243323442,0.0,0.45103857566765576,0.5489614243323442,0.5489614243323442,0.0,0.45103857566765576,0.5489614243323442,0.5339144470960521,0.008754372596740723,0.7866106848392029,0.5866829856739075,0.49554896142433236,0.5964391691394659,,1.0,3.0
LSTM,scratch,9552,ocnoisy,two_hole,clean,test,chain_r+chain_s,,365,0.4301369863013699,0.0,0.5698630136986301,0.4301369863013699,0.4301369863013699,0.0,0.5698630136986301,0.4301369863013699,0.4301369863013699,0.0,0.5698630136986301,0.4301369863013699,0.4899073403583814,-0.020945310592651367,0.7992963001419591,0.520720585475699,0.38082191780821917,0.4821917808219178,,1.0,4.0
LSTM,scratch,9552,ocnoisy,two_hole,clean,test,chain_r+chain_s,,329,0.5775075987841946,0.0,0.42249240121580545,0.5775075987841946,0.5775075987841946,0.0,0.42249240121580545,0.5775075987841946,0.5775075987841946,0.0,0.42249240121580545,0.5775075987841946,0.3895391119377954,0.028751671314239502,0.6653851642804545,0.5781173492484364,0.5257598784194529,0.6322948328267476,,1.0,5.0
LSTM,scratch,9552,ocnoisy,two_hole,clean,test,chain_r+chain_s,,309,0.4919093851132686,0.0,0.5080906148867314,0.4919093851132686,0.4919093851132686,0.0,0.5080906148867314,0.4919093851132686,0.4919093851132686,0.0,0.5080906148867314,0.4919093851132686,0.3189653106106138,-0.00775301456451416,0.6213752675020037,0.5274976173270075,0.4335760517799353,0.5436893203883495,,1.0,6.0
LSTM,scratch,9552,ocnoisy,two_hole,clean,test,chain_r+chain_s,,362,0.7292817679558011,0.0,0.27071823204419887,0.7292817679558011,0.7292817679558011,0.0,0.27071823204419887,0.7292817679558011,0.7292817679558011,0.0,0.27071823204419887,0.7292817679558011,0.5166829125080978,0.027936741709709167,0.7762430037520913,0.6823051799395624,0.6795580110497238,0.7734806629834254,,2.0,1.0
LSTM,scratch,9552,ocnoisy,two_hole,clean,test,chain_r+chain_s,,353,0.5750708215297451,0.0,0.42492917847025496,0.5750708215297451,0.5750708215297451,0.0,0.42492917847025496,0.5750708215297451,0.5750708215297451,0.0,0.42492917847025496,0.5750708215297451,0.400650007528894,0.009488582611083984,0.6591859856202649,0.5825662672840646,0.5240793201133145,0.6260623229461756,,2.0,3.0
LSTM,scratch,9552,ocnoisy,two_hole,clean,test,chain_r+chain_s,,363,0.47107438016528924,0.0,0.5289256198347108,0.47107438016528924,0.47107438016528924,0.0,0.5289256198347108,0.47107438016528924,0.47107438016528924,0.0,0.5289256198347108,0.47107438016528924,0.4710052593639403,-0.006571441888809204,0.7504627764169723,0.5631218268333219,0.4214876033057851,0.5261707988980716,,2.0,4.0
LSTM,scratch,9552,ocnoisy,two_hole,clean,test,chain_r+chain_s,,346,0.5289017341040463,0.0,0.47109826589595377,0.5289017341040463,0.5289017341040463,0.0,0.47109826589595377,0.5289017341040463,0.5289017341040463,0.0,0.47109826589595377,0.5289017341040463,0.46569662685425295,0.02176646888256073,0.7536632513698169,0.5509372180827958,0.476878612716763,0.5809248554913294,,2.0,5.0
LSTM,scratch,9552,ocnoisy,two_hole,clean,test,chain_r+chain_s,,341,0.4662756598240469,0.0,0.533724340175953,0.4662756598240469,0.4662756598240469,0.0,0.533724340175953,0.4662756598240469,0.4662756598240469,0.0,0.533724340175953,0.4662756598240469,0.3269037775629776,-0.02555304765701294,0.6575345491347914,0.5181757982817485,0.41642228739002934,0.5190615835777126,,2.0,6.0
LSTM,scratch,9552,ocnoisy,two_hole,clean,test,chain_r+chain_s,,362,0.8038674033149171,0.0,0.19613259668508287,0.8038674033149171,0.8038674033149171,0.0,0.19613259668508287,0.8038674033149171,0.8038674033149171,0.0,0.19613259668508287,0.8038674033149171,0.5416342011802104,0.08397513628005981,0.7505490588361747,0.7793489209731083,0.7651933701657458,0.8453038674033149,,3.0,1.0
LSTM,scratch,9552,ocnoisy,two_hole,clean,test,chain_r+chain_s,,319,0.7899686520376176,0.0,0.21003134796238246,0.7899686520376176,0.7899686520376176,0.0,0.21003134796238246,0.7899686520376176,0.7899686520376176,0.0,0.21003134796238246,0.7899686520376176,0.5523846595545174,0.03949740529060364,0.7630809185582099,0.7074124664655419,0.7460031347962383,0.8338557993730408,,3.0,2.0
LSTM,scratch,9552,ocnoisy,two_hole,clean,test,chain_r+chain_s,,308,0.5357142857142857,0.0,0.4642857142857143,0.5357142857142857,0.5357142857142857,0.0,0.4642857142857143,0.5357142857142857,0.5357142857142857,0.0,0.4642857142857143,0.5357142857142857,0.34253037150030013,0.0025906264781951904,0.6002890045482941,0.5530232754258728,0.4805194805194805,0.5974025974025974,,3.0,4.0
LSTM,scratch,9552,ocnoisy,two_hole,clean,test,chain_r+chain_s,,316,0.5791139240506329,0.0,0.4208860759493671,0.5791139240506329,0.5791139240506329,0.0,0.4208860759493671,0.5791139240506329,0.5791139240506329,0.0,0.4208860759493671,0.5791139240506329,0.4563512980136313,0.05059821903705597,0.6974544390333414,0.5975254366287454,0.5189082278481013,0.6329905063291139,,3.0,5.0
LSTM,scratch,9552,ocnoisy,two_hole,clean,test,chain_r+chain_s,,312,0.4935897435897436,0.0,0.5064102564102564,0.4935897435897436,0.4935897435897436,0.0,0.5064102564102564,0.4935897435897436,0.4935897435897436,0.0,0.5064102564102564,0.4935897435897436,0.4733550077638565,-0.010973840951919556,0.7745465379985567,0.5395812787639711,0.4358173076923077,0.5448717948717948,,3.0,6.0
LSTM,scratch,9552,ocnoisy,two_hole,clean,test,chain_r+chain_s,,319,0.9435736677115988,0.0,0.05642633228840126,0.9435736677115988,0.9435736677115988,0.0,0.05642633228840126,0.9435736677115988,0.9435736677115988,0.0,0.05642633228840126,0.9435736677115988,0.652416882002989,0.1608545482158661,0.7588764134083654,0.9338253358359293,0.9153605015673981,0.9655172413793104,,4.0,1.0
LSTM,scratch,9552,ocnoisy,two_hole,clean,test,chain_r+chain_s,,297,0.8249158249158249,0.0,0.1750841750841751,0.8249158249158249,0.8249158249158249,0.0,0.1750841750841751,0.8249158249158249,0.8249158249158249,0.0,0.1750841750841751,0.8249158249158249,0.5444649242692523,0.0724010169506073,0.7611462065921284,0.8024237889557756,0.7811447811447811,0.8686868686868687,,4.0,2.0
LSTM,scratch,9552,ocnoisy,two_hole,clean,test,chain_r+chain_s,,352,0.7670454545454546,0.0,0.23295454545454544,0.7670454545454546,0.7670454545454546,0.0,0.23295454545454544,0.7670454545454546,0.7670454545454546,0.0,0.23295454545454544,0.7670454545454546,0.5430683484724299,0.041659966111183167,0.806543251598625,0.7336647727272727,0.7272727272727273,0.8068892045454544,,4.0,3.0
LSTM,scratch,9552,ocnoisy,two_hole,clean,test,chain_r+chain_s,,320,0.6125,0.0,0.3875,0.6125,0.6125,0.0,0.3875,0.6125,0.6125,0.0,0.3875,0.6125,0.3846737372223288,0.029872789978981018,0.6233217590180034,0.593505859375,0.559375,0.665703125,,4.0,5.0
LSTM,scratch,9552,ocnoisy,two_hole,clean,test,chain_r+chain_s,,348,0.41379310344827586,0.0,0.5862068965517241,0.41379310344827586,0.41379310344827586,0.0,0.5862068965517241,0.41379310344827586,0.41379310344827586,0.0,0.5862068965517241,0.41379310344827586,0.37379170710156706,-0.052980855107307434,0.7140661386422273,0.5000743162901308,0.3620689655172414,0.46551724137931033,,4.0,6.0
LSTM,scratch,9552,ocnoisy,two_hole,clean,test,chain_r+chain_s,,325,0.9230769230769231,0.0,0.07692307692307693,0.9230769230769231,0.9230769230769231,0.0,0.07692307692307693,0.9230769230769231,0.9230769230769231,0.0,0.07692307692307693,0.9230769230769231,0.6086017559124873,0.10182619094848633,0.7692123314854122,0.9043597633136095,0.8953846153846153,0.9538461538461539,,5.0,1.0
LSTM,scratch,9552,ocnoisy,two_hole,clean,test,chain_r+chain_s,,362,0.8839779005524862,0.0,0.11602209944751381,0.8839779005524862,0.8839779005524862,0.0,0.11602209944751381,0.8839779005524862,0.8839779005524862,0.0,0.11602209944751381,0.8839779005524862,0.5832192269231075,0.12161283195018768,0.767405337771051,0.8920286316046518,0.8507596685082873,0.9171270718232044,,5.0,2.0
LSTM,scratch,9552,ocnoisy,two_hole,clean,test,chain_r+chain_s,,305,0.7442622950819672,0.0,0.25573770491803277,0.7442622950819672,0.7442622950819672,0.0,0.25573770491803277,0.7442622950819672,0.7442622950819672,0.0,0.25573770491803277,0.7442622950819672,0.5322972347013286,0.055643230676651,0.8252240385298403,0.791797903789304,0.6983606557377049,0.7901639344262295,,5.0,3.0
LSTM,scratch,9552,ocnoisy,two_hole,clean,test,chain_r+chain_s,,334,0.5988023952095808,0.0,0.40119760479041916,0.5988023952095808,0.5988023952095808,0.0,0.40119760479041916,0.5988023952095808,0.5988023952095808,0.0,0.40119760479041916,0.5988023952095808,0.5912760290913953,0.022704660892486572,0.8435597909688141,0.7069722829789523,0.5479041916167665,0.6526946107784432,,5.0,4.0
LSTM,scratch,9552,ocnoisy,two_hole,clean,test,chain_r+chain_s,,333,0.4084084084084084,0.0,0.5915915915915916,0.4084084084084084,0.4084084084084084,0.0,0.5915915915915916,0.4084084084084084,0.4084084084084084,0.0,0.5915915915915916,0.4084084084084084,0.32197847438825145,-0.054436057806015015,0.6322283997563883,0.4910225540856172,0.35735735735735735,0.4624624624624625,,5.0,6.0
LSTM,scratch,9552,ocnoisy,two_hole,clean,test,chain_r+chain_s,,322,0.9472049689440993,0.0,0.052795031055900624,0.9472049689440993,0.9472049689440993,0.0,0.052795031055900624,0.9472049689440993,0.9472049689440993,0.0,0.052795031055900624,0.9472049689440993,0.6744762397839786,0.2304328978061676,0.7751340201385988,0.9422861772308168,0.922360248447205,0.968944099378882,,6.0,1.0
LSTM,scratch,9552,ocnoisy,two_hole,clean,test,chain_r+chain_s,,351,0.9601139601139601,0.0,0.039886039886039885,0.9601139601139601,0.9601139601139601,0.0,0.039886039886039885,0.9601139601139601,0.9601139601139601,0.0,0.039886039886039885,0.9601139601139601,0.6712792883401583,0.22720691561698914,0.7820620143044757,0.934789490345046,0.9401709401709402,0.9772079772079773,,6.0,2.0
LSTM,scratch,9552,ocnoisy,two_hole,clean,test,chain_r+chain_s,,327,0.9663608562691132,0.0,0.03363914373088685,0.9663608562691132,0.9663608562691132,0.0,0.03363914373088685,0.9663608562691132,0.9663608562691132,0.0,0.03363914373088685,0.9663608562691132,0.755007991778012,0.2101154625415802,0.8295639627412037,0.9563916243488669,0.944954128440367,0.9847094801223242,,6.0,3.0
LSTM,scratch,9552,ocnoisy,two_hole,clean,test,chain_r+chain_s,,299,0.9632107023411371,0.0,0.03678929765886288,0.9632107023411371,0.9632107023411371,0.0,0.03678929765886288,0.9632107023411371,0.9632107023411371,0.0,0.03678929765886288,0.9632107023411371,0.6319006037054253,0.15660852193832397,0.7926849219787897,0.9004709119584793,0.9431438127090301,0.9832775919732442,,6.0,4.0
LSTM,scratch,9552,ocnoisy,two_hole,clean,test,chain_r+chain_s,,333,0.954954954954955,0.0,0.04504504504504504,0.954954954954955,0.954954954954955,0.0,0.04504504504504504,0.954954954954955,0.954954954954955,0.0,0.04504504504504504,0.954954954954955,0.6404400705933213,0.14861813187599182,0.7788734020411585,0.9177646114583051,0.933933933933934,0.975975975975976,,6.0,5.0
LSTM,scratch,9552,ocnoisy,two_hole,heldout,val,orientation,1.0,1030,0.5349514563106796,0.0,0.4650485436893204,0.5349514563106796,0.5349514563106796,0.0,0.4650485436893204,0.5349514563106796,0.5349514563106796,0.0,0.4650485436893204,0.5349514563106796,0.023614221261542976,0.008397921919822693,0.12303335622678287,0.5291705155999623,0.503883495145631,0.5650728155339805,,,
LSTM,scratch,9552,ocnoisy,two_hole,heldout,val,orientation,2.0,970,0.7896907216494845,0.0,0.21030927835051547,0.7896907216494845,0.7896907216494845,0.0,0.21030927835051547,0.7896907216494845,0.7896907216494845,0.0,0.21030927835051547,0.7896907216494845,0.6402789837306307,0.5257865339517593,0.741918409443572,0.7847002869592944,0.7639175257731958,0.8134020618556701,,,
LSTM,scratch,9552,ocnoisy,two_hole,heldout,val,kappa_gap,,613,0.6867862969004894,0.0,0.3132137030995106,0.6867862969004894,0.6867862969004894,0.0,0.3132137030995106,0.6867862969004894,0.6867862969004894,0.0,0.3132137030995106,0.6867862969004894,0.3064567795293755,0.09090635180473328,0.5816780281296977,0.6665132035905037,0.6508972267536705,0.7243066884176182,1.0,,
LSTM,scratch,9552,ocnoisy,two_hole,heldout,val,kappa_gap,,557,0.6499102333931778,0.0,0.3500897666068223,0.6499102333931778,0.6499102333931778,0.0,0.3500897666068223,0.6499102333931778,0.6499102333931778,0.0,0.3500897666068223,0.6499102333931778,0.4025849264710339,0.07121047377586365,0.6667689384800146,0.6748128116448401,0.6086175942549371,0.6894075403949731,2.0,,
LSTM,scratch,9552,ocnoisy,two_hole,heldout,val,kappa_gap,,432,0.6643518518518519,0.0,0.33564814814814814,0.6643518518518519,0.6643518518518519,0.0,0.33564814814814814,0.6643518518518519,0.6643518518518519,0.0,0.33564814814814814,0.6643518518518519,0.3950172355398536,0.06734625995159149,0.6562365166434841,0.6892736196844993,0.6203703703703703,0.7129629629629629,3.0,,
LSTM,scratch,9552,ocnoisy,two_hole,heldout,val,kappa_gap,,251,0.6454183266932271,0.0,0.3545816733067729,0.6454183266932271,0.6454183266932271,0.0,0.3545816733067729,0.6454183266932271,0.6454183266932271,0.0,0.3545816733067729,0.6454183266932271,0.24258923649312966,0.044734954833984375,0.5389040266270866,0.6487674798812717,0.5856573705179283,0.7051792828685259,4.0,,
LSTM,scratch,9552,ocnoisy,two_hole,heldout,val,kappa_gap,,147,0.5782312925170068,0.0,0.4217687074829932,0.5782312925170068,0.5782312925170068,0.0,0.4217687074829932,0.5782312925170068,0.5782312925170068,0.0,0.4217687074829932,0.5782312925170068,0.011959919110447371,0.021967291831970215,0.1593615524472724,0.5245036790226294,0.5034013605442177,0.6598639455782312,5.0,,
LSTM,scratch,9552,ocnoisy,two_hole,heldout,val,chain_r+chain_s,,78,0.47435897435897434,0.0,0.5256410256410257,0.47435897435897434,0.47435897435897434,0.0,0.5256410256410257,0.47435897435897434,0.47435897435897434,0.0,0.5256410256410257,0.47435897435897434,0.1349963110226851,-0.002351805567741394,0.5554175761344676,0.5312294543063774,0.358974358974359,0.5769230769230769,,1.0,2.0
LSTM,scratch,9552,ocnoisy,two_hole,heldout,val,chain_r+chain_s,,73,0.4520547945205479,0.0,0.547945205479452,0.4520547945205479,0.4520547945205479,0.0,0.547945205479452,0.4520547945205479,0.4520547945205479,0.0,0.547945205479452,0.4520547945205479,0.22732632352064733,-0.008939146995544434,0.5337534038286931,0.5518859072996809,0.3424657534246575,0.5616438356164384,,1.0,3.0
LSTM,scratch,9552,ocnoisy,two_hole,heldout,val,chain_r+chain_s,,59,0.5423728813559322,0.0,0.4576271186440678,0.5423728813559322,0.5423728813559322,0.0,0.4576271186440678,0.5423728813559322,0.5423728813559322,0.0,0.4576271186440678,0.5423728813559322,0.35424346918776883,0.02660590410232544,0.5761566200583269,0.6480896294168342,0.4067796610169492,0.6610169491525424,,1.0,4.0
LSTM,scratch,9552,ocnoisy,two_hole,heldout,val,chain_r+chain_s,,64,0.65625,0.0,0.34375,0.65625,0.65625,0.0,0.34375,0.65625,0.65625,0.0,0.34375,0.65625,0.2800461802398786,0.053978756070137024,0.5568639878802291,0.621337890625,0.53125,0.765625,,1.0,5.0
LSTM,scratch,9552,ocnoisy,two_hole,heldout,val,chain_r+chain_s,,65,0.5846153846153846,0.0,0.4153846153846154,0.5846153846153846,0.5846153846153846,0.0,0.4153846153846154,0.5846153846153846,0.5846153846153846,0.0,0.4153846153846154,0.5846153846153846,0.20655305064641513,0.06562873721122742,0.5137826123102684,0.5540828402366864,0.47692307692307695,0.7076923076923077,,1.0,6.0
LSTM,scratch,9552,ocnoisy,two_hole,heldout,val,chain_r+chain_s,,70,0.7428571428571429,0.0,0.2571428571428571,0.7428571428571429,0.7428571428571429,0.0,0.2571428571428571,0.7428571428571429,0.7428571428571429,0.0,0.2571428571428571,0.7428571428571429,0.4359226243836539,0.055388376116752625,0.6868146018153521,0.7138775510204082,0.6428571428571429,0.8285714285714286,,2.0,1.0
LSTM,scratch,9552,ocnoisy,two_hole,heldout,val,chain_r+chain_s,,75,0.56,0.0,0.44,0.56,0.56,0.0,0.44,0.56,0.56,0.0,0.44,0.56,0.21861490031083425,0.008192241191864014,0.5045598697638007,0.5998222222222223,0.44,0.6666666666666666,,2.0,3.0
LSTM,scratch,9552,ocnoisy,two_hole,heldout,val,chain_r+chain_s,,70,0.5571428571428572,0.0,0.44285714285714284,0.5571428571428572,0.5571428571428572,0.0,0.44285714285714284,0.5571428571428572,0.5571428571428572,0.0,0.44285714285714284,0.5571428571428572,0.2364117158310754,0.013623565435409546,0.5514411772436645,0.5922448979591837,0.4425,0.6714285714285714,,2.0,4.0
LSTM,scratch,9552,ocnoisy,two_hole,heldout,val,chain_r+chain_s,,73,0.6575342465753424,0.0,0.3424657534246575,0.6575342465753424,0.6575342465753424,0.0,0.3424657534246575,0.6575342465753424,0.6575342465753424,0.0,0.3424657534246575,0.6575342465753424,0.4013136491587717,0.07459557056427002,0.6156361232737654,0.6682304372302496,0.5339041095890411,0.7537671232876709,,2.0,5.0
LSTM,scratch,9552,ocnoisy,two_hole,heldout,val,chain_r+chain_s,,73,0.5616438356164384,0.0,0.4383561643835616,0.5616438356164384,0.5616438356164384,0.0,0.4383561643835616,0.5616438356164384,0.5616438356164384,0.0,0.4383561643835616,0.5616438356164384,0.22784937489522647,0.05618080496788025,0.5118334404662045,0.5871645712141115,0.4383561643835616,0.684931506849315,,2.0,6.0
LSTM,scratch,9552,ocnoisy,two_hole,heldout,val,chain_r+chain_s,,73,0.821917808219178,0.0,0.1780821917808219,0.821917808219178,0.821917808219178,0.0,0.1780821917808219,0.821917808219178,0.821917808219178,0.0,0.1780821917808219,0.821917808219178,0.2981452596922443,0.10889852046966553,0.54345366578378,0.7142052917995871,0.7393835616438356,0.9041095890410958,,3.0,1.0
LSTM,scratch,9552,ocnoisy,two_hole,heldout,val,chain_r+chain_s,,64,0.765625,0.0,0.234375,0.765625,0.765625,0.0,0.234375,0.765625,0.765625,0.0,0.234375,0.765625,0.2839683888014406,0.04088699817657471,0.5088867986321165,0.67724609375,0.65625,0.859375,,3.0,2.0
LSTM,scratch,9552,ocnoisy,two_hole,heldout,val,chain_r+chain_s,,67,0.5671641791044776,0.0,0.43283582089552236,0.5671641791044776,0.5671641791044776,0.0,0.43283582089552236,0.5671641791044776,0.5671641791044776,0.0,0.43283582089552236,0.5671641791044776,0.2291818489112071,0.02403438091278076,0.5255892878850591,0.6081532635330809,0.44776119402985076,0.6865671641791045,,3.0,4.0
LSTM,scratch,9552,ocnoisy,two_hole,heldout,val,chain_r+chain_s,,71,0.6197183098591549,0.0,0.38028169014084506,0.6197183098591549,0.6197183098591549,0.0,0.38028169014084506,0.6197183098591549,0.6197183098591549,0.0,0.38028169014084506,0.6197183098591549,0.3072361609255764,0.06928664445877075,0.6455474108568354,0.6580043642134498,0.5070422535211268,0.7323943661971831,,3.0,5.0
LSTM,scratch,9552,ocnoisy,two_hole,heldout,val,chain_r+chain_s,,62,0.5,0.0,0.5,0.5,0.5,0.0,0.5,0.5,0.5,0.0,0.5,0.5,0.21524553625814377,0.01561826467514038,0.5626235633334554,0.5291363163371487,0.3870967741935484,0.6290322580645161,,3.0,6.0
LSTM,scratch,9552,ocnoisy,two_hole,heldout,val,chain_r+chain_s,,67,0.8656716417910447,0.0,0.13432835820895522,0.8656716417910447,0.8656716417910447,0.0,0.13432835820895522,0.8656716417910447,0.8656716417910447,0.0,0.13432835820895522,0.8656716417910447,0.6583772855463312,0.18272125720977783,0.7287868989027934,0.8053018489641346,0.7761194029850746,0.9402985074626866,,4.0,1.0
LSTM,scratch,9552,ocnoisy,two_hole,heldout,val,chain_r+chain_s,,62,0.7419354838709677,0.0,0.25806451612903225,0.7419354838709677,0.7419354838709677,0.0,0.25806451612903225,0.7419354838709677,0.7419354838709677,0.0,0.25806451612903225,0.7419354838709677,0.4417056193755519,0.053816840052604675,0.7106210731358552,0.7286680541103018,0.6290322580645161,0.8548387096774194,,4.0,2.0
LSTM,scratch,9552,ocnoisy,two_hole,heldout,val,chain_r+chain_s,,58,0.6724137931034483,0.0,0.3275862068965517,0.6724137931034483,0.6724137931034483,0.0,0.3275862068965517,0.6724137931034483,0.6724137931034483,0.0,0.3275862068965517,0.6724137931034483,0.39853954713406237,0.04552103579044342,0.6821645675044972,0.6899524375743163,0.5517241379310345,0.7931034482758621,,4.0,3.0
LSTM,scratch,9552,ocnoisy,two_hole,heldout,val,chain_r+chain_s,,72,0.6388888888888888,0.0,0.3611111111111111,0.6388888888888888,0.6388888888888888,0.0,0.3611111111111111,0.6388888888888888,0.6388888888888888,0.0,0.3611111111111111,0.6388888888888888,0.1839548730187946,0.03408363461494446,0.4731353195149091,0.5958719135802469,0.5277777777777778,0.75,,4.0,5.0
LSTM,scratch,9552,ocnoisy,two_hole,heldout,val,chain_r+chain_s,,73,0.5205479452054794,0.0,0.4794520547945205,0.5205479452054794,0.5205479452054794,0.0,0.4794520547945205,0.5205479452054794,0.5205479452054794,0.0,0.4794520547945205,0.5205479452054794,0.21647416667578973,0.01051512360572815,0.5072939695186105,0.5697128917245262,0.3972602739726027,0.6301369863013698,,4.0,6.0
LSTM,scratch,9552,ocnoisy,two_hole,heldout,val,chain_r+chain_s,,63,0.7936507936507936,0.0,0.20634920634920634,0.7936507936507936,0.7936507936507936,0.0,0.20634920634920634,0.7936507936507936,0.7936507936507936,0.0,0.20634920634920634,0.7936507936507936,0.35891043879683054,0.05069464445114136,0.5878564044874064,0.7137818090199042,0.6984126984126984,0.8888888888888888,,5.0,1.0
LSTM,scratch,9552,ocnoisy,two_hole,heldout,val,chain_r+chain_s,,57,0.7894736842105263,0.0,0.21052631578947367,0.7894736842105263,0.7894736842105263,0.0,0.21052631578947367,0.7894736842105263,0.7894736842105263,0.0,0.21052631578947367,0.7894736842105263,0.31568092264627157,0.08956268429756165,0.5505070889720785,0.734379809172053,0.6837719298245615,0.8771929824561403,,5.0,2.0
LSTM,scratch,9552,ocnoisy,two_hole,heldout,val,chain_r+chain_s,,67,0.8059701492537313,0.0,0.19402985074626866,0.8059701492537313,0.8059701492537313,0.0,0.19402985074626866,0.8059701492537313,0.8059701492537313,0.0,0.19402985074626866,0.8059701492537313,0.40898697122709077,0.0509648323059082,0.6870650781476622,0.707284473156605,0.7164179104477612,0.8955223880597015,,5.0,3.0
LSTM,scratch,9552,ocnoisy,two_hole,heldout,val,chain_r+chain_s,,65,0.46153846153846156,0.0,0.5384615384615384,0.46153846153846156,0.46153846153846156,0.0,0.5384615384615384,0.46153846153846156,0.46153846153846156,0.0,0.5384615384615384,0.46153846153846156,0.2602796093775676,-0.005120366811752319,0.6375940881427101,0.615621301775148,0.3384615384615385,0.5846153846153846,,5.0,4.0
LSTM,scratch,9552,ocnoisy,two_hole,heldout,val,chain_r+chain_s,,65,0.35384615384615387,0.0,0.6461538461538462,0.35384615384615387,0.35384615384615387,0.0,0.6461538461538462,0.35384615384615387,0.35384615384615387,0.0,0.6461538461538462,0.35384615384615387,0.13775290285165492,-0.06855818629264832,0.5078035587605213,0.466508875739645,0.24615384615384617,0.46153846153846156,,5.0,6.0
LSTM,scratch,9552,ocnoisy,two_hole,heldout,val,chain_r+chain_s,,52,0.9230769230769231,0.0,0.07692307692307693,0.9230769230769231,0.9230769230769231,0.0,0.07692307692307693,0.9230769230769231,0.9230769230769231,0.0,0.07692307692307693,0.9230769230769231,0.6030732742868937,0.19961678981781006,0.662174478415746,0.8805473372781065,0.8461538461538461,0.9807692307692307,,6.0,1.0
LSTM,scratch,9552,ocnoisy,two_hole,heldout,val,chain_r+chain_s,,65,0.8923076923076924,0.0,0.1076923076923077,0.8923076923076924,0.8923076923076924,0.0,0.1076923076923077,0.8923076923076924,0.8923076923076924,0.0,0.1076923076923077,0.8923076923076924,0.5412018280762892,0.17936915159225464,0.6696874442294469,0.8158579881656804,0.8153846153846154,0.9692307692307692,,6.0,2.0
LSTM,scratch,9552,ocnoisy,two_hole,heldout,val,chain_r+chain_s,,79,0.810126582278481,0.0,0.189873417721519,0.810126582278481,0.810126582278481,0.0,0.189873417721519,0.810126582278481,0.810126582278481,0.0,0.189873417721519,0.810126582278481,0.3639714580170716,0.16220423579216003,0.550908132459208,0.7335362922608557,0.7215189873417721,0.8987341772151899,,6.0,3.0
LSTM,scratch,9552,ocnoisy,two_hole,heldout,val,chain_r+chain_s,,56,0.75,0.0,0.25,0.75,0.75,0.0,0.25,0.75,0.75,0.0,0.25,0.75,0.388366525726659,0.11709292232990265,0.6646399967728952,0.7445790816326531,0.6428571428571429,0.8571428571428571,,6.0,4.0
LSTM,scratch,9552,ocnoisy,two_hole,heldout,val,chain_r+chain_s,,62,0.8064516129032258,0.0,0.1935483870967742,0.8064516129032258,0.8064516129032258,0.0,0.1935483870967742,0.8064516129032258,0.8064516129032258,0.0,0.1935483870967742,0.8064516129032258,0.5096610748479443,0.17409752309322357,0.7582794765795868,0.7879812695109261,0.7096774193548387,0.9032258064516129,,6.0,5.0
LSTM,scratch,9552,ocnoisy,two_hole,heldout,test,orientation,1.0,5051,0.5763215204909918,0.0,0.4236784795090081,0.5763215204909918,0.5763215204909918,0.0,0.4236784795090081,0.5763215204909918,0.5763215204909918,0.0,0.4236784795090081,0.5763215204909918,0.02999421574029326,0.015599489212036133,0.12834592300525535,0.5434076674502925,0.5628588398336963,0.5897842011482874,,,
LSTM,scratch,9552,ocnoisy,two_hole,heldout,test,orientation,2.0,4949,0.7973327945039402,0.0,0.20266720549605982,0.7973327945039402,0.7973327945039402,0.0,0.20266720549605982,0.7973327945039402,0.7973327945039402,0.0,0.20266720549605982,0.7973327945039402,0.6554465404927887,0.535294309258461,0.7153391811225617,0.7932698123812983,0.7864214992927864,0.8084461507375227,,,
LSTM,scratch,9552,ocnoisy,two_hole,heldout,test,kappa_gap,,3321,0.6991869918699187,0.0,0.3008130081300813,0.6991869918699187,0.6991869918699187,0.0,0.3008130081300813,0.6991869918699187,0.6991869918699187,0.0,0.3008130081300813,0.6991869918699187,0.33368091074566425,0.09116563200950623,0.5649004244672121,0.6792596019907805,0.683227943390545,0.714551339957844,1.0,,
LSTM,scratch,9552,ocnoisy,two_hole,heldout,test,kappa_gap,,2689,0.7028635180364448,0.0,0.29713648196355524,0.7028635180364448,0.7028635180364448,0.0,0.29713648196355524,0.7028635180364448,0.7028635180364448,0.0,0.29713648196355524,0.7028635180364448,0.40768529626018896,0.08556914329528809,0.6413915208729893,0.6960381959143493,0.6857567869096318,0.7199702491632577,2.0,,
LSTM,scratch,9552,ocnoisy,two_hole,heldout,test,kappa_gap,,2008,0.6837649402390438,0.0,0.31623505976095617,0.6837649402390438,0.6837649402390438,0.0,0.31623505976095617,0.6837649402390438,0.6837649402390438,0.0,0.31623505976095617,0.6837649402390438,0.40439288350438096,0.07157997786998749,0.6627514474308661,0.6915667757257821,0.6633466135458167,0.7046812749003984,3.0,,
LSTM,scratch,9552,ocnoisy,two_hole,heldout,test,kappa_gap,,1313,0.6763137852246763,0.0,0.32368621477532367,0.6763137852246763,0.6763137852246763,0.0,0.32368621477532367,0.6763137852246763,0.6763137852246763,0.0,0.32368621477532367,0.6763137852246763,0.27198983867342746,0.06411343812942505,0.5693998125060316,0.6729308937689714,0.6511805026656512,0.7022277227722772,4.0,,
LSTM,scratch,9552,ocnoisy,two_hole,heldout,test,kappa_gap,,669,0.5739910313901345,0.0,0.4260089686098655,0.5739910313901345,0.5739910313901345,0.0,0.4260089686098655,0.5739910313901345,0.5739910313901345,0.0,0.4260089686098655,0.5739910313901345,0.032499369384194704,0.021530479192733765,0.21089284113496926,0.545130161028329,0.5366218236173393,0.6113602391629297,5.0,,
LSTM,scratch,9552,ocnoisy,two_hole,heldout,test,chain_r+chain_s,,352,0.5880681818181818,0.0,0.4119318181818182,0.5880681818181818,0.5880681818181818,0.0,0.4119318181818182,0.5880681818181818,0.5880681818181818,0.0,0.4119318181818182,0.5880681818181818,0.24804198337634178,0.011808827519416809,0.5372197393448374,0.5906588972107438,0.5397727272727273,0.6363636363636364,,1.0,2.0
LSTM,scratch,9552,ocnoisy,two_hole,heldout,test,chain_r+chain_s,,326,0.5766871165644172,0.0,0.4233128834355828,0.5766871165644172,0.5766871165644172,0.0,0.4233128834355828,0.5766871165644172,0.5766871165644172,0.0,0.4233128834355828,0.5766871165644172,0.3076281422074953,0.02151474356651306,0.5802745638297928,0.6166020550265348,0.5214723926380368,0.6288343558282209,,1.0,3.0
LSTM,scratch,9552,ocnoisy,two_hole,heldout,test,chain_r+chain_s,,323,0.5386996904024768,0.0,0.4613003095975232,0.5386996904024768,0.5386996904024768,0.0,0.4613003095975232,0.5386996904024768,0.5386996904024768,0.0,0.4613003095975232,0.5386996904024768,0.2778954788027533,0.012993700802326202,0.5647175662066714,0.5921651697993846,0.48297213622291024,0.5944272445820433,,1.0,4.0
LSTM,scratch,9552,ocnoisy,two_hole,heldout,test,chain_r+chain_s,,334,0.6526946107784432,0.0,0.3473053892215569,0.6526946107784432,0.6526946107784432,0.0,0.3473053892215569,0.6526946107784432,0.6526946107784432,0.0,0.3473053892215569,0.6526946107784432,0.31120878069879054,0.0718839168548584,0.5350589692589659,0.6455053963928431,0.6017964071856288,0.7035928143712575,,1.0,5.0
LSTM,scratch,9552,ocnoisy,two_hole,heldout,test,chain_r+chain_s,,339,0.6106194690265486,0.0,0.3893805309734513,0.6106194690265486,0.6106194690265486,0.0,0.3893805309734513,0.6106194690265486,0.6106194690265486,0.0,0.3893805309734513,0.6106194690265486,0.2569019633584318,0.06710293889045715,0.5239441033509767,0.6128209813698106,0.5575221238938053,0.6607669616519174,,1.0,6.0
LSTM,scratch,9552,ocnoisy,two_hole,heldout,test,chain_r+chain_s,,353,0.7677053824362606,0.0,0.23229461756373937,0.7677053824362606,0.7677053824362606,0.0,0.23229461756373937,0.7677053824362606,0.7677053824362606,0.0,0.23229461756373937,0.7677053824362606,0.47954783394468403,0.08106261491775513,0.6501809547639864,0.7364716834257559,0.7223796033994334,0.8101983002832861,,2.0,1.0
LSTM,scratch,9552,ocnoisy,two_hole,heldout,test,chain_r+chain_s,,316,0.5284810126582279,0.0,0.47151898734177217,0.5284810126582279,0.5284810126582279,0.0,0.47151898734177217,0.5284810126582279,0.5284810126582279,0.0,0.47151898734177217,0.5284810126582279,0.2579393956008591,0.001751035451889038,0.5664596109062583,0.5918422528440955,0.47776898734177214,0.5886075949367089,,2.0,3.0
LSTM,scratch,9552,ocnoisy,two_hole,heldout,test,chain_r+chain_s,,325,0.5815384615384616,0.0,0.41846153846153844,0.5815384615384616,0.5815384615384616,0.0,0.41846153846153844,0.5815384615384616,0.5815384615384616,0.0,0.41846153846153844,0.5815384615384616,0.2808644457046802,0.02724325656890869,0.5633062730518053,0.6270201183431953,0.5291538461538462,0.6338461538461538,,2.0,4.0
LSTM,scratch,9552,ocnoisy,two_hole,heldout,test,chain_r+chain_s,,297,0.6801346801346801,0.0,0.31986531986531985,0.6801346801346801,0.6801346801346801,0.0,0.31986531986531985,0.6801346801346801,0.6801346801346801,0.0,0.31986531986531985,0.6801346801346801,0.31719996692355634,0.06516721844673157,0.5422009513460595,0.6559308007119455,0.6262626262626263,0.734006734006734,,2.0,5.0
LSTM,scratch,9552,ocnoisy,two_hole,heldout,test,chain_r+chain_s,,341,0.5953079178885631,0.0,0.4046920821114369,0.5953079178885631,0.5953079178885631,0.0,0.4046920821114369,0.5953079178885631,0.5953079178885631,0.0,0.4046920821114369,0.5953079178885631,0.2690014316757753,0.08258020877838135,0.5212798799985414,0.6136600132437801,0.5454545454545454,0.6480938416422287,,2.0,6.0
LSTM,scratch,9552,ocnoisy,two_hole,heldout,test,chain_r+chain_s,,345,0.7797101449275362,0.0,0.22028985507246376,0.7797101449275362,0.7797101449275362,0.0,0.22028985507246376,0.7797101449275362,0.7797101449275362,0.0,0.22028985507246376,0.7797101449275362,0.4317444774983586,0.12176063656806946,0.6193568892662892,0.7358790170132326,0.736159420289855,0.8232608695652173,,3.0,1.0
LSTM,scratch,9552,ocnoisy,two_hole,heldout,test,chain_r+chain_s,,346,0.7167630057803468,0.0,0.2832369942196532,0.7167630057803468,0.7167630057803468,0.0,0.2832369942196532,0.7167630057803468,0.7167630057803468,0.0,0.2832369942196532,0.7167630057803468,0.363854115452036,0.04458744823932648,0.5971049011028948,0.6883123392027799,0.6704479768786127,0.7658959537572254,,3.0,2.0
LSTM,scratch,9552,ocnoisy,two_hole,heldout,test,chain_r+chain_s,,346,0.569364161849711,0.0,0.430635838150289,0.569364161849711,0.569364161849711,0.0,0.430635838150289,0.569364161849711,0.569364161849711,0.0,0.430635838150289,0.569364161849711,0.1947219074849104,0.01928286999464035,0.49975411116235574,0.5864337264860169,0.5173410404624278,0.6213872832369942,,3.0,4.0
LSTM,scratch,9552,ocnoisy,two_hole,heldout,test,chain_r+chain_s,,336,0.7023809523809523,0.0,0.2976190476190476,0.7023809523809523,0.7023809523809523,0.0,0.2976190476190476,0.7023809523809523,0.7023809523809523,0.0,0.2976190476190476,0.7023809523809523,0.28716142661869526,0.07214240729808807,0.5526194530681827,0.658172123015873,0.6547619047619048,0.75,,3.0,5.0
LSTM,scratch,9552,ocnoisy,two_hole,heldout,test,chain_r+chain_s,,375,0.5573333333333333,0.0,0.44266666666666665,0.5573333333333333,0.5573333333333333,0.0,0.44266666666666665,0.5573333333333333,0.5573333333333333,0.0,0.44266666666666665,0.5573333333333333,0.2505208325187365,0.033172011375427246,0.5488750454387714,0.5835733333333333,0.5093333333333333,0.608,,3.0,6.0
LSTM,scratch,9552,ocnoisy,two_hole,heldout,test,chain_r+chain_s,,346,0.838150289017341,0.0,0.16184971098265896,0.838150289017341,0.838150289017341,0.0,0.16184971098265896,0.838150289017341,0.838150289017341,0.0,0.16184971098265896,0.838150289017341,0.46132097264073485,0.11597004532814026,0.6449118839882556,0.7641835677770725,0.7976878612716763,0.8757225433526011,,4.0,1.0
LSTM,scratch,9552,ocnoisy,two_hole,heldout,test,chain_r+chain_s,,303,0.7887788778877888,0.0,0.21122112211221122,0.7887788778877888,0.7887788778877888,0.0,0.21122112211221122,0.7887788778877888,0.7887788778877888,0.0,0.21122112211221122,0.7887788778877888,0.3734394540831988,0.07691743969917297,0.5866432464581702,0.7114117352329292,0.7425742574257426,0.834983498349835,,4.0,2.0
LSTM,scratch,9552,ocnoisy,two_hole,heldout,test,chain_r+chain_s,,325,0.7384615384615385,0.0,0.26153846153846155,0.7384615384615385,0.7384615384615385,0.0,0.26153846153846155,0.7384615384615385,0.7384615384615385,0.0,0.26153846153846155,0.7384615384615385,0.32455597469439873,0.04628220200538635,0.5939773514354715,0.6723218934911243,0.6891538461538461,0.7846153846153846,,4.0,3.0
LSTM,scratch,9552,ocnoisy,two_hole,heldout,test,chain_r+chain_s,,345,0.6666666666666666,0.0,0.3333333333333333,0.6666666666666666,0.6666666666666666,0.0,0.3333333333333333,0.6666666666666666,0.6666666666666666,0.0,0.3333333333333333,0.6666666666666666,0.2171186776480813,0.04611828923225403,0.4842639188771495,0.6081747532031087,0.6202898550724638,0.7130434782608696,,4.0,5.0
LSTM,scratch,9552,ocnoisy,two_hole,heldout,test,chain_r+chain_s,,352,0.5426136363636364,0.0,0.45738636363636365,0.5426136363636364,0.5426136363636364,0.0,0.45738636363636365,0.5426136363636364,0.5426136363636364,0.0,0.45738636363636365,0.5426136363636364,0.2790903467684984,0.032455697655677795,0.5603821323578041,0.6002550361570247,0.4914772727272727,0.5965909090909091,,4.0,6.0
LSTM,scratch,9552,ocnoisy,two_hole,heldout,test,chain_r+chain_s,,294,0.7993197278911565,0.0,0.20068027210884354,0.7993197278911565,0.7993197278911565,0.0,0.20068027210884354,0.7993197278911565,0.7993197278911565,0.0,0.20068027210884354,0.7993197278911565,0.4567380037893649,0.09184882044792175,0.6386433983561421,0.767469572863159,0.7551020408163265,0.8435374149659864,,5.0,1.0
LSTM,scratch,9552,ocnoisy,two_hole,heldout,test,chain_r+chain_s,,325,0.7692307692307693,0.0,0.23076923076923078,0.7692307692307693,0.7692307692307693,0.0,0.23076923076923078,0.7692307692307693,0.7692307692307693,0.0,0.23076923076923078,0.7692307692307693,0.3669711524248123,0.0717962384223938,0.6123262424021296,0.7094153846153847,0.7260769230769231,0.8153846153846154,,5.0,2.0
LSTM,scratch,9552,ocnoisy,two_hole,heldout,test,chain_r+chain_s,,325,0.6923076923076923,0.0,0.3076923076923077,0.6923076923076923,0.6923076923076923,0.0,0.3076923076923077,0.6923076923076923,0.6923076923076923,0.0,0.3076923076923077,0.6923076923076923,0.4037451198238593,0.04587218165397644,0.691739039489792,0.6964449704142012,0.6430769230769231,0.7415384615384616,,5.0,3.0
LSTM,scratch,9552,ocnoisy,two_hole,heldout,test,chain_r+chain_s,,319,0.6018808777429467,0.0,0.3981191222570533,0.6018808777429467,0.6018808777429467,0.0,0.3981191222570533,0.6018808777429467,0.6018808777429467,0.0,0.3981191222570533,0.6018808777429467,0.37138111915053995,0.01536974310874939,0.670748976530532,0.6785507217892905,0.54858934169279,0.658307210031348,,5.0,4.0
LSTM,scratch,9552,ocnoisy,two_hole,heldout,test,chain_r+chain_s,,324,0.4506172839506173,0.0,0.5493827160493827,0.4506172839506173,0.4506172839506173,0.0,0.5493827160493827,0.4506172839506173,0.4506172839506173,0.0,0.5493827160493827,0.4506172839506173,0.19555746090172985,-0.03256958723068237,0.51120716422345,0.5320835238530712,0.39814814814814814,0.5030864197530864,,5.0,6.0
LSTM,scratch,9552,ocnoisy,two_hole,heldout,test,chain_r+chain_s,,295,0.8745762711864407,0.0,0.12542372881355932,0.8745762711864407,0.8745762711864407,0.0,0.12542372881355932,0.8745762711864407,0.8745762711864407,0.0,0.12542372881355932,0.8745762711864407,0.5592229620632478,0.1910797655582428,0.7037231988207009,0.8285435219764435,0.8338983050847457,0.911864406779661,,6.0,1.0
LSTM,scratch,9552,ocnoisy,two_hole,heldout,test,chain_r+chain_s,,351,0.8461538461538461,0.0,0.15384615384615385,0.8461538461538461,0.8461538461538461,0.0,0.15384615384615385,0.8461538461538461,0.8461538461538461,0.0,0.15384615384615385,0.8461538461538461,0.4508066287959403,0.16263362765312195,0.660412175993478,0.7904400126622348,0.8091168091168092,0.8831908831908832,,6.0,2.0
LSTM,scratch,9552,ocnoisy,two_hole,heldout,test,chain_r+chain_s,,323,0.8080495356037152,0.0,0.19195046439628483,0.8080495356037152,0.8080495356037152,0.0,0.19195046439628483,0.8080495356037152,0.8080495356037152,0.0,0.19195046439628483,0.8080495356037152,0.35141968512590455,0.13906997442245483,0.5957926939387879,0.7592615667743389,0.7647058823529411,0.8513931888544891,,6.0,3.0
LSTM,scratch,9552,ocnoisy,two_hole,heldout,test,chain_r+chain_s,,365,0.8438356164383561,0.0,0.15616438356164383,0.8438356164383561,0.8438356164383561,0.0,0.15616438356164383,0.8438356164383561,0.8438356164383561,0.0,0.15616438356164383,0.8438356164383561,0.4280583026678595,0.12664097547531128,0.6833562357291572,0.7622293113154438,0.8054794520547945,0.8821917808219178,,6.0,4.0
LSTM,scratch,9552,ocnoisy,two_hole,heldout,test,chain_r+chain_s,,354,0.8757062146892656,0.0,0.12429378531073447,0.8757062146892656,0.8757062146892656,0.0,0.12429378531073447,0.8757062146892656,0.8757062146892656,0.0,0.12429378531073447,0.8757062146892656,0.43873254323409777,0.14255547523498535,0.6552850332566749,0.7995467458265505,0.8418079096045198,0.9067796610169492,,6.0,5.0
